# File generated by ImageToStl.com - Free Image and 3D model conversion tools

o obj1
v 105.15203094 107.57358551 3.75
v 96.96699524 115.75862885 3.75
v 105.15203094 107.57358551 0
v 96.96699524 115.75862885 0
v 96.96699524 99.3885498 3.75
v 96.96699524 99.3885498 0
v 92.25 132.25485229 3.75
v 92.25 125.31874847 3.75
v 92.25 132.25485229 0
v 92.25 125.31874847 0
v 96.96699524 136.97183228 3.75
v 96.96699524 136.97183228 0
v 107.57359314 126.365242 3.75
v 99.3885498 118.18019867 3.75
v 107.57359314 126.365242 0
v 99.3885498 118.18019867 0
v 115.75862885 118.18019867 3.75
v 115.75862885 118.18019867 0
v 109.99514771 107.57358551 3.75
v 118.18019867 99.3885498 3.75
v 109.99514771 107.57358551 0
v 118.18019867 99.3885498 0
v 118.18019867 115.75862885 3.75
v 118.18019867 115.75862885 0
v 92.25 120.47563171 3.75
v 92.25 115.884758 3.75
v 92.25 120.47563171 0
v 92.25 115.884758 0
v 99.3885498 96.96698761 3.75
v 104.10553741 92.25 3.75
v 99.3885498 96.96698761 0
v 104.10553741 92.25 0
v 107.57359314 105.15203094 3.75
v 107.57359314 105.15203094 0
v 92.25 141.68882751 3.75
v 92.25 137.09797668 3.75
v 92.25 141.68882751 0
v 92.25 137.09797668 0
v 99.26242065 92.25 3.75
v 96.96699524 94.54544067 3.75
v 99.26242065 92.25 0
v 96.96699524 94.54544067 0
v 94.54544067 96.96698761 3.75
v 92.25 99.26242065 3.75
v 94.54544067 96.96698761 0
v 92.25 99.26242065 0
v 118.18019867 94.54544067 3.75
v 115.884758 92.25 3.75
v 118.18019867 94.54544067 0
v 115.884758 92.25 0
v 120.60176086 96.96698761 3.75
v 125.31874847 92.25 3.75
v 120.60176086 96.96698761 0
v 125.31874847 92.25 0
v 128.7868042 105.15203094 3.75
v 128.7868042 105.15203094 0
v 139.3934021 94.54544067 3.75
v 137.09797668 92.25 3.75
v 139.3934021 94.54544067 0
v 137.09797668 92.25 0
v 141.81495667 96.96698761 3.75
v 146.5319519 92.25 3.75
v 141.81495667 96.96698761 0
v 146.5319519 92.25 0
v 150 105.15203094 3.75
v 150 105.15203094 0
v 160.6065979 94.54544067 3.75
v 158.31117249 92.25 3.75
v 160.6065979 94.54544067 0
v 158.31117249 92.25 0
v 131.20835876 107.57358551 3.75
v 139.3934021 99.3885498 3.75
v 131.20835876 107.57358551 0
v 139.3934021 99.3885498 0
v 139.3934021 115.75862885 3.75
v 139.3934021 115.75862885 0
v 120.60176086 118.18019867 3.75
v 128.7868042 109.99514771 3.75
v 120.60176086 118.18019867 0
v 128.7868042 109.99514771 0
v 128.7868042 126.365242 3.75
v 128.7868042 126.365242 0
v 118.18019867 136.97183228 3.75
v 109.99514771 128.7868042 3.75
v 118.18019867 136.97183228 0
v 109.99514771 128.7868042 0
v 126.365242 128.7868042 3.75
v 126.365242 128.7868042 0
v 99.3885498 139.3934021 3.75
v 107.57359314 131.20835876 3.75
v 99.3885498 139.3934021 0
v 107.57359314 131.20835876 0
v 107.57359314 147.57844543 3.75
v 107.57359314 147.57844543 0
v 105.15203094 150 3.75
v 96.96699524 158.18504333 3.75
v 105.15203094 150 0
v 96.96699524 158.18504333 0
v 96.96699524 141.81495667 3.75
v 96.96699524 141.81495667 0
v 92.25 162.90202332 3.75
v 92.25 158.31117249 3.75
v 92.25 162.90202332 0
v 92.25 158.31117249 0
v 105.15203094 171.2131958 3.75
v 96.96699524 179.39823914 3.75
v 105.15203094 171.2131958 0
v 96.96699524 179.39823914 0
v 96.96699524 163.02816772 3.75
v 96.96699524 163.02816772 0
v 107.57359314 168.79164124 3.75
v 99.3885498 160.6065979 3.75
v 107.57359314 168.79164124 0
v 99.3885498 160.6065979 0
v 115.75862885 160.6065979 3.75
v 115.75862885 160.6065979 0
v 109.99514771 150 3.75
v 118.18019867 141.81495667 3.75
v 109.99514771 150 0
v 118.18019867 141.81495667 0
v 118.18019867 158.18504333 3.75
v 118.18019867 158.18504333 0
v 128.7868042 147.57844543 3.75
v 120.60176086 139.3934021 3.75
v 128.7868042 147.57844543 0
v 120.60176086 139.3934021 0
v 136.97183228 139.3934021 3.75
v 136.97183228 139.3934021 0
v 131.20835876 128.7868042 3.75
v 139.3934021 120.60176086 3.75
v 131.20835876 128.7868042 0
v 139.3934021 120.60176086 0
v 139.3934021 136.97183228 3.75
v 139.3934021 136.97183228 0
v 141.81495667 118.18019867 3.75
v 150 109.99514771 3.75
v 141.81495667 118.18019867 0
v 150 109.99514771 0
v 150 126.365242 3.75
v 150 126.365242 0
v 152.42155457 107.57358551 3.75
v 160.6065979 99.3885498 3.75
v 152.42155457 107.57358551 0
v 160.6065979 99.3885498 0
v 160.6065979 115.75862885 3.75
v 160.6065979 115.75862885 0
v 163.02816772 96.96698761 3.75
v 167.74514771 92.25 3.75
v 163.02816772 96.96698761 0
v 167.74514771 92.25 0
v 171.2131958 105.15203094 3.75
v 171.2131958 105.15203094 0
v 181.8197937 94.54544067 3.75
v 179.52436829 92.25 3.75
v 181.8197937 94.54544067 0
v 179.52436829 92.25 0
v 200.6114502 96.96698761 3.75
v 192.42640686 105.15203094 3.75
v 200.6114502 96.96698761 0
v 192.42640686 105.15203094 0
v 195.89447021 92.25 3.75
v 195.89447021 92.25 0
v 207.75 111.04163361 3.75
v 203.03300476 115.75862885 3.75
v 207.75 111.04163361 0
v 203.03300476 115.75862885 0
v 207.75 104.10553741 3.75
v 207.75 104.10553741 0
v 184.24136353 118.18019867 3.75
v 192.42640686 109.99514771 3.75
v 184.24136353 118.18019867 0
v 192.42640686 109.99514771 0
v 192.42640686 126.365242 3.75
v 192.42640686 126.365242 0
v 173.63476562 107.57358551 3.75
v 181.8197937 99.3885498 3.75
v 173.63476562 107.57358551 0
v 181.8197937 99.3885498 0
v 181.8197937 115.75862885 3.75
v 181.8197937 115.75862885 0
v 203.03300476 94.54544067 3.75
v 200.73757935 92.25 3.75
v 203.03300476 94.54544067 0
v 200.73757935 92.25 0
v 207.75 99.26242065 3.75
v 205.45455933 96.96698761 3.75
v 207.75 99.26242065 0
v 205.45455933 96.96698761 0
v 163.02816772 118.18019867 3.75
v 171.2131958 109.99514771 3.75
v 163.02816772 118.18019867 0
v 171.2131958 109.99514771 0
v 171.2131958 126.365242 3.75
v 171.2131958 126.365242 0
v 173.63476562 128.7868042 3.75
v 181.8197937 120.60176086 3.75
v 173.63476562 128.7868042 0
v 181.8197937 120.60176086 0
v 181.8197937 136.97183228 3.75
v 181.8197937 136.97183228 0
v 207.75 120.47563171 3.75
v 205.45455933 118.18019867 3.75
v 207.75 120.47563171 0
v 205.45455933 118.18019867 0
v 203.03300476 136.97183228 3.75
v 194.84796143 128.7868042 3.75
v 203.03300476 136.97183228 0
v 194.84796143 128.7868042 0
v 207.75 132.25485229 3.75
v 207.75 132.25485229 0
v 152.42155457 128.7868042 3.75
v 160.6065979 120.60176086 3.75
v 152.42155457 128.7868042 0
v 160.6065979 120.60176086 0
v 160.6065979 136.97183228 3.75
v 160.6065979 136.97183228 0
v 141.81495667 139.3934021 3.75
v 150 131.20835876 3.75
v 141.81495667 139.3934021 0
v 150 131.20835876 0
v 150 147.57844543 3.75
v 150 147.57844543 0
v 163.02816772 139.3934021 3.75
v 171.2131958 131.20835876 3.75
v 163.02816772 139.3934021 0
v 171.2131958 131.20835876 0
v 171.2131958 147.57844543 3.75
v 171.2131958 147.57844543 0
v 152.42155457 150 3.75
v 160.6065979 141.81495667 3.75
v 152.42155457 150 0
v 160.6065979 141.81495667 0
v 160.6065979 158.18504333 3.75
v 160.6065979 158.18504333 0
v 173.63476562 150 3.75
v 181.8197937 141.81495667 3.75
v 173.63476562 150 0
v 181.8197937 141.81495667 0
v 181.8197937 158.18504333 3.75
v 181.8197937 158.18504333 0
v 184.24136353 139.3934021 3.75
v 192.42640686 131.20835876 3.75
v 184.24136353 139.3934021 0
v 192.42640686 131.20835876 0
v 192.42640686 147.57844543 3.75
v 192.42640686 147.57844543 0
v 207.75 141.68882751 3.75
v 205.45455933 139.3934021 3.75
v 207.75 141.68882751 0
v 205.45455933 139.3934021 0
v 203.03300476 158.18504333 3.75
v 194.84796143 150 3.75
v 203.03300476 158.18504333 0
v 194.84796143 150 0
v 207.75 153.4680481 3.75
v 207.75 153.4680481 0
v 207.75 162.90202332 3.75
v 205.45455933 160.6065979 3.75
v 207.75 162.90202332 0
v 205.45455933 160.6065979 0
v 184.24136353 160.6065979 3.75
v 192.42640686 152.42155457 3.75
v 184.24136353 160.6065979 0
v 192.42640686 152.42155457 0
v 192.42640686 168.79164124 3.75
v 192.42640686 168.79164124 0
v 163.02816772 160.6065979 3.75
v 171.2131958 152.42155457 3.75
v 163.02816772 160.6065979 0
v 171.2131958 152.42155457 0
v 171.2131958 168.79164124 3.75
v 171.2131958 168.79164124 0
v 150 168.79164124 3.75
v 141.81495667 160.6065979 3.75
v 150 168.79164124 0
v 141.81495667 160.6065979 0
v 158.18504333 160.6065979 3.75
v 158.18504333 160.6065979 0
v 139.3934021 158.18504333 3.75
v 131.20835876 150 3.75
v 139.3934021 158.18504333 0
v 131.20835876 150 0
v 147.57844543 150 3.75
v 147.57844543 150 0
v 120.60176086 160.6065979 3.75
v 128.7868042 152.42155457 3.75
v 120.60176086 160.6065979 0
v 128.7868042 152.42155457 0
v 128.7868042 168.79164124 3.75
v 128.7868042 168.79164124 0
v 118.18019867 179.39823914 3.75
v 109.99514771 171.2131958 3.75
v 118.18019867 179.39823914 0
v 109.99514771 171.2131958 0
v 126.365242 171.2131958 3.75
v 126.365242 171.2131958 0
v 131.20835876 171.2131958 3.75
v 139.3934021 163.02816772 3.75
v 131.20835876 171.2131958 0
v 139.3934021 163.02816772 0
v 139.3934021 179.39823914 3.75
v 139.3934021 179.39823914 0
v 160.6065979 179.39823914 3.75
v 152.42155457 171.2131958 3.75
v 160.6065979 179.39823914 0
v 152.42155457 171.2131958 0
v 168.79164124 171.2131958 3.75
v 168.79164124 171.2131958 0
v 173.63476562 171.2131958 3.75
v 181.8197937 163.02816772 3.75
v 173.63476562 171.2131958 0
v 181.8197937 163.02816772 0
v 181.8197937 179.39823914 3.75
v 181.8197937 179.39823914 0
v 203.03300476 179.39823914 3.75
v 194.84796143 171.2131958 3.75
v 203.03300476 179.39823914 0
v 194.84796143 171.2131958 0
v 207.75 174.6812439 3.75
v 207.75 174.6812439 0
v 207.75 184.11523438 3.75
v 205.45455933 181.8197937 3.75
v 207.75 184.11523438 0
v 205.45455933 181.8197937 0
v 184.24136353 181.8197937 3.75
v 192.42640686 173.63476562 3.75
v 184.24136353 181.8197937 0
v 192.42640686 173.63476562 0
v 192.42640686 190.00485229 3.75
v 192.42640686 190.00485229 0
v 171.2131958 190.00485229 3.75
v 163.02816772 181.8197937 3.75
v 171.2131958 190.00485229 0
v 163.02816772 181.8197937 0
v 179.39823914 181.8197937 3.75
v 179.39823914 181.8197937 0
v 141.81495667 181.8197937 3.75
v 150 173.63476562 3.75
v 141.81495667 181.8197937 0
v 150 173.63476562 0
v 150 190.00485229 3.75
v 150 190.00485229 0
v 128.7868042 190.00485229 3.75
v 120.60176086 181.8197937 3.75
v 128.7868042 190.00485229 0
v 120.60176086 181.8197937 0
v 136.97183228 181.8197937 3.75
v 136.97183228 181.8197937 0
v 107.57359314 190.00485229 3.75
v 99.3885498 181.8197937 3.75
v 107.57359314 190.00485229 0
v 99.3885498 181.8197937 0
v 115.75862885 181.8197937 3.75
v 115.75862885 181.8197937 0
v 92.25 184.11523438 3.75
v 92.25 179.52436829 3.75
v 92.25 184.11523438 0
v 92.25 179.52436829 0
v 105.15203094 192.42640686 3.75
v 96.96699524 200.6114502 3.75
v 105.15203094 192.42640686 0
v 96.96699524 200.6114502 0
v 96.96699524 184.24136353 3.75
v 96.96699524 184.24136353 0
v 118.18019867 200.6114502 3.75
v 109.99514771 192.42640686 3.75
v 118.18019867 200.6114502 0
v 109.99514771 192.42640686 0
v 126.365242 192.42640686 3.75
v 126.365242 192.42640686 0
v 139.3934021 200.6114502 3.75
v 131.20835876 192.42640686 3.75
v 139.3934021 200.6114502 0
v 131.20835876 192.42640686 0
v 147.57844543 192.42640686 3.75
v 147.57844543 192.42640686 0
v 152.42155457 192.42640686 3.75
v 160.6065979 184.24136353 3.75
v 152.42155457 192.42640686 0
v 160.6065979 184.24136353 0
v 160.6065979 200.6114502 3.75
v 160.6065979 200.6114502 0
v 181.8197937 200.6114502 3.75
v 173.63476562 192.42640686 3.75
v 181.8197937 200.6114502 0
v 173.63476562 192.42640686 0
v 190.00485229 192.42640686 3.75
v 190.00485229 192.42640686 0
v 203.03300476 200.6114502 3.75
v 194.84796143 192.42640686 3.75
v 203.03300476 200.6114502 0
v 194.84796143 192.42640686 0
v 207.75 195.89447021 3.75
v 207.75 195.89447021 0
v 195.89447021 207.75 3.75
v 188.95835876 207.75 3.75
v 195.89447021 207.75 0
v 188.95835876 207.75 0
v 200.6114502 203.03300476 3.75
v 200.6114502 203.03300476 0
v 167.74514771 207.75 3.75
v 163.02816772 203.03300476 3.75
v 167.74514771 207.75 0
v 163.02816772 203.03300476 0
v 174.6812439 207.75 3.75
v 174.6812439 207.75 0
v 207.75 205.32844543 3.75
v 205.45455933 203.03300476 3.75
v 207.75 205.32844543 0
v 205.45455933 203.03300476 0
v 205.32844543 207.75 3.75
v 200.73757935 207.75 3.75
v 205.32844543 207.75 0
v 200.73757935 207.75 0
v 179.52436829 207.75 3.75
v 181.8197937 205.45455933 3.75
v 179.52436829 207.75 0
v 181.8197937 205.45455933 0
v 158.31117249 207.75 3.75
v 160.6065979 205.45455933 3.75
v 158.31117249 207.75 0
v 160.6065979 205.45455933 0
v 153.4680481 207.75 3.75
v 146.5319519 207.75 3.75
v 153.4680481 207.75 0
v 146.5319519 207.75 0
v 158.18504333 203.03300476 3.75
v 158.18504333 203.03300476 0
v 137.09797668 207.75 3.75
v 139.3934021 205.45455933 3.75
v 137.09797668 207.75 0
v 139.3934021 205.45455933 0
v 132.25485229 207.75 3.75
v 125.31874847 207.75 3.75
v 132.25485229 207.75 0
v 125.31874847 207.75 0
v 136.97183228 203.03300476 3.75
v 136.97183228 203.03300476 0
v 115.884758 207.75 3.75
v 118.18019867 205.45455933 3.75
v 115.884758 207.75 0
v 118.18019867 205.45455933 0
v 111.04164124 207.75 3.75
v 104.10553741 207.75 3.75
v 111.04164124 207.75 0
v 104.10553741 207.75 0
v 115.75862885 203.03300476 3.75
v 115.75862885 203.03300476 0
v 94.67155457 207.75 3.75
v 96.96699524 205.45455933 3.75
v 94.67155457 207.75 0
v 96.96699524 205.45455933 0
v 92.25 205.32844543 3.75
v 92.25 200.73757935 3.75
v 92.25 205.32844543 0
v 92.25 200.73757935 0
v 90 215 0
v 88.8874054 214.87463379 0
v 90 215 2.5
v 88.8874054 214.87463379 2.5
v 87.83058167 214.50483704 0
v 87.83058167 214.50483704 2.5
v 86.8825531 213.90914917 0
v 86.8825531 213.90914917 2.5
v 86.09085083 213.1174469 0
v 85.49516296 212.16941833 0
v 86.09085083 213.1174469 2.5
v 85.49516296 212.16941833 2.5
v 85.12535858 211.1125946 0
v 85.12535858 211.1125946 2.5
v 85 90 0
v 85.12535858 88.88739777 0
v 85 90 2.5
v 85.12535858 88.88739777 2.5
v 85.49516296 87.83058167 0
v 85.49516296 87.83058167 2.5
v 86.09085083 86.88254547 0
v 86.09085083 86.88254547 2.5
v 86.8825531 86.09085083 0
v 87.83058167 85.49516296 0
v 86.8825531 86.09085083 2.5
v 87.83058167 85.49516296 2.5
v 88.8874054 85.12535858 0
v 88.8874054 85.12535858 2.5
v 210 85 0
v 211.1125946 85.12535858 0
v 210 85 2.5
v 211.1125946 85.12535858 2.5
v 212.16941833 85.49516296 0
v 212.16941833 85.49516296 2.5
v 213.1174469 86.09085083 0
v 213.1174469 86.09085083 2.5
v 213.90914917 86.88254547 0
v 214.50483704 87.83058167 0
v 213.90914917 86.88254547 2.5
v 214.50483704 87.83058167 2.5
v 214.87463379 88.88739777 0
v 214.87463379 88.88739777 2.5
v 215 210 0
v 214.87463379 211.1125946 0
v 215 210 2.5
v 214.87463379 211.1125946 2.5
v 214.50483704 212.16941833 0
v 214.50483704 212.16941833 2.5
v 213.90914917 213.1174469 0
v 213.90914917 213.1174469 2.5
v 213.1174469 213.90914917 0
v 212.16941833 214.50483704 0
v 213.1174469 213.90914917 2.5
v 212.16941833 214.50483704 2.5
v 211.1125946 214.87463379 0
v 211.1125946 214.87463379 2.5
v 94.54544067 203.03300476 0
v 92.25 195.89447021 0
v 85 210 0
v 92.25 188.95835876 0
v 94.54544067 181.8197937 0
v 107.57359314 173.63476562 0
v 118.18019867 163.02816772 0
v 99.3885498 203.03300476 0
v 107.57359314 194.84796143 0
v 118.18019867 184.24136353 0
v 128.7868042 173.63476562 0
v 136.97183228 160.6065979 0
v 150 152.42155457 0
v 158.18504333 139.3934021 0
v 168.79164124 128.7868042 0
v 179.39823914 118.18019867 0
v 190.00485229 107.57358551 0
v 194.84796143 107.57358551 0
v 203.03300476 99.3885498 0
v 205.32844543 92.25 0
v 207.75 94.67155457 0
v 215 90 0
v 99.26242065 207.75 0
v 120.60176086 203.03300476 0
v 128.7868042 194.84796143 0
v 120.47563171 207.75 0
v 141.81495667 203.03300476 0
v 150 194.84796143 0
v 141.68882751 207.75 0
v 210 215 0
v 162.90202332 207.75 0
v 184.11523438 207.75 0
v 184.24136353 203.03300476 0
v 179.39823914 203.03300476 0
v 171.2131958 194.84796143 0
v 181.8197937 184.24136353 0
v 203.03300476 205.45455933 0
v 192.42640686 194.84796143 0
v 207.75 200.73757935 0
v 207.75 188.95835876 0
v 203.03300476 184.24136353 0
v 200.6114502 181.8197937 0
v 168.79164124 192.42640686 0
v 158.18504333 181.8197937 0
v 139.3934021 184.24136353 0
v 147.57844543 171.2131958 0
v 160.6065979 163.02816772 0
v 92.25 174.6812439 0
v 92.25 167.74514771 0
v 94.54544067 160.6065979 0
v 107.57359314 152.42155457 0
v 115.75862885 139.3934021 0
v 128.7868042 131.20835876 0
v 171.2131958 173.63476562 0
v 190.00485229 171.2131958 0
v 179.39823914 160.6065979 0
v 168.79164124 150 0
v 207.75 179.52436829 0
v 207.75 167.74514771 0
v 203.03300476 163.02816772 0
v 200.6114502 160.6065979 0
v 190.00485229 150 0
v 126.365242 150 0
v 139.3934021 141.81495667 0
v 118.18019867 120.60176086 0
v 107.57359314 109.99514771 0
v 94.67155457 92.25 0
v 92.25 94.67155457 0
v 90 85 0
v 207.75 158.31117249 0
v 207.75 146.5319519 0
v 203.03300476 141.81495667 0
v 200.6114502 139.3934021 0
v 200.6114502 118.18019867 0
v 203.03300476 120.60176086 0
v 207.75 125.31874847 0
v 207.75 137.09797668 0
v 190.00485229 128.7868042 0
v 179.39823914 139.3934021 0
v 158.18504333 118.18019867 0
v 147.57844543 128.7868042 0
v 207.75 115.884758 0
v 179.39823914 96.96698761 0
v 168.79164124 107.57358551 0
v 184.24136353 96.96698761 0
v 184.11523438 92.25 0
v 188.95835876 92.25 0
v 174.6812439 92.25 0
v 162.90202332 92.25 0
v 158.18504333 96.96698761 0
v 147.57844543 107.57358551 0
v 136.97183228 118.18019867 0
v 92.25 153.4680481 0
v 92.25 146.5319519 0
v 94.54544067 139.3934021 0
v 105.15203094 128.7868042 0
v 136.97183228 96.96698761 0
v 141.68882751 92.25 0
v 153.4680481 92.25 0
v 126.365242 107.57358551 0
v 120.47563171 92.25 0
v 132.25485229 92.25 0
v 111.04164124 92.25 0
v 115.75862885 96.96698761 0
v 92.25 104.10553741 0
v 96.96699524 120.60176086 0
v 94.54544067 118.18019867 0
v 92.25 111.04163361 0
v 211.25 200.75595093 3.75
v 215 200.625 3.75
v 211.25 209.48223877 3.75
v 215 210 3.75
v 214.30715942 212.53938293 3.75
v 214.68798828 211.7386322 3.75
v 214.92138672 210.88319397 3.75
v 211.25 99.24404907 3.75
v 211.25 90.51776886 3.75
v 215 99.375 3.75
v 215 90 3.75
v 214.30715942 87.46061707 3.75
v 214.68798828 88.2613678 3.75
v 214.92138672 89.1167984 3.75
v 99.24404907 211.25 3.75
v 99.375 215 3.75
v 90.51776886 211.25 3.75
v 90 215 3.75
v 87.46061707 214.30715942 3.75
v 88.2613678 214.68798828 3.75
v 89.11680603 214.92138672 3.75
v 209.48223877 211.25 3.75
v 212.53938293 214.30715942 3.75
v 210 215 3.75
v 211.7386322 214.68798828 3.75
v 210.88319397 214.92138672 3.75
v 200.625 215 3.75
v 200.75595093 211.25 3.75
v 88.75 99.24404907 3.75
v 85 99.375 3.75
v 88.75 90.51776886 3.75
v 85 90 3.75
v 85.69284821 87.46061707 3.75
v 85.31201935 88.2613678 3.75
v 85.07862091 89.1167984 3.75
v 88.75 200.75595093 3.75
v 88.75 209.48223877 3.75
v 85 200.625 3.75
v 85 210 3.75
v 85.69284821 212.53938293 3.75
v 85.31201935 211.7386322 3.75
v 85.07862091 210.88319397 3.75
v 90.51776886 88.75 3.75
v 90.51776886 88.75 27.99405098
v 87.46061707 85.69284821 3.75
v 87.46061707 85.69284821 28.100811
v 90.51776886 88.75 88.61904907
v 87.46061707 85.69284821 88.72580719
v 90.51776886 88.75 29.50594902
v 87.46061707 85.69284821 29.399189
v 90.51776886 88.75 90.13095093
v 90.51776886 88.75 94.86904907
v 87.46061707 85.69284821 90.02419281
v 87.46061707 85.69284821 94.97580719
v 90.51776886 88.75 96.38095093
v 90.51776886 88.75 101.11904907
v 87.46061707 85.69284821 96.27419281
v 87.46061707 85.69284821 101.22580719
v 90.51776886 88.75 107.36909485
v 87.46061707 85.69284821 107.47579956
v 90.51776886 88.75 102.63095093
v 87.46061707 85.69284821 102.52419281
v 90.51776886 88.75 113.75
v 87.46061707 85.69284821 113.75
v 90.51776886 88.75 108.88090515
v 87.46061707 85.69284821 108.77420044
v 212.53938293 85.69284821 108.77420044
v 212.53938293 85.69284821 113.75
v 209.48223877 88.75 108.88090515
v 209.48223877 88.75 113.75
v 212.53938293 85.69284821 102.52419281
v 212.53938293 85.69284821 107.47579956
v 209.48223877 88.75 102.63095093
v 209.48223877 88.75 107.36909485
v 212.53938293 85.69284821 101.22580719
v 209.48223877 88.75 101.11904907
v 212.53938293 85.69284821 96.27419281
v 209.48223877 88.75 96.38095093
v 212.53938293 85.69284821 94.97580719
v 209.48223877 88.75 94.86904907
v 212.53938293 85.69284821 90.02419281
v 209.48223877 88.75 90.13095093
v 212.53938293 85.69284821 29.399189
v 212.53938293 85.69284821 88.72580719
v 209.48223877 88.75 29.50594902
v 209.48223877 88.75 88.61904907
v 212.53938293 85.69284821 28.100811
v 209.48223877 88.75 27.99405098
v 212.53938293 85.69284821 3.75
v 209.48223877 88.75 3.75
v 114.32444763 85 88.75
v 100.625 85 90
v 104.00888062 85 88.75
v 102.24111938 85 88.75
v 108.28279114 85 82.70832825
v 109.16667175 85 83.59220886
v 110.05055237 85 82.70832825
v 116.09222412 85 88.75
v 118.7917099 85 90
v 118.91741943 85 88.75
v 120.04470062 85 90
v 120.17948914 85 88.75
v 126.4514389 85 90
v 126.66564941 85 88.75
v 127.6519165 85 89.51351929
v 128.10308838 85 87.82980347
v 127.10282135 85 87.3089447
v 127.73071289 85 85.94017792
v 90 85 90
v 90 85 88.75
v 99.375 85 90
v 99.375 85 88.75
v 100.625 85 88.75
v 99.375 85 29.375
v 100.625 85 54.63388062
v 100.625 85 69.94944763
v 100.625 85 71.71721649
v 109.16667175 85 63.17554855
v 108.28279114 85 62.29167175
v 110.05055237 85 62.29167175
v 109.16667175 85 61.40779114
v 119.375 85 52.96722031
v 118.49111938 85 52.08332825
v 120.25888062 85 52.08332825
v 119.375 85 51.19945145
v 129.58332825 85 42.75888062
v 128.69944763 85 41.875
v 130.46722412 85 41.875
v 129.58332825 85 40.99111938
v 139.79167175 85 32.55054855
v 138.90777588 85 31.66666985
v 140.67555237 85 31.66666985
v 139.79167175 85 30.78277969
v 141.19944763 85 29.375
v 90 85 29.375
v 99.375 85 28.125
v 100.625 85 28.125
v 100.625 85 29.375
v 116.19944763 85 29.375
v 117.96722412 85 29.375
v 118.49111938 85 31.66666985
v 119.375 85 30.78277969
v 120.25888062 85 31.66666985
v 120.78277588 85 29.375
v 122.55055237 85 29.375
v 136.61611938 85 29.375
v 138.38388062 85 29.375
v 90 85 28.125
v 100.625 85 3.75
v 99.375 85 3.75
v 90 85 3.75
v 199.375 85 3.75
v 200.625 85 3.75
v 210 85 3.75
v 199.375 85 28.125
v 200.625 85 28.125
v 199.375 85 29.375
v 200.625 85 29.375
v 199.375 85 32.44945145
v 199.375 85 34.21722031
v 190.83332825 85 40.99111938
v 191.71720886 85 41.875
v 189.94944763 85 41.875
v 190.83332825 85 42.75888062
v 180.625 85 51.19945145
v 181.50888062 85 52.08332825
v 179.74111938 85 52.08332825
v 180.625 85 52.96722031
v 170.41667175 85 61.40779114
v 171.30055237 85 62.29167175
v 169.53277588 85 62.29167175
v 170.41667175 85 63.17554855
v 160.20832825 85 71.61611938
v 161.09222412 85 72.5
v 159.32444763 85 72.5
v 160.83332825 85 73.75
v 159.58332825 85 73.75
v 159.58332825 85 80.13095093
v 160.83332825 85 80.13095093
v 162.5 85 81.25
v 162.5 85 80.13095093
v 164.02801514 85 80.23644257
v 210 85 28.125
v 210 85 29.375
v 200.625 85 88.75
v 199.375 85 54.63388062
v 199.375 85 52.86611938
v 199.375 85 51.30054855
v 210 85 88.75
v 200.625 85 90
v 199.375 85 90
v 199.375 85 88.75
v 197.75888062 85 88.75
v 195.99111938 85 88.75
v 191.71720886 85 82.70832825
v 190.83332825 85 83.59220886
v 189.94944763 85 82.70832825
v 185.67555237 85 88.75
v 183.90777588 85 88.75
v 181.20828247 85 90
v 181.08258057 85 88.75
v 179.95529175 85 90
v 179.82051086 85 88.75
v 173.54855347 85 90
v 173.33435059 85 88.75
v 172.3480835 85 89.51351929
v 171.89691162 85 87.82980347
v 210 85 90
v 199.375 85 95
v 200.625 85 95
v 199.375 85 96.25
v 200.625 85 96.25
v 199.375 85 101.25
v 200.625 85 101.25
v 199.375 85 102.5
v 200.625 85 102.5
v 199.375 85 107.5
v 200.625 85 107.5
v 199.375 85 108.75
v 200.625 85 108.75
v 199.375 85 113.75
v 200.625 85 113.75
v 210 85 115
v 210 85 113.75
v 210 85 95
v 210 85 96.25
v 210 85 101.25
v 210 85 102.5
v 210 85 107.5
v 210 85 108.75
v 90 85 115
v 150.625 85 113.75
v 159.58332825 85 113.75
v 160.83332825 85 113.75
v 160.83332825 85 108.75
v 159.58332825 85 108.75
v 160.83332825 85 107.5
v 159.58332825 85 107.5
v 160.83332825 85 102.5
v 159.58332825 85 102.5
v 167.5 85 101.25
v 150.625 85 102.5
v 149.375 85 102.5
v 149.375 85 107.5
v 150.625 85 107.5
v 149.375 85 108.75
v 150.625 85 108.75
v 149.375 85 113.75
v 90 85 113.75
v 99.375 85 113.75
v 100.625 85 113.75
v 118.75 85 113.75
v 100.625 85 108.75
v 99.375 85 108.75
v 100.625 85 107.5
v 99.375 85 107.5
v 100.625 85 102.5
v 99.375 85 102.5
v 100.625 85 101.25
v 99.375 85 101.25
v 100.625 85 96.25
v 99.375 85 96.25
v 100.625 85 95
v 99.375 85 95
v 90 85 108.75
v 90 85 107.5
v 90 85 102.5
v 90 85 101.25
v 90 85 96.25
v 90 85 95
v 181.25 85 108.75
v 181.25 85 107.5
v 180 85 108.75
v 180 85 107.5
v 171.04167175 85 108.75
v 171.04167175 85 107.5
v 169.79167175 85 108.75
v 169.79167175 85 107.5
v 180 85 113.75
v 181.25 85 113.75
v 180 85 96.25
v 181.25 85 96.25
v 180 85 101.25
v 181.25 85 101.25
v 180 85 102.5
v 181.25 85 102.5
v 173.61904907 85 96.25
v 180 85 95
v 181.25 85 95
v 173.50744629 85 97.41332245
v 172.5 85 96.25
v 173.61904907 85 95
v 172.37463379 85 97.36260223
v 173.17672729 85 98.53421021
v 172.00483704 85 98.41941833
v 172.63891602 85 99.5717926
v 171.40916443 85 99.3674469
v 171.91366577 85 100.48819733
v 170.6174469 85 100.1591568
v 171.0274353 85 101.25
v 169.66941833 85 100.75484467
v 169.79167175 85 102.5
v 168.61260986 85 101.12464142
v 171.04167175 85 102.5
v 169.17933655 85 73.7300415
v 168.70074463 85 74.88537598
v 167.00828552 85 73.05006409
v 166.68467712 85 74.25769043
v 164.77085876 85 72.63802338
v 164.60768127 85 73.87739563
v 162.5 85 72.5
v 162.5 85 73.75
v 170.6265564 85 75.75131989
v 171.25205994 85 74.66796875
v 172.43403625 85 76.84288788
v 173.19592285 85 75.8500061
v 174.09690857 85 78.14421082
v 174.98233032 85 77.25878906
v 175.88705444 85 78.12181854
v 180.625 85 73.38388062
v 179.74111938 85 72.5
v 181.50888062 85 72.5
v 180.625 85 71.61611938
v 190.83332825 85 63.17554855
v 189.94944763 85 62.29167175
v 191.71720886 85 62.29167175
v 190.83332825 85 61.40779114
v 190.83332825 85 81.82444763
v 175.00312805 85 79.00575256
v 177.45767212 85 79.94378662
v 176.44607544 85 80.67848206
v 177.66677856 85 82.51966095
v 178.78210449 85 81.951828
v 178.64581299 85 84.49996948
v 179.83853149 85 84.11292267
v 179.36755371 85 86.58783722
v 180.60958862 85 86.39147949
v 172.5 85 91.25
v 173.61904907 85 91.25
v 171.1602478 85 86.25
v 172.26928711 85 85.94017792
v 172.89718628 85 87.3089447
v 171.46220398 85 84.66880798
v 170.16043091 85 84.82212067
v 170.49072266 85 83.51815796
v 168.92788696 85 83.5895462
v 169.57162476 85 82.66947937
v 168.32537842 85 81.77909088
v 167.5 85 82.5897522
v 166.96859741 85 81.06841278
v 165.92019653 85 81.85308075
v 165.52702332 85 80.55091095
v 164.23648071 85 81.40193176
v 150.625 85 80.13095093
v 137.5 85 81.25
v 149.375 85 80.13095093
v 140.41667175 85 80.13095093
v 139.16667175 85 80.13095093
v 140.41667175 85 73.75
v 139.16667175 85 73.75
v 140.67555237 85 72.5
v 138.90777588 85 72.5
v 139.79167175 85 71.61611938
v 129.58332825 85 63.17554855
v 130.46722412 85 62.29167175
v 128.69944763 85 62.29167175
v 129.58332825 85 61.40779114
v 135.76351929 85 81.40193176
v 135.97198486 85 80.23644257
v 137.5 85 80.13095093
v 134.47297668 85 80.55091095
v 134.07980347 85 81.85308075
v 133.03140259 85 81.06841278
v 132.5 85 82.5897522
v 131.67462158 85 81.77909088
v 131.07211304 85 83.5895462
v 130.42837524 85 82.66947937
v 129.50927734 85 83.51815796
v 124.99687195 85 79.00575256
v 129.83956909 85 84.82212067
v 128.53779602 85 84.66880798
v 128.8397522 85 86.25
v 127.5 85 91.25
v 126.38095093 85 91.25
v 126.38095093 85 95
v 127.5 85 96.25
v 126.38095093 85 96.25
v 127.54049683 85 96.88515472
v 126.49255371 85 97.41332245
v 127.83466339 85 98.04849243
v 126.82328033 85 98.53421021
v 127.36108398 85 99.5717926
v 128.39750671 85 99.10824585
v 128.08633423 85 100.48819733
v 129.19665527 85 100.00338745
v 128.9725647 85 101.25
v 130.18605042 85 100.68234253
v 130.20832825 85 102.5
v 131.30871582 85 101.10600281
v 132.5 85 101.25
v 140.41667175 85 102.5
v 139.16667175 85 102.5
v 139.16667175 85 107.5
v 140.41667175 85 107.5
v 139.16667175 85 108.75
v 140.41667175 85 108.75
v 139.16667175 85 113.75
v 140.41667175 85 113.75
v 199.375 85 75.05055237
v 199.375 85 73.28278351
v 199.375 85 71.71721649
v 199.375 85 69.94944763
v 199.375 85 49.53277969
v 180.625 85 32.55054855
v 181.50888062 85 31.66666985
v 179.74111938 85 31.66666985
v 180.625 85 30.78277969
v 179.21722412 85 29.375
v 177.44944763 85 29.375
v 163.38388062 85 29.375
v 161.61611938 85 29.375
v 161.09222412 85 31.66666985
v 160.20832825 85 30.78277969
v 159.32444763 85 31.66666985
v 158.80055237 85 29.375
v 157.03279114 85 29.375
v 142.96720886 85 29.375
v 170.41667175 85 40.99111938
v 171.30055237 85 41.875
v 169.53277588 85 41.875
v 170.41667175 85 42.75888062
v 160.20832825 85 51.19945145
v 161.09222412 85 52.08332825
v 159.32444763 85 52.08332825
v 160.20832825 85 52.96722031
v 150 85 61.40779114
v 150.88388062 85 62.29167175
v 149.11611938 85 62.29167175
v 150 85 63.17554855
v 182.03277588 85 29.375
v 183.80055237 85 29.375
v 160.20832825 85 32.55054855
v 150 85 40.99111938
v 150.88388062 85 41.875
v 149.11611938 85 41.875
v 150 85 42.75888062
v 139.79167175 85 51.19945145
v 140.67555237 85 52.08332825
v 138.90777588 85 52.08332825
v 139.79167175 85 52.96722031
v 120 85 96.25
v 120 85 95
v 118.75 85 96.25
v 118.75 85 95
v 120 85 91.25
v 118.75 85 91.25
v 119.39041138 85 86.39147949
v 120.63244629 85 86.58783722
v 120.16146851 85 84.11292267
v 121.35418701 85 84.49996948
v 121.21789551 85 81.951828
v 122.33322144 85 82.51966095
v 122.54232788 85 79.94378662
v 123.55392456 85 80.67848206
v 124.11293793 85 78.12181854
v 125.90309143 85 78.14421082
v 125.01766968 85 77.25878906
v 126.80406952 85 75.8500061
v 119.375 85 73.38388062
v 120.25888062 85 72.5
v 118.49111938 85 72.5
v 119.375 85 71.61611938
v 109.16667175 85 81.82444763
v 110.05055237 85 41.875
v 109.16667175 85 40.99111938
v 119.375 85 32.55054855
v 109.16667175 85 42.75888062
v 108.28279114 85 41.875
v 100.625 85 34.21722031
v 100.625 85 32.44945145
v 128.95832825 85 107.5
v 120 85 108.75
v 120 85 107.5
v 118.75 85 108.75
v 118.75 85 107.5
v 128.95832825 85 102.5
v 130.20832825 85 107.5
v 128.95832825 85 108.75
v 130.20832825 85 108.75
v 128.95832825 85 113.75
v 130.20832825 85 113.75
v 120 85 102.5
v 120 85 101.25
v 118.75 85 102.5
v 118.75 85 101.25
v 120 85 113.75
v 137.5 85 73.75
v 137.5 85 72.5
v 135.39231873 85 73.87739563
v 135.22914124 85 72.63802338
v 133.31532288 85 74.25769043
v 132.99171448 85 73.05006409
v 131.29925537 85 74.88537598
v 130.82066345 85 73.7300415
v 129.3734436 85 75.75131989
v 128.74794006 85 74.66796875
v 127.56596375 85 76.84288788
v 150.625 85 73.75
v 149.375 85 73.75
v 100.625 85 49.53277969
v 100.625 85 51.30054855
v 100.625 85 52.86611938
v 100.625 85 75.05055237
v 100.625 85 73.28278351
v 169.79167175 85 113.75
v 171.04167175 85 113.75
v 180 85 91.25
v 181.25 85 91.25
v 99.24404907 88.75 29.50594902
v 88.81218719 85.1431427 29.37999916
v 87.69071198 85.56523132 29.39474106
v 88.81218719 85.1431427 28.12000084
v 87.69071198 85.56523132 28.10525894
v 99.24404907 88.75 27.99405098
v 211.4434967 85.21290588 29.38242912
v 210.26300049 85.00691986 29.37524033
v 200.75595093 88.75 29.50594902
v 200.75595093 88.75 27.99405098
v 210.26300049 85.00691986 28.12475967
v 211.4434967 85.21290588 28.11757088
v 99.24404907 88.75 90.13095093
v 89.73699951 85.00691986 90.00023651
v 88.5565033 85.21290588 90.00743866
v 99.24404907 88.75 88.61904907
v 89.73699951 85.00691986 88.74976349
v 88.5565033 85.21290588 88.74256897
v 99.24404907 88.75 96.38095093
v 89.73699951 85.00691986 96.25023651
v 88.5565033 85.21290588 96.25743866
v 99.24404907 88.75 94.86904907
v 89.73699951 85.00691986 94.99976349
v 88.5565033 85.21290588 94.99256134
v 99.24404907 88.75 102.63095093
v 89.73699951 85.00691986 102.50023651
v 88.5565033 85.21290588 102.50743866
v 99.24404907 88.75 101.11904907
v 89.73699951 85.00691986 101.24976349
v 88.5565033 85.21290588 101.24256134
v 99.24404907 88.75 108.88090515
v 89.73699951 85.00691986 108.75019836
v 88.5565033 85.21290588 108.75740051
v 99.24404907 88.75 107.36909485
v 89.73699951 85.00691986 107.49980164
v 88.5565033 85.21290588 107.49259949
v 200.75595093 88.75 108.88090515
v 212.30929565 85.56523132 108.7696991
v 211.18780518 85.1431427 108.75499725
v 200.75595093 88.75 107.36909485
v 211.18780518 85.1431427 107.49500275
v 212.30929565 85.56523132 107.4803009
v 200.75595093 88.75 102.63095093
v 212.30929565 85.56523132 102.51974487
v 211.18780518 85.1431427 102.50499725
v 200.75595093 88.75 101.11904907
v 211.18780518 85.1431427 101.24500275
v 212.30929565 85.56523132 101.23025513
v 200.75595093 88.75 96.38095093
v 212.30929565 85.56523132 96.26974487
v 211.18780518 85.1431427 96.25499725
v 200.75595093 88.75 94.86904907
v 211.18780518 85.1431427 94.99500275
v 212.30929565 85.56523132 94.98025513
v 200.75595093 88.75 90.13095093
v 212.30929565 85.56523132 90.01974487
v 211.18780518 85.1431427 90.00499725
v 200.75595093 88.75 88.61904907
v 211.18780518 85.1431427 88.74500275
v 212.30929565 85.56523132 88.73025513
v 211.7386322 85.31201935 3.75
v 200.75595093 88.75 3.75
v 210.88319397 85.07862091 3.75
v 99.24404907 88.75 3.75
v 89.11680603 85.07862091 3.75
v 88.2613678 85.31201935 3.75
v 215 210 96.25
v 215 200.625 96.25
v 215 210 95
v 215 200.625 95
v 215 199.375 96.25
v 215 199.375 95
v 215 181.25 96.25
v 215 181.25 95
v 215 180 96.25
v 215 180 95
v 215 173.61904907 96.25
v 215 173.61904907 95
v 215 172.5 96.25
v 215 172.5 91.25
v 215 199.375 101.25
v 215 200.625 101.25
v 215 199.375 102.5
v 215 200.625 102.5
v 215 199.375 107.5
v 215 200.625 107.5
v 215 199.375 108.75
v 215 200.625 108.75
v 215 199.375 113.75
v 215 200.625 113.75
v 215 210 115
v 215 210 113.75
v 215 210 101.25
v 215 210 102.5
v 215 210 107.5
v 215 210 108.75
v 215 90 115
v 215 150.625 113.75
v 215 159.58332825 113.75
v 215 160.83332825 113.75
v 215 160.83332825 108.75
v 215 159.58332825 108.75
v 215 160.83332825 107.5
v 215 159.58332825 107.5
v 215 160.83332825 102.5
v 215 159.58332825 102.5
v 215 167.5 101.25
v 215 150.625 102.5
v 215 149.375 102.5
v 215 149.375 107.5
v 215 150.625 107.5
v 215 149.375 108.75
v 215 150.625 108.75
v 215 149.375 113.75
v 215 90 113.75
v 215 99.375 113.75
v 215 100.625 113.75
v 215 118.75 113.75
v 215 100.625 108.75
v 215 99.375 108.75
v 215 100.625 107.5
v 215 99.375 107.5
v 215 100.625 102.5
v 215 99.375 102.5
v 215 100.625 101.25
v 215 99.375 101.25
v 215 100.625 96.25
v 215 99.375 96.25
v 215 100.625 95
v 215 99.375 95
v 215 100.625 90
v 215 99.375 90
v 215 99.375 88.75
v 215 90 88.75
v 215 90 90
v 215 90 108.75
v 215 90 107.5
v 215 90 102.5
v 215 90 101.25
v 215 90 96.25
v 215 90 95
v 215 99.375 29.375
v 215 100.625 54.63388062
v 215 100.625 69.94944763
v 215 100.625 71.71721649
v 215 109.16667175 63.17554855
v 215 108.28279114 62.29167175
v 215 110.05055237 62.29167175
v 215 109.16667175 61.40779114
v 215 119.375 52.96722031
v 215 118.49111938 52.08332825
v 215 120.25888062 52.08332825
v 215 119.375 51.19945145
v 215 129.58332825 42.75888062
v 215 128.69944763 41.875
v 215 130.46722412 41.875
v 215 129.58332825 40.99111938
v 215 139.79167175 32.55054855
v 215 138.90777588 31.66666985
v 215 140.67555237 31.66666985
v 215 139.79167175 30.78277969
v 215 141.19944763 29.375
v 215 90 29.375
v 215 99.375 28.125
v 215 100.625 28.125
v 215 100.625 29.375
v 215 116.19944763 29.375
v 215 117.96722412 29.375
v 215 118.49111938 31.66666985
v 215 119.375 30.78277969
v 215 120.25888062 31.66666985
v 215 120.78277588 29.375
v 215 122.55055237 29.375
v 215 136.61611938 29.375
v 215 138.38388062 29.375
v 215 90 28.125
v 215 100.625 3.75
v 215 199.375 3.75
v 215 199.375 28.125
v 215 200.625 28.125
v 215 199.375 29.375
v 215 200.625 29.375
v 215 199.375 32.44945145
v 215 199.375 34.21722031
v 215 190.83332825 40.99111938
v 215 191.71720886 41.875
v 215 189.94944763 41.875
v 215 190.83332825 42.75888062
v 215 180.625 51.19945145
v 215 181.50888062 52.08332825
v 215 179.74111938 52.08332825
v 215 180.625 52.96722031
v 215 170.41667175 61.40779114
v 215 171.30055237 62.29167175
v 215 169.53277588 62.29167175
v 215 170.41667175 63.17554855
v 215 160.20832825 71.61611938
v 215 161.09222412 72.5
v 215 159.32444763 72.5
v 215 160.83332825 73.75
v 215 159.58332825 73.75
v 215 159.58332825 80.13095093
v 215 160.83332825 80.13095093
v 215 162.5 81.25
v 215 162.5 80.13095093
v 215 164.02801514 80.23644257
v 215 210 28.125
v 215 210 29.375
v 215 200.625 88.75
v 215 199.375 54.63388062
v 215 199.375 52.86611938
v 215 199.375 51.30054855
v 215 210 88.75
v 215 200.625 90
v 215 199.375 90
v 215 199.375 88.75
v 215 197.75888062 88.75
v 215 195.99111938 88.75
v 215 191.71720886 82.70832825
v 215 190.83332825 83.59220886
v 215 189.94944763 82.70832825
v 215 185.67555237 88.75
v 215 183.90777588 88.75
v 215 181.20828247 90
v 215 181.08258057 88.75
v 215 179.95529175 90
v 215 179.82051086 88.75
v 215 173.54855347 90
v 215 173.33435059 88.75
v 215 172.3480835 89.51351929
v 215 171.89691162 87.82980347
v 215 210 90
v 215 180 101.25
v 215 181.25 101.25
v 215 180 102.5
v 215 181.25 102.5
v 215 180 107.5
v 215 181.25 107.5
v 215 180 108.75
v 215 181.25 108.75
v 215 180 113.75
v 215 181.25 113.75
v 215 100.625 32.44945145
v 215 100.625 34.21722031
v 215 100.625 49.53277969
v 215 109.16667175 40.99111938
v 215 108.28279114 41.875
v 215 110.05055237 41.875
v 215 109.16667175 42.75888062
v 215 119.375 32.55054855
v 215 137.5 73.75
v 215 138.90777588 72.5
v 215 139.16667175 73.75
v 215 140.67555237 72.5
v 215 140.41667175 73.75
v 215 149.375 73.75
v 215 150.625 73.75
v 215 137.5 72.5
v 215 135.39231873 73.87739563
v 215 135.22914124 72.63802338
v 215 133.31532288 74.25769043
v 215 132.99171448 73.05006409
v 215 131.29925537 74.88537598
v 215 130.82066345 73.7300415
v 215 129.3734436 75.75131989
v 215 128.74794006 74.66796875
v 215 127.56596375 76.84288788
v 215 126.80406952 75.8500061
v 215 125.90309143 78.14421082
v 215 125.01766968 77.25878906
v 215 124.11293793 78.12181854
v 215 119.375 73.38388062
v 215 124.99687195 79.00575256
v 215 130.42837524 82.66947937
v 215 129.50927734 83.51815796
v 215 131.07211304 83.5895462
v 215 129.83956909 84.82212067
v 215 131.67462158 81.77909088
v 215 132.5 82.5897522
v 215 133.03140259 81.06841278
v 215 134.07980347 81.85308075
v 215 134.47297668 80.55091095
v 215 135.76351929 81.40193176
v 215 135.97198486 80.23644257
v 215 137.5 81.25
v 215 137.5 80.13095093
v 215 139.16667175 80.13095093
v 215 140.41667175 80.13095093
v 215 149.375 80.13095093
v 215 150.625 80.13095093
v 215 149.11611938 62.29167175
v 215 150 63.17554855
v 215 139.79167175 71.61611938
v 215 139.79167175 52.96722031
v 215 150 61.40779114
v 215 150.88388062 62.29167175
v 215 130.46722412 62.29167175
v 215 129.58332825 61.40779114
v 215 138.90777588 52.08332825
v 215 140.67555237 52.08332825
v 215 139.79167175 51.19945145
v 215 150 42.75888062
v 215 149.11611938 41.875
v 215 150.88388062 41.875
v 215 150 40.99111938
v 215 160.20832825 32.55054855
v 215 159.32444763 31.66666985
v 215 161.09222412 31.66666985
v 215 160.20832825 30.78277969
v 215 161.61611938 29.375
v 215 129.58332825 63.17554855
v 215 128.69944763 62.29167175
v 215 160.20832825 52.96722031
v 215 161.09222412 52.08332825
v 215 159.32444763 52.08332825
v 215 160.20832825 51.19945145
v 215 140.41667175 108.75
v 215 140.41667175 107.5
v 215 139.16667175 108.75
v 215 139.16667175 107.5
v 215 130.20832825 108.75
v 215 130.20832825 107.5
v 215 128.95832825 108.75
v 215 128.95832825 107.5
v 215 120 108.75
v 215 120 107.5
v 215 118.75 108.75
v 215 118.75 107.5
v 215 139.16667175 113.75
v 215 140.41667175 113.75
v 215 132.5 101.25
v 215 140.41667175 102.5
v 215 139.16667175 102.5
v 215 130.20832825 102.5
v 215 128.95832825 102.5
v 215 128.9725647 101.25
v 215 120 101.25
v 215 120 102.5
v 215 118.75 102.5
v 215 131.38739014 101.12464142
v 215 130.33058167 100.75484467
v 215 129.3825531 100.1591568
v 215 128.08633423 100.48819733
v 215 128.59083557 99.3674469
v 215 127.36108398 99.5717926
v 215 127.99516296 98.41941833
v 215 126.82328033 98.53421021
v 215 127.62535858 97.36260223
v 215 126.49255371 97.41332245
v 215 127.5 96.25
v 215 126.38095093 96.25
v 215 126.38095093 95
v 215 120 96.25
v 215 120 95
v 215 118.75 96.25
v 215 118.75 95
v 215 175.88705444 78.12181854
v 215 174.98233032 77.25878906
v 215 180.625 73.38388062
v 215 179.74111938 72.5
v 215 181.50888062 72.5
v 215 180.625 71.61611938
v 215 190.83332825 63.17554855
v 215 189.94944763 62.29167175
v 215 191.71720886 62.29167175
v 215 190.83332825 61.40779114
v 215 177.45767212 79.94378662
v 215 175.00312805 79.00575256
v 215 174.09690857 78.14421082
v 215 173.19592285 75.8500061
v 215 172.43403625 76.84288788
v 215 171.25205994 74.66796875
v 215 170.6265564 75.75131989
v 215 169.17933655 73.7300415
v 215 168.70074463 74.88537598
v 215 167.00828552 73.05006409
v 215 166.68467712 74.25769043
v 215 164.77085876 72.63802338
v 215 164.60768127 73.87739563
v 215 162.5 72.5
v 215 162.5 73.75
v 215 178.78210449 81.951828
v 215 177.66677856 82.51966095
v 215 176.44607544 80.67848206
v 215 178.64581299 84.49996948
v 215 179.83853149 84.11292267
v 215 179.36755371 86.58783722
v 215 180.60958862 86.39147949
v 215 190.83332825 81.82444763
v 215 199.375 49.53277969
v 215 199.375 69.94944763
v 215 199.375 71.71721649
v 215 171.46220398 84.66880798
v 215 170.16043091 84.82212067
v 215 170.49072266 83.51815796
v 215 168.92788696 83.5895462
v 215 169.57162476 82.66947937
v 215 168.32537842 81.77909088
v 215 167.5 82.5897522
v 215 166.96859741 81.06841278
v 215 165.92019653 81.85308075
v 215 165.52702332 80.55091095
v 215 164.23648071 81.40193176
v 215 171.1602478 86.25
v 215 172.26928711 85.94017792
v 215 172.89718628 87.3089447
v 215 158.80055237 29.375
v 215 157.03279114 29.375
v 215 142.96720886 29.375
v 215 170.41667175 42.75888062
v 215 169.53277588 41.875
v 215 171.30055237 41.875
v 215 170.41667175 40.99111938
v 215 180.625 32.55054855
v 215 179.74111938 31.66666985
v 215 181.50888062 31.66666985
v 215 180.625 30.78277969
v 215 182.03277588 29.375
v 215 128.95832825 113.75
v 215 130.20832825 113.75
v 215 169.79167175 113.75
v 215 171.04167175 113.75
v 215 171.04167175 108.75
v 215 169.79167175 108.75
v 215 171.04167175 107.5
v 215 169.79167175 107.5
v 215 171.04167175 102.5
v 215 169.79167175 102.5
v 215 171.0274353 101.25
v 215 169.66941833 100.75484467
v 215 170.6174469 100.1591568
v 215 168.61260986 101.12464142
v 215 163.38388062 29.375
v 215 173.50744629 97.41332245
v 215 172.37463379 97.36260223
v 215 173.17672729 98.53421021
v 215 172.00483704 98.41941833
v 215 172.63891602 99.5717926
v 215 171.40916443 99.3674469
v 215 171.91366577 100.48819733
v 215 119.375 71.61611938
v 215 118.49111938 72.5
v 215 120.25888062 72.5
v 215 118.75 101.25
v 215 100.625 73.28278351
v 215 100.625 75.05055237
v 215 100.625 88.75
v 215 109.16667175 81.82444763
v 215 108.28279114 82.70832825
v 215 110.05055237 82.70832825
v 215 109.16667175 83.59220886
v 215 114.32444763 88.75
v 215 116.09222412 88.75
v 215 118.7917099 90
v 215 118.91741943 88.75
v 215 120.04470062 90
v 215 120.17948914 88.75
v 215 126.4514389 90
v 215 126.66564941 88.75
v 215 127.6519165 89.51351929
v 215 128.10308838 87.82980347
v 215 127.10282135 87.3089447
v 215 127.73071289 85.94017792
v 215 104.00888062 88.75
v 215 102.24111938 88.75
v 215 100.625 51.30054855
v 215 100.625 52.86611938
v 215 120 113.75
v 215 120 91.25
v 215 118.75 91.25
v 215 199.375 75.05055237
v 215 199.375 73.28278351
v 215 127.5 91.25
v 215 126.38095093 91.25
v 215 122.54232788 79.94378662
v 215 123.55392456 80.67848206
v 215 122.33322144 82.51966095
v 215 121.21789551 81.951828
v 215 121.35418701 84.49996948
v 215 120.16146851 84.11292267
v 215 120.63244629 86.58783722
v 215 119.39041138 86.39147949
v 215 128.8397522 86.25
v 215 128.53779602 84.66880798
v 215 181.25 91.25
v 215 180 91.25
v 215 173.61904907 91.25
v 215 179.21722412 29.375
v 215 183.80055237 29.375
v 215 177.44944763 29.375
v 85 90 96.25
v 85 99.375 96.25
v 85 90 95
v 85 99.375 95
v 85 100.625 96.25
v 85 100.625 95
v 85 118.75 96.25
v 85 118.75 95
v 85 120 96.25
v 85 120 95
v 85 126.38095093 96.25
v 85 126.38095093 95
v 85 127.5 96.25
v 85 127.5 91.25
v 85 100.625 101.25
v 85 99.375 101.25
v 85 100.625 102.5
v 85 99.375 102.5
v 85 100.625 107.5
v 85 99.375 107.5
v 85 100.625 108.75
v 85 99.375 108.75
v 85 100.625 113.75
v 85 99.375 113.75
v 85 90 115
v 85 90 113.75
v 85 90 101.25
v 85 90 102.5
v 85 90 107.5
v 85 90 108.75
v 85 210 115
v 85 149.375 113.75
v 85 140.41667175 113.75
v 85 139.16667175 113.75
v 85 139.16667175 108.75
v 85 140.41667175 108.75
v 85 139.16667175 107.5
v 85 140.41667175 107.5
v 85 139.16667175 102.5
v 85 140.41667175 102.5
v 85 132.5 101.25
v 85 149.375 102.5
v 85 150.625 102.5
v 85 150.625 107.5
v 85 149.375 107.5
v 85 150.625 108.75
v 85 149.375 108.75
v 85 150.625 113.75
v 85 210 113.75
v 85 200.625 113.75
v 85 199.375 113.75
v 85 181.25 113.75
v 85 199.375 108.75
v 85 200.625 108.75
v 85 199.375 107.5
v 85 200.625 107.5
v 85 199.375 102.5
v 85 200.625 102.5
v 85 199.375 101.25
v 85 200.625 101.25
v 85 199.375 96.25
v 85 200.625 96.25
v 85 199.375 95
v 85 200.625 95
v 85 199.375 90
v 85 200.625 90
v 85 200.625 88.75
v 85 210 88.75
v 85 210 90
v 85 210 108.75
v 85 210 107.5
v 85 210 102.5
v 85 210 101.25
v 85 210 96.25
v 85 210 95
v 85 200.625 29.375
v 85 199.375 54.63388062
v 85 199.375 69.94944763
v 85 199.375 71.71721649
v 85 190.83332825 63.17554855
v 85 191.71720886 62.29167175
v 85 189.94944763 62.29167175
v 85 190.83332825 61.40779114
v 85 180.625 52.96722031
v 85 181.50888062 52.08332825
v 85 179.74111938 52.08332825
v 85 180.625 51.19945145
v 85 170.41667175 42.75888062
v 85 171.30055237 41.875
v 85 169.53277588 41.875
v 85 170.41667175 40.99111938
v 85 160.20832825 32.55054855
v 85 161.09222412 31.66666985
v 85 159.32444763 31.66666985
v 85 160.20832825 30.78277969
v 85 158.80055237 29.375
v 85 210 29.375
v 85 200.625 28.125
v 85 199.375 28.125
v 85 199.375 29.375
v 85 183.80055237 29.375
v 85 182.03277588 29.375
v 85 181.50888062 31.66666985
v 85 180.625 30.78277969
v 85 179.74111938 31.66666985
v 85 179.21722412 29.375
v 85 177.44944763 29.375
v 85 163.38388062 29.375
v 85 161.61611938 29.375
v 85 210 28.125
v 85 199.375 3.75
v 85 100.625 3.75
v 85 100.625 28.125
v 85 99.375 28.125
v 85 100.625 29.375
v 85 99.375 29.375
v 85 100.625 32.44945145
v 85 100.625 34.21722031
v 85 109.16667175 40.99111938
v 85 108.28279114 41.875
v 85 110.05055237 41.875
v 85 109.16667175 42.75888062
v 85 119.375 51.19945145
v 85 118.49111938 52.08332825
v 85 120.25888062 52.08332825
v 85 119.375 52.96722031
v 85 129.58332825 61.40779114
v 85 128.69944763 62.29167175
v 85 130.46722412 62.29167175
v 85 129.58332825 63.17554855
v 85 139.79167175 71.61611938
v 85 138.90777588 72.5
v 85 140.67555237 72.5
v 85 139.16667175 73.75
v 85 140.41667175 73.75
v 85 140.41667175 80.13095093
v 85 139.16667175 80.13095093
v 85 137.5 81.25
v 85 137.5 80.13095093
v 85 135.97198486 80.23644257
v 85 90 28.125
v 85 90 29.375
v 85 99.375 88.75
v 85 100.625 54.63388062
v 85 100.625 52.86611938
v 85 100.625 51.30054855
v 85 90 88.75
v 85 99.375 90
v 85 100.625 90
v 85 100.625 88.75
v 85 102.24111938 88.75
v 85 104.00888062 88.75
v 85 108.28279114 82.70832825
v 85 109.16667175 83.59220886
v 85 110.05055237 82.70832825
v 85 114.32444763 88.75
v 85 116.09222412 88.75
v 85 118.7917099 90
v 85 118.91741943 88.75
v 85 120.04470062 90
v 85 120.17948914 88.75
v 85 126.4514389 90
v 85 126.66564941 88.75
v 85 127.6519165 89.51351929
v 85 128.10308838 87.82980347
v 85 90 90
v 85 120 101.25
v 85 118.75 101.25
v 85 120 102.5
v 85 118.75 102.5
v 85 120 107.5
v 85 118.75 107.5
v 85 120 108.75
v 85 118.75 108.75
v 85 120 113.75
v 85 118.75 113.75
v 85 199.375 32.44945145
v 85 199.375 34.21722031
v 85 199.375 49.53277969
v 85 190.83332825 40.99111938
v 85 191.71720886 41.875
v 85 189.94944763 41.875
v 85 190.83332825 42.75888062
v 85 180.625 32.55054855
v 85 167.5 101.25
v 85 159.58332825 102.5
v 85 160.83332825 102.5
v 85 160.83332825 107.5
v 85 159.58332825 107.5
v 85 160.83332825 108.75
v 85 159.58332825 108.75
v 85 160.83332825 113.75
v 85 159.58332825 113.75
v 85 149.375 73.75
v 85 150.625 73.75
v 85 159.32444763 72.5
v 85 159.58332825 73.75
v 85 160.83332825 73.75
v 85 160.83332825 80.13095093
v 85 159.58332825 80.13095093
v 85 162.5 81.25
v 85 150.625 80.13095093
v 85 149.375 80.13095093
v 85 139.79167175 52.96722031
v 85 138.90777588 52.08332825
v 85 140.67555237 52.08332825
v 85 139.79167175 51.19945145
v 85 150 42.75888062
v 85 149.11611938 41.875
v 85 150.88388062 41.875
v 85 150 40.99111938
v 85 150 61.40779114
v 85 149.11611938 62.29167175
v 85 150.88388062 62.29167175
v 85 150 63.17554855
v 85 160.20832825 71.61611938
v 85 161.09222412 72.5
v 85 162.5 73.75
v 85 170.49072266 83.51815796
v 85 170.16043091 84.82212067
v 85 171.46220398 84.66880798
v 85 171.1602478 86.25
v 85 172.26928711 85.94017792
v 85 171.89691162 87.82980347
v 85 172.89718628 87.3089447
v 85 173.33435059 88.75
v 85 172.3480835 89.51351929
v 85 173.54855347 90
v 85 172.5 91.25
v 85 173.61904907 91.25
v 85 173.61904907 95
v 85 172.5 96.25
v 85 173.61904907 96.25
v 85 173.50744629 97.41332245
v 85 172.37463379 97.36260223
v 85 173.17672729 98.53421021
v 85 172.00483704 98.41941833
v 85 172.63891602 99.5717926
v 85 171.40916443 99.3674469
v 85 171.91366577 100.48819733
v 85 170.6174469 100.1591568
v 85 171.0274353 101.25
v 85 169.66941833 100.75484467
v 85 169.79167175 102.5
v 85 168.61260986 101.12464142
v 85 175.00312805 79.00575256
v 85 169.57162476 82.66947937
v 85 168.92788696 83.5895462
v 85 176.44607544 80.67848206
v 85 177.45767212 79.94378662
v 85 175.88705444 78.12181854
v 85 174.09690857 78.14421082
v 85 174.98233032 77.25878906
v 85 173.19592285 75.8500061
v 85 177.66677856 82.51966095
v 85 178.78210449 81.951828
v 85 178.64581299 84.49996948
v 85 179.83853149 84.11292267
v 85 179.36755371 86.58783722
v 85 180.60958862 86.39147949
v 85 179.82051086 88.75
v 85 181.08258057 88.75
v 85 179.95529175 90
v 85 181.20828247 90
v 85 180 91.25
v 85 181.25 91.25
v 85 181.25 95
v 85 180 95
v 85 181.25 96.25
v 85 180 96.25
v 85 181.25 101.25
v 85 180 101.25
v 85 181.25 102.5
v 85 180 102.5
v 85 181.25 107.5
v 85 180 107.5
v 85 181.25 108.75
v 85 180 108.75
v 85 180 113.75
v 85 171.04167175 113.75
v 85 169.79167175 113.75
v 85 169.79167175 108.75
v 85 171.04167175 108.75
v 85 169.79167175 107.5
v 85 171.04167175 107.5
v 85 171.04167175 102.5
v 85 109.16667175 61.40779114
v 85 110.05055237 62.29167175
v 85 108.28279114 62.29167175
v 85 109.16667175 63.17554855
v 85 100.625 69.94944763
v 85 100.625 71.71721649
v 85 100.625 73.28278351
v 85 100.625 75.05055237
v 85 109.16667175 81.82444763
v 85 100.625 49.53277969
v 85 119.375 71.61611938
v 85 118.49111938 72.5
v 85 120.25888062 72.5
v 85 119.375 73.38388062
v 85 125.01766968 77.25878906
v 85 124.11293793 78.12181854
v 85 125.90309143 78.14421082
v 85 124.99687195 79.00575256
v 85 130.42837524 82.66947937
v 85 129.50927734 83.51815796
v 85 131.07211304 83.5895462
v 85 129.83956909 84.82212067
v 85 128.53779602 84.66880798
v 85 128.8397522 86.25
v 85 127.73071289 85.94017792
v 85 127.10282135 87.3089447
v 85 165.52702332 80.55091095
v 85 165.92019653 81.85308075
v 85 166.96859741 81.06841278
v 85 167.5 82.5897522
v 85 168.32537842 81.77909088
v 85 164.23648071 81.40193176
v 85 164.02801514 80.23644257
v 85 162.5 80.13095093
v 85 162.5 72.5
v 85 164.60768127 73.87739563
v 85 164.77085876 72.63802338
v 85 166.68467712 74.25769043
v 85 167.00828552 73.05006409
v 85 168.70074463 74.88537598
v 85 169.17933655 73.7300415
v 85 170.6265564 75.75131989
v 85 171.25205994 74.66796875
v 85 172.43403625 76.84288788
v 85 170.41667175 61.40779114
v 85 171.30055237 62.29167175
v 85 169.53277588 62.29167175
v 85 170.41667175 63.17554855
v 85 160.20832825 52.96722031
v 85 161.09222412 52.08332825
v 85 159.32444763 52.08332825
v 85 160.20832825 51.19945145
v 85 180.625 71.61611938
v 85 181.50888062 72.5
v 85 179.74111938 72.5
v 85 180.625 73.38388062
v 85 190.83332825 81.82444763
v 85 189.94944763 82.70832825
v 85 191.71720886 82.70832825
v 85 190.83332825 83.59220886
v 85 195.99111938 88.75
v 85 199.375 73.28278351
v 85 199.375 75.05055237
v 85 199.375 88.75
v 85 116.19944763 29.375
v 85 117.96722412 29.375
v 85 120.78277588 29.375
v 85 118.49111938 31.66666985
v 85 119.375 30.78277969
v 85 120.25888062 31.66666985
v 85 122.55055237 29.375
v 85 136.61611938 29.375
v 85 138.38388062 29.375
v 85 138.90777588 31.66666985
v 85 139.79167175 30.78277969
v 85 140.67555237 31.66666985
v 85 141.19944763 29.375
v 85 142.96720886 29.375
v 85 157.03279114 29.375
v 85 119.375 32.55054855
v 85 122.54232788 79.94378662
v 85 123.55392456 80.67848206
v 85 122.33322144 82.51966095
v 85 121.21789551 81.951828
v 85 121.35418701 84.49996948
v 85 120.16146851 84.11292267
v 85 120.63244629 86.58783722
v 85 119.39041138 86.39147949
v 85 129.58332825 42.75888062
v 85 128.69944763 41.875
v 85 130.46722412 41.875
v 85 129.58332825 40.99111938
v 85 139.79167175 32.55054855
v 85 197.75888062 88.75
v 85 128.95832825 102.5
v 85 128.9725647 101.25
v 85 130.20832825 102.5
v 85 130.33058167 100.75484467
v 85 131.38739014 101.12464142
v 85 130.20832825 107.5
v 85 128.95832825 107.5
v 85 130.20832825 108.75
v 85 128.95832825 108.75
v 85 130.20832825 113.75
v 85 128.95832825 113.75
v 85 126.49255371 97.41332245
v 85 127.62535858 97.36260223
v 85 126.82328033 98.53421021
v 85 127.99516296 98.41941833
v 85 127.36108398 99.5717926
v 85 128.59083557 99.3674469
v 85 128.08633423 100.48819733
v 85 129.3825531 100.1591568
v 85 118.75 91.25
v 85 120 91.25
v 85 126.38095093 91.25
v 85 185.67555237 88.75
v 85 183.90777588 88.75
v 85 199.375 51.30054855
v 85 199.375 52.86611938
v 85 126.80406952 75.8500061
v 85 127.56596375 76.84288788
v 85 128.74794006 74.66796875
v 85 129.3734436 75.75131989
v 85 130.82066345 73.7300415
v 85 131.29925537 74.88537598
v 85 132.99171448 73.05006409
v 85 133.31532288 74.25769043
v 85 135.22914124 72.63802338
v 85 135.39231873 73.87739563
v 85 137.5 72.5
v 85 137.5 73.75
v 85 135.76351929 81.40193176
v 85 134.47297668 80.55091095
v 85 134.07980347 81.85308075
v 85 133.03140259 81.06841278
v 85 132.5 82.5897522
v 85 131.67462158 81.77909088
v 99.375 215 95
v 100.625 215 95
v 99.375 215 90
v 100.625 215 90
v 99.375 215 88.75
v 100.625 215 88.75
v 100.625 215 75.05055237
v 90 215 95
v 99.375 215 96.25
v 100.625 215 96.25
v 118.75 215 96.25
v 118.75 215 95
v 120 215 96.25
v 120 215 95
v 126.38095093 215 96.25
v 126.38095093 215 95
v 127.5 215 96.25
v 127.5 215 91.25
v 90 215 96.25
v 100.625 215 101.25
v 99.375 215 101.25
v 100.625 215 102.5
v 99.375 215 102.5
v 100.625 215 107.5
v 99.375 215 107.5
v 100.625 215 108.75
v 99.375 215 108.75
v 100.625 215 113.75
v 99.375 215 113.75
v 90 215 115
v 90 215 113.75
v 90 215 101.25
v 90 215 102.5
v 90 215 107.5
v 90 215 108.75
v 210 215 115
v 149.375 215 113.75
v 140.41667175 215 113.75
v 139.16667175 215 113.75
v 139.16667175 215 108.75
v 140.41667175 215 108.75
v 139.16667175 215 107.5
v 140.41667175 215 107.5
v 139.16667175 215 102.5
v 140.41667175 215 102.5
v 132.5 215 101.25
v 149.375 215 102.5
v 150.625 215 102.5
v 150.625 215 107.5
v 149.375 215 107.5
v 150.625 215 108.75
v 149.375 215 108.75
v 150.625 215 113.75
v 210 215 113.75
v 200.625 215 113.75
v 199.375 215 113.75
v 181.25 215 113.75
v 199.375 215 108.75
v 200.625 215 108.75
v 199.375 215 107.5
v 200.625 215 107.5
v 199.375 215 102.5
v 200.625 215 102.5
v 199.375 215 101.25
v 200.625 215 101.25
v 199.375 215 96.25
v 200.625 215 96.25
v 199.375 215 95
v 200.625 215 95
v 199.375 215 90
v 200.625 215 90
v 200.625 215 88.75
v 210 215 88.75
v 210 215 90
v 210 215 108.75
v 210 215 107.5
v 210 215 102.5
v 210 215 101.25
v 210 215 96.25
v 210 215 95
v 200.625 215 29.375
v 199.375 215 54.63388062
v 199.375 215 69.94944763
v 199.375 215 71.71721649
v 190.83332825 215 63.17554855
v 191.71720886 215 62.29167175
v 189.94944763 215 62.29167175
v 190.83332825 215 61.40779114
v 180.625 215 52.96722031
v 181.50888062 215 52.08332825
v 179.74111938 215 52.08332825
v 180.625 215 51.19945145
v 170.41667175 215 42.75888062
v 171.30055237 215 41.875
v 169.53277588 215 41.875
v 170.41667175 215 40.99111938
v 160.20832825 215 32.55054855
v 161.09222412 215 31.66666985
v 159.32444763 215 31.66666985
v 160.20832825 215 30.78277969
v 158.80055237 215 29.375
v 210 215 29.375
v 200.625 215 28.125
v 199.375 215 28.125
v 199.375 215 29.375
v 183.80055237 215 29.375
v 182.03277588 215 29.375
v 181.50888062 215 31.66666985
v 180.625 215 30.78277969
v 179.74111938 215 31.66666985
v 179.21722412 215 29.375
v 177.44944763 215 29.375
v 163.38388062 215 29.375
v 161.61611938 215 29.375
v 210 215 28.125
v 199.375 215 3.75
v 100.625 215 3.75
v 100.625 215 28.125
v 99.375 215 28.125
v 100.625 215 29.375
v 99.375 215 29.375
v 100.625 215 32.44945145
v 100.625 215 34.21722031
v 109.16667175 215 40.99111938
v 108.28279114 215 41.875
v 110.05055237 215 41.875
v 109.16667175 215 42.75888062
v 119.375 215 51.19945145
v 118.49111938 215 52.08332825
v 120.25888062 215 52.08332825
v 119.375 215 52.96722031
v 129.58332825 215 61.40779114
v 128.69944763 215 62.29167175
v 130.46722412 215 62.29167175
v 129.58332825 215 63.17554855
v 139.79167175 215 71.61611938
v 138.90777588 215 72.5
v 140.67555237 215 72.5
v 139.16667175 215 73.75
v 140.41667175 215 73.75
v 140.41667175 215 80.13095093
v 139.16667175 215 80.13095093
v 137.5 215 81.25
v 137.5 215 80.13095093
v 135.97198486 215 80.23644257
v 90 215 28.125
v 90 215 29.375
v 100.625 215 54.63388062
v 100.625 215 52.86611938
v 100.625 215 51.30054855
v 90 215 88.75
v 90 215 90
v 109.16667175 215 83.59220886
v 108.28279114 215 82.70832825
v 104.00888062 215 88.75
v 102.24111938 215 88.75
v 110.05055237 215 82.70832825
v 114.32444763 215 88.75
v 116.09222412 215 88.75
v 118.7917099 215 90
v 118.91741943 215 88.75
v 120.04470062 215 90
v 120.17948914 215 88.75
v 126.4514389 215 90
v 126.66564941 215 88.75
v 127.6519165 215 89.51351929
v 128.10308838 215 87.82980347
v 118.75 215 102.5
v 118.75 215 101.25
v 120 215 102.5
v 120 215 101.25
v 128.95832825 215 102.5
v 128.9725647 215 101.25
v 130.20832825 215 102.5
v 130.33058167 215 100.75484467
v 131.38739014 215 101.12464142
v 120 215 107.5
v 118.75 215 107.5
v 120 215 108.75
v 118.75 215 108.75
v 120 215 113.75
v 118.75 215 113.75
v 120.25888062 215 72.5
v 119.375 215 73.38388062
v 125.01766968 215 77.25878906
v 124.11293793 215 78.12181854
v 125.90309143 215 78.14421082
v 124.99687195 215 79.00575256
v 130.42837524 215 82.66947937
v 129.50927734 215 83.51815796
v 131.07211304 215 83.5895462
v 129.83956909 215 84.82212067
v 128.53779602 215 84.66880798
v 128.8397522 215 86.25
v 127.73071289 215 85.94017792
v 127.10282135 215 87.3089447
v 119.375 215 71.61611938
v 118.49111938 215 72.5
v 109.16667175 215 81.82444763
v 137.5 215 73.75
v 137.5 215 72.5
v 135.39231873 215 73.87739563
v 135.22914124 215 72.63802338
v 133.31532288 215 74.25769043
v 132.99171448 215 73.05006409
v 131.29925537 215 74.88537598
v 130.82066345 215 73.7300415
v 129.3734436 215 75.75131989
v 128.74794006 215 74.66796875
v 127.56596375 215 76.84288788
v 126.80406952 215 75.8500061
v 150.88388062 215 62.29167175
v 150 215 63.17554855
v 160.20832825 215 71.61611938
v 159.32444763 215 72.5
v 161.09222412 215 72.5
v 160.83332825 215 73.75
v 162.5 215 73.75
v 160.20832825 215 52.96722031
v 150 215 61.40779114
v 149.11611938 215 62.29167175
v 169.53277588 215 62.29167175
v 170.41667175 215 61.40779114
v 161.09222412 215 52.08332825
v 159.32444763 215 52.08332825
v 160.20832825 215 51.19945145
v 150 215 42.75888062
v 150.88388062 215 41.875
v 149.11611938 215 41.875
v 150 215 40.99111938
v 139.79167175 215 32.55054855
v 140.67555237 215 31.66666985
v 138.90777588 215 31.66666985
v 139.79167175 215 30.78277969
v 138.38388062 215 29.375
v 170.41667175 215 63.17554855
v 171.30055237 215 62.29167175
v 169.66941833 215 100.75484467
v 168.61260986 215 101.12464142
v 169.79167175 215 102.5
v 167.5 215 101.25
v 160.83332825 215 102.5
v 159.58332825 215 102.5
v 160.83332825 215 107.5
v 159.58332825 215 107.5
v 160.83332825 215 108.75
v 159.58332825 215 108.75
v 160.83332825 215 113.75
v 159.58332825 215 113.75
v 129.3825531 215 100.1591568
v 128.08633423 215 100.48819733
v 128.59083557 215 99.3674469
v 127.36108398 215 99.5717926
v 127.99516296 215 98.41941833
v 126.82328033 215 98.53421021
v 127.62535858 215 97.36260223
v 126.49255371 215 97.41332245
v 126.38095093 215 91.25
v 131.67462158 215 81.77909088
v 132.5 215 82.5897522
v 133.03140259 215 81.06841278
v 134.07980347 215 81.85308075
v 134.47297668 215 80.55091095
v 135.76351929 215 81.40193176
v 149.375 215 80.13095093
v 162.5 215 81.25
v 150.625 215 80.13095093
v 159.58332825 215 80.13095093
v 160.83332825 215 80.13095093
v 159.58332825 215 73.75
v 164.23648071 215 81.40193176
v 164.02801514 215 80.23644257
v 162.5 215 80.13095093
v 165.52702332 215 80.55091095
v 165.92019653 215 81.85308075
v 166.96859741 215 81.06841278
v 167.5 215 82.5897522
v 168.32537842 215 81.77909088
v 168.92788696 215 83.5895462
v 169.57162476 215 82.66947937
v 170.49072266 215 83.51815796
v 175.00312805 215 79.00575256
v 170.16043091 215 84.82212067
v 171.46220398 215 84.66880798
v 171.1602478 215 86.25
v 172.26928711 215 85.94017792
v 171.89691162 215 87.82980347
v 172.89718628 215 87.3089447
v 173.33435059 215 88.75
v 172.3480835 215 89.51351929
v 173.54855347 215 90
v 172.5 215 91.25
v 173.61904907 215 91.25
v 173.61904907 215 95
v 172.5 215 96.25
v 173.61904907 215 96.25
v 173.50744629 215 97.41332245
v 172.37463379 215 97.36260223
v 173.17672729 215 98.53421021
v 172.00483704 215 98.41941833
v 172.63891602 215 99.5717926
v 171.40916443 215 99.3674469
v 171.91366577 215 100.48819733
v 170.6174469 215 100.1591568
v 171.0274353 215 101.25
v 119.39041138 215 86.39147949
v 120.63244629 215 86.58783722
v 120.16146851 215 84.11292267
v 121.35418701 215 84.49996948
v 121.21789551 215 81.951828
v 122.33322144 215 82.51966095
v 122.54232788 215 79.94378662
v 123.55392456 215 80.67848206
v 149.375 215 73.75
v 150.625 215 73.75
v 130.46722412 215 41.875
v 129.58332825 215 42.75888062
v 139.79167175 215 51.19945145
v 138.90777588 215 52.08332825
v 140.67555237 215 52.08332825
v 139.79167175 215 52.96722031
v 129.58332825 215 40.99111938
v 128.69944763 215 41.875
v 130.20832825 215 113.75
v 128.95832825 215 113.75
v 128.95832825 215 108.75
v 130.20832825 215 108.75
v 128.95832825 215 107.5
v 130.20832825 215 107.5
v 141.19944763 215 29.375
v 136.61611938 215 29.375
v 142.96720886 215 29.375
v 157.03279114 215 29.375
v 174.09690857 215 78.14421082
v 175.88705444 215 78.12181854
v 174.98233032 215 77.25878906
v 180.625 215 73.38388062
v 179.74111938 215 72.5
v 181.50888062 215 72.5
v 180.625 215 71.61611938
v 162.5 215 72.5
v 164.60768127 215 73.87739563
v 164.77085876 215 72.63802338
v 166.68467712 215 74.25769043
v 167.00828552 215 73.05006409
v 168.70074463 215 74.88537598
v 169.17933655 215 73.7300415
v 170.6265564 215 75.75131989
v 171.25205994 215 74.66796875
v 172.43403625 215 76.84288788
v 173.19592285 215 75.8500061
v 180.625 215 32.55054855
v 190.83332825 215 40.99111938
v 189.94944763 215 41.875
v 191.71720886 215 41.875
v 190.83332825 215 42.75888062
v 199.375 215 49.53277969
v 199.375 215 51.30054855
v 199.375 215 52.86611938
v 190.83332825 215 81.82444763
v 189.94944763 215 82.70832825
v 191.71720886 215 82.70832825
v 190.83332825 215 83.59220886
v 195.99111938 215 88.75
v 199.375 215 73.28278351
v 199.375 215 75.05055237
v 199.375 215 88.75
v 179.82051086 215 88.75
v 179.95529175 215 90
v 181.08258057 215 88.75
v 181.20828247 215 90
v 183.90777588 215 88.75
v 185.67555237 215 88.75
v 180 215 91.25
v 181.25 215 91.25
v 181.25 215 95
v 180 215 95
v 181.25 215 96.25
v 180 215 96.25
v 181.25 215 101.25
v 180 215 101.25
v 181.25 215 102.5
v 180 215 102.5
v 181.25 215 107.5
v 180 215 107.5
v 181.25 215 108.75
v 180 215 108.75
v 180 215 113.75
v 171.04167175 215 113.75
v 169.79167175 215 113.75
v 169.79167175 215 108.75
v 171.04167175 215 108.75
v 169.79167175 215 107.5
v 171.04167175 215 107.5
v 171.04167175 215 102.5
v 197.75888062 215 88.75
v 199.375 215 34.21722031
v 199.375 215 32.44945145
v 119.375 215 32.55054855
v 120.25888062 215 31.66666985
v 118.49111938 215 31.66666985
v 119.375 215 30.78277969
v 117.96722412 215 29.375
v 109.16667175 215 61.40779114
v 110.05055237 215 62.29167175
v 108.28279114 215 62.29167175
v 109.16667175 215 63.17554855
v 100.625 215 69.94944763
v 100.625 215 71.71721649
v 100.625 215 73.28278351
v 100.625 215 49.53277969
v 116.19944763 215 29.375
v 120.78277588 215 29.375
v 122.55055237 215 29.375
v 118.75 215 91.25
v 120 215 91.25
v 180.60958862 215 86.39147949
v 179.36755371 215 86.58783722
v 179.83853149 215 84.11292267
v 178.64581299 215 84.49996948
v 178.78210449 215 81.951828
v 177.66677856 215 82.51966095
v 177.45767212 215 79.94378662
v 176.44607544 215 80.67848206
v 88.75 209.48223877 27.99405098
v 85.69284821 212.53938293 28.100811
v 88.75 209.48223877 88.61904907
v 85.69284821 212.53938293 88.72580719
v 88.75 209.48223877 29.50594902
v 85.69284821 212.53938293 29.399189
v 88.75 209.48223877 90.13095093
v 88.75 209.48223877 94.86904907
v 85.69284821 212.53938293 90.02419281
v 85.69284821 212.53938293 94.97580719
v 88.75 209.48223877 96.38095093
v 88.75 209.48223877 101.11904907
v 85.69284821 212.53938293 96.27419281
v 85.69284821 212.53938293 101.22580719
v 88.75 209.48223877 107.36909485
v 85.69284821 212.53938293 107.47579956
v 88.75 209.48223877 102.63095093
v 85.69284821 212.53938293 102.52419281
v 88.75 209.48223877 113.75
v 85.69284821 212.53938293 113.75
v 88.75 209.48223877 108.88090515
v 85.69284821 212.53938293 108.77420044
v 85.69284821 87.46061707 108.77420044
v 85.69284821 87.46061707 113.75
v 88.75 90.51776886 108.88090515
v 88.75 90.51776886 113.75
v 85.69284821 87.46061707 102.52419281
v 85.69284821 87.46061707 107.47579956
v 88.75 90.51776886 102.63095093
v 88.75 90.51776886 107.36909485
v 85.69284821 87.46061707 101.22580719
v 88.75 90.51776886 101.11904907
v 85.69284821 87.46061707 96.27419281
v 88.75 90.51776886 96.38095093
v 85.69284821 87.46061707 94.97580719
v 88.75 90.51776886 94.86904907
v 85.69284821 87.46061707 90.02419281
v 88.75 90.51776886 90.13095093
v 85.69284821 87.46061707 29.399189
v 85.69284821 87.46061707 88.72580719
v 88.75 90.51776886 29.50594902
v 88.75 90.51776886 88.61904907
v 85.69284821 87.46061707 28.100811
v 88.75 90.51776886 27.99405098
v 88.75 200.75595093 29.50594902
v 85.1431427 211.18780518 29.37999916
v 85.56523132 212.30929565 29.39474106
v 85.1431427 211.18780518 28.12000084
v 85.56523132 212.30929565 28.10525894
v 88.75 200.75595093 27.99405098
v 85.21290588 88.5565033 29.38242912
v 85.00691986 89.73699951 29.37524033
v 88.75 99.24404907 29.50594902
v 88.75 99.24404907 27.99405098
v 85.00691986 89.73699951 28.12475967
v 85.21290588 88.5565033 28.11757088
v 88.75 200.75595093 90.13095093
v 85.00691986 210.26300049 90.00023651
v 85.21290588 211.4434967 90.00743866
v 88.75 200.75595093 88.61904907
v 85.00691986 210.26300049 88.74976349
v 85.21290588 211.4434967 88.74256897
v 88.75 200.75595093 96.38095093
v 85.00691986 210.26300049 96.25023651
v 85.21290588 211.4434967 96.25743866
v 88.75 200.75595093 94.86904907
v 85.00691986 210.26300049 94.99976349
v 85.21290588 211.4434967 94.99256134
v 88.75 200.75595093 102.63095093
v 85.00691986 210.26300049 102.50023651
v 85.21290588 211.4434967 102.50743866
v 88.75 200.75595093 101.11904907
v 85.00691986 210.26300049 101.24976349
v 85.21290588 211.4434967 101.24256134
v 88.75 200.75595093 108.88090515
v 85.00691986 210.26300049 108.75019836
v 85.21290588 211.4434967 108.75740051
v 88.75 200.75595093 107.36909485
v 85.00691986 210.26300049 107.49980164
v 85.21290588 211.4434967 107.49259949
v 88.75 99.24404907 108.88090515
v 85.56523132 87.69071198 108.7696991
v 85.1431427 88.81218719 108.75499725
v 88.75 99.24404907 107.36909485
v 85.1431427 88.81218719 107.49500275
v 85.56523132 87.69071198 107.4803009
v 88.75 99.24404907 102.63095093
v 85.56523132 87.69071198 102.51974487
v 85.1431427 88.81218719 102.50499725
v 88.75 99.24404907 101.11904907
v 85.1431427 88.81218719 101.24500275
v 85.56523132 87.69071198 101.23025513
v 88.75 99.24404907 96.38095093
v 85.56523132 87.69071198 96.26974487
v 85.1431427 88.81218719 96.25499725
v 88.75 99.24404907 94.86904907
v 85.1431427 88.81218719 94.99500275
v 85.56523132 87.69071198 94.98025513
v 88.75 99.24404907 90.13095093
v 85.56523132 87.69071198 90.01974487
v 85.1431427 88.81218719 90.00499725
v 88.75 99.24404907 88.61904907
v 85.1431427 88.81218719 88.74500275
v 85.56523132 87.69071198 88.73025513
v 209.48223877 211.25 27.99405098
v 212.53938293 214.30715942 28.100811
v 209.48223877 211.25 88.61904907
v 212.53938293 214.30715942 88.72580719
v 209.48223877 211.25 29.50594902
v 212.53938293 214.30715942 29.399189
v 209.48223877 211.25 90.13095093
v 209.48223877 211.25 94.86904907
v 212.53938293 214.30715942 90.02419281
v 212.53938293 214.30715942 94.97580719
v 209.48223877 211.25 96.38095093
v 209.48223877 211.25 101.11904907
v 212.53938293 214.30715942 96.27419281
v 212.53938293 214.30715942 101.22580719
v 209.48223877 211.25 107.36909485
v 212.53938293 214.30715942 107.47579956
v 209.48223877 211.25 102.63095093
v 212.53938293 214.30715942 102.52419281
v 209.48223877 211.25 113.75
v 212.53938293 214.30715942 113.75
v 209.48223877 211.25 108.88090515
v 212.53938293 214.30715942 108.77420044
v 87.46061707 214.30715942 108.77420044
v 87.46061707 214.30715942 113.75
v 90.51776886 211.25 108.88090515
v 90.51776886 211.25 113.75
v 87.46061707 214.30715942 102.52419281
v 87.46061707 214.30715942 107.47579956
v 90.51776886 211.25 102.63095093
v 90.51776886 211.25 107.36909485
v 87.46061707 214.30715942 101.22580719
v 90.51776886 211.25 101.11904907
v 87.46061707 214.30715942 96.27419281
v 90.51776886 211.25 96.38095093
v 87.46061707 214.30715942 94.97580719
v 90.51776886 211.25 94.86904907
v 87.46061707 214.30715942 90.02419281
v 90.51776886 211.25 90.13095093
v 87.46061707 214.30715942 29.399189
v 87.46061707 214.30715942 88.72580719
v 90.51776886 211.25 29.50594902
v 90.51776886 211.25 88.61904907
v 87.46061707 214.30715942 28.100811
v 90.51776886 211.25 27.99405098
v 200.75595093 211.25 29.50594902
v 211.18780518 214.8568573 29.37999916
v 212.30929565 214.43476868 29.39474106
v 211.18780518 214.8568573 28.12000084
v 212.30929565 214.43476868 28.10525894
v 200.75595093 211.25 27.99405098
v 88.5565033 214.78709412 29.38242912
v 89.73699951 214.99307251 29.37524033
v 99.24404907 211.25 29.50594902
v 99.24404907 211.25 27.99405098
v 89.73699951 214.99307251 28.12475967
v 88.5565033 214.78709412 28.11757088
v 200.75595093 211.25 90.13095093
v 210.26300049 214.99307251 90.00023651
v 211.4434967 214.78709412 90.00743866
v 200.75595093 211.25 88.61904907
v 210.26300049 214.99307251 88.74976349
v 211.4434967 214.78709412 88.74256897
v 200.75595093 211.25 96.38095093
v 210.26300049 214.99307251 96.25023651
v 211.4434967 214.78709412 96.25743866
v 200.75595093 211.25 94.86904907
v 210.26300049 214.99307251 94.99976349
v 211.4434967 214.78709412 94.99256134
v 200.75595093 211.25 102.63095093
v 210.26300049 214.99307251 102.50023651
v 211.4434967 214.78709412 102.50743866
v 200.75595093 211.25 101.11904907
v 210.26300049 214.99307251 101.24976349
v 211.4434967 214.78709412 101.24256134
v 200.75595093 211.25 108.88090515
v 210.26300049 214.99307251 108.75019836
v 211.4434967 214.78709412 108.75740051
v 200.75595093 211.25 107.36909485
v 210.26300049 214.99307251 107.49980164
v 211.4434967 214.78709412 107.49259949
v 99.24404907 211.25 108.88090515
v 87.69071198 214.43476868 108.7696991
v 88.81218719 214.8568573 108.75499725
v 99.24404907 211.25 107.36909485
v 88.81218719 214.8568573 107.49500275
v 87.69071198 214.43476868 107.4803009
v 99.24404907 211.25 102.63095093
v 87.69071198 214.43476868 102.51974487
v 88.81218719 214.8568573 102.50499725
v 99.24404907 211.25 101.11904907
v 88.81218719 214.8568573 101.24500275
v 87.69071198 214.43476868 101.23025513
v 99.24404907 211.25 96.38095093
v 87.69071198 214.43476868 96.26974487
v 88.81218719 214.8568573 96.25499725
v 99.24404907 211.25 94.86904907
v 88.81218719 214.8568573 94.99500275
v 87.69071198 214.43476868 94.98025513
v 99.24404907 211.25 90.13095093
v 87.69071198 214.43476868 90.01974487
v 88.81218719 214.8568573 90.00499725
v 99.24404907 211.25 88.61904907
v 88.81218719 214.8568573 88.74500275
v 87.69071198 214.43476868 88.73025513
v 211.25 90.51776886 27.99405098
v 214.30715942 87.46061707 28.100811
v 211.25 90.51776886 88.61904907
v 214.30715942 87.46061707 88.72580719
v 211.25 90.51776886 29.50594902
v 214.30715942 87.46061707 29.399189
v 211.25 90.51776886 90.13095093
v 211.25 90.51776886 94.86904907
v 214.30715942 87.46061707 90.02419281
v 214.30715942 87.46061707 94.97580719
v 211.25 90.51776886 96.38095093
v 211.25 90.51776886 101.11904907
v 214.30715942 87.46061707 96.27419281
v 214.30715942 87.46061707 101.22580719
v 211.25 90.51776886 107.36909485
v 214.30715942 87.46061707 107.47579956
v 211.25 90.51776886 102.63095093
v 214.30715942 87.46061707 102.52419281
v 211.25 90.51776886 113.75
v 214.30715942 87.46061707 113.75
v 211.25 90.51776886 108.88090515
v 214.30715942 87.46061707 108.77420044
v 214.30715942 212.53938293 108.77420044
v 214.30715942 212.53938293 113.75
v 211.25 209.48223877 108.88090515
v 211.25 209.48223877 113.75
v 214.30715942 212.53938293 102.52419281
v 214.30715942 212.53938293 107.47579956
v 211.25 209.48223877 102.63095093
v 211.25 209.48223877 107.36909485
v 214.30715942 212.53938293 101.22580719
v 211.25 209.48223877 101.11904907
v 214.30715942 212.53938293 96.27419281
v 211.25 209.48223877 96.38095093
v 214.30715942 212.53938293 94.97580719
v 211.25 209.48223877 94.86904907
v 214.30715942 212.53938293 90.02419281
v 211.25 209.48223877 90.13095093
v 214.30715942 212.53938293 29.399189
v 214.30715942 212.53938293 88.72580719
v 211.25 209.48223877 29.50594902
v 211.25 209.48223877 88.61904907
v 214.30715942 212.53938293 28.100811
v 211.25 209.48223877 27.99405098
v 211.25 99.24404907 29.50594902
v 214.8568573 88.81218719 29.37999916
v 214.43476868 87.69071198 29.39474106
v 214.8568573 88.81218719 28.12000084
v 214.43476868 87.69071198 28.10525894
v 211.25 99.24404907 27.99405098
v 214.78709412 211.4434967 29.38242912
v 214.99307251 210.26300049 29.37524033
v 211.25 200.75595093 29.50594902
v 211.25 200.75595093 27.99405098
v 214.99307251 210.26300049 28.12475967
v 214.78709412 211.4434967 28.11757088
v 211.25 99.24404907 90.13095093
v 214.99307251 89.73699951 90.00023651
v 214.78709412 88.5565033 90.00743866
v 211.25 99.24404907 88.61904907
v 214.99307251 89.73699951 88.74976349
v 214.78709412 88.5565033 88.74256897
v 211.25 99.24404907 96.38095093
v 214.99307251 89.73699951 96.25023651
v 214.78709412 88.5565033 96.25743866
v 211.25 99.24404907 94.86904907
v 214.99307251 89.73699951 94.99976349
v 214.78709412 88.5565033 94.99256134
v 211.25 99.24404907 102.63095093
v 214.99307251 89.73699951 102.50023651
v 214.78709412 88.5565033 102.50743866
v 211.25 99.24404907 101.11904907
v 214.99307251 89.73699951 101.24976349
v 214.78709412 88.5565033 101.24256134
v 211.25 99.24404907 108.88090515
v 214.99307251 89.73699951 108.75019836
v 214.78709412 88.5565033 108.75740051
v 211.25 99.24404907 107.36909485
v 214.99307251 89.73699951 107.49980164
v 214.78709412 88.5565033 107.49259949
v 211.25 200.75595093 108.88090515
v 214.43476868 212.30929565 108.7696991
v 214.8568573 211.18780518 108.75499725
v 211.25 200.75595093 107.36909485
v 214.8568573 211.18780518 107.49500275
v 214.43476868 212.30929565 107.4803009
v 211.25 200.75595093 102.63095093
v 214.43476868 212.30929565 102.51974487
v 214.8568573 211.18780518 102.50499725
v 211.25 200.75595093 101.11904907
v 214.8568573 211.18780518 101.24500275
v 214.43476868 212.30929565 101.23025513
v 211.25 200.75595093 96.38095093
v 214.43476868 212.30929565 96.26974487
v 214.8568573 211.18780518 96.25499725
v 211.25 200.75595093 94.86904907
v 214.8568573 211.18780518 94.99500275
v 214.43476868 212.30929565 94.98025513
v 211.25 200.75595093 90.13095093
v 214.43476868 212.30929565 90.01974487
v 214.8568573 211.18780518 90.00499725
v 211.25 200.75595093 88.61904907
v 214.8568573 211.18780518 88.74500275
v 214.43476868 212.30929565 88.73025513
v 99.24404907 88.75 113.75
v 88.2613678 85.31201935 113.75
v 89.11680603 85.07862091 113.75
v 211.7386322 85.31201935 113.75
v 210.88319397 85.07862091 113.75
v 200.75595093 88.75 113.75
v 88.75 200.75595093 113.75
v 85.31201935 211.7386322 113.75
v 85.07862091 210.88319397 113.75
v 88.75 99.24404907 113.75
v 85.31201935 88.26137543 113.75
v 85.07862091 89.11680603 113.75
v 200.75595093 211.25 113.75
v 211.7386322 214.68798828 113.75
v 210.88319397 214.92138672 113.75
v 88.2613678 214.68798828 113.75
v 89.11680603 214.92138672 113.75
v 99.24404907 211.25 113.75
v 211.25 99.24404907 113.75
v 214.68798828 88.26137543 113.75
v 214.92138672 89.11680603 113.75
v 211.25 200.75595093 113.75
v 214.68798828 211.7386322 113.75
v 214.92138672 210.88319397 113.75
v 209.87763977 91.72746277 115
v 210 92.5 115
v 210 207.5 115
v 209.87763977 208.27253723 115
v 209.52253723 208.9694519 115
v 214.87463379 211.1125946 115
v 214.50483704 212.16941833 115
v 209.52253723 91.03054047 115
v 214.87463379 88.8874054 115
v 214.50483704 87.83058167 115
v 213.90914917 86.8825531 115
v 213.1174469 86.09085083 115
v 208.9694519 90.47746277 115
v 212.16941833 85.49516296 115
v 211.1125946 85.12535858 115
v 208.27253723 90.12236023 115
v 207.5 90 115
v 92.5 90 115
v 91.72746277 90.12236023 115
v 91.03054047 90.47746277 115
v 88.8874054 85.12535858 115
v 87.83058167 85.49516296 115
v 86.8825531 86.09085083 115
v 90.47746277 91.03054047 115
v 86.09085083 86.8825531 115
v 85.49516296 87.83058167 115
v 85.12535858 88.8874054 115
v 90.12236023 91.72746277 115
v 90 92.5 115
v 90 207.5 115
v 90.12236023 208.27253723 115
v 90.47746277 208.9694519 115
v 91.03054047 209.52253723 115
v 86.8825531 213.90914917 115
v 86.09085083 213.1174469 115
v 85.49516296 212.16941833 115
v 91.72746277 209.87763977 115
v 88.8874054 214.87463379 115
v 87.83058167 214.50483704 115
v 92.5 210 115
v 207.5 210 115
v 208.27253723 209.87763977 115
v 208.9694519 209.52253723 115
v 213.1174469 213.90914917 115
v 212.16941833 214.50483704 115
v 211.1125946 214.87463379 115
v 213.90914917 213.1174469 115
v 85.12535858 211.1125946 115
v 211.25 199.24404907 3.75
v 211.25 100.75595093 3.75
v 100.75595093 211.25 3.75
v 199.24404907 211.25 3.75
v 88.75 199.24404907 3.75
v 88.75 100.75595093 3.75
v 181.69407654 88.75 72.5
v 190.83332825 88.75 81.63925171
v 189.76425171 88.75 82.70832825
v 180.625 88.75 73.56907654
v 199.24404907 88.75 71.77146149
v 199.24404907 88.75 73.22853851
v 183.85354614 88.75 88.61904907
v 181.19674683 88.75 88.61904907
v 102.18688202 88.75 88.61904907
v 108.09759521 88.75 82.70832825
v 109.16667175 88.75 83.77740479
v 104.32502747 88.75 88.61904907
v 114.00830078 88.75 88.61904907
v 100.75595093 88.75 75.36669922
v 100.75595093 88.75 88.61904907
v 199.24404907 88.75 54.95003128
v 199.24404907 88.75 69.63330078
v 172.39019775 88.75 85.88842773
v 178.51034546 88.75 84.51557159
v 173.00323486 88.75 87.21954346
v 179.21588135 88.75 86.53163147
v 173.43803406 88.75 88.61904907
v 179.66862488 88.75 88.61904907
v 177.56269836 88.75 82.60137177
v 171.60932922 88.75 84.64829254
v 176.38726807 88.75 80.81793976
v 175.00180054 88.75 79.19228363
v 170.67388916 88.75 83.52017975
v 178.91165161 88.75 81.91468048
v 179.95320129 88.75 84.04748535
v 177.61074829 88.75 79.92941284
v 180.71893311 88.75 86.29410553
v 176.07104492 88.75 78.12303925
v 191.90240479 88.75 82.70832825
v 197.81311035 88.75 88.61904907
v 195.67497253 88.75 88.61904907
v 190.83332825 88.75 83.77740479
v 191.90240479 88.75 62.29167175
v 190.83332825 88.75 63.36074829
v 100.75595093 88.75 54.95003128
v 100.75595093 88.75 69.63330078
v 126.99676514 88.75 87.21954346
v 121.48964691 88.75 84.51557159
v 127.60980225 88.75 85.88842773
v 122.43730164 88.75 82.60137177
v 128.39067078 88.75 84.64829254
v 123.61273956 88.75 80.81793976
v 124.99819946 88.75 79.19228363
v 120.78411102 88.75 86.53163147
v 126.56196594 88.75 88.61904907
v 120.33137512 88.75 88.61904907
v 129.32611084 88.75 83.52017975
v 120.04679871 88.75 84.04748535
v 121.08834839 88.75 81.91468048
v 119.28106689 88.75 86.29410553
v 122.38925171 88.75 79.92941284
v 118.80325317 88.75 88.61904907
v 123.92895508 88.75 78.12303925
v 109.16667175 88.75 81.63925171
v 118.30592346 88.75 72.5
v 119.375 88.75 73.56907654
v 110.23574829 88.75 82.70832825
v 109.16667175 88.75 63.36074829
v 100.75595093 88.75 71.77146149
v 108.09759521 88.75 62.29167175
v 179.55592346 88.75 31.66666985
v 170.41667175 88.75 40.80591965
v 171.48574829 88.75 41.875
v 180.625 88.75 32.73575211
v 163.43812561 88.75 29.50594902
v 177.39520264 88.75 29.50594902
v 199.24404907 88.75 51.35478973
v 199.24404907 88.75 52.81187057
v 180.625 88.75 51.01425934
v 189.76425171 88.75 41.875
v 181.69407654 88.75 52.08332825
v 190.83332825 88.75 42.94408035
v 150 88.75 40.80591965
v 159.13925171 88.75 31.66666985
v 160.20832825 88.75 32.73575211
v 151.06907654 88.75 41.875
v 143.02145386 88.75 29.50594902
v 156.97854614 88.75 29.50594902
v 160.20832825 88.75 51.01425934
v 169.34759521 88.75 41.875
v 170.41667175 88.75 42.94408035
v 161.27740479 88.75 52.08332825
v 199.24404907 88.75 75.36669922
v 199.24404907 88.75 88.61904907
v 170.41667175 88.75 61.2225914
v 179.55592346 88.75 52.08332825
v 180.625 88.75 53.1524086
v 171.48574829 88.75 62.29167175
v 100.75595093 88.75 34.53337097
v 100.75595093 88.75 49.21662903
v 108.09759521 88.75 41.875
v 100.75595093 88.75 32.39521027
v 109.16667175 88.75 40.80591965
v 118.30592346 88.75 31.66666985
v 116.14521027 88.75 29.50594902
v 118.28337097 88.75 29.50594902
v 119.375 88.75 30.59758949
v 120.46664429 88.75 29.50594902
v 138.70002747 88.75 29.50594902
v 140.88330078 88.75 29.50594902
v 100.75595093 88.75 51.35478973
v 100.75595093 88.75 52.81187057
v 109.16667175 88.75 42.94408035
v 118.30592346 88.75 52.08332825
v 110.23574829 88.75 41.875
v 119.375 88.75 51.01425934
v 119.375 88.75 32.73575211
v 128.51425171 88.75 41.875
v 129.58332825 88.75 40.80591965
v 120.44407654 88.75 31.66666985
v 138.72259521 88.75 31.66666985
v 136.56187439 88.75 29.50594902
v 139.79167175 88.75 30.59758949
v 139.79167175 88.75 51.01425934
v 148.93092346 88.75 41.875
v 150 88.75 42.94408035
v 140.86074829 88.75 52.08332825
v 122.60478973 88.75 29.50594902
v 150 88.75 61.2225914
v 159.13925171 88.75 52.08332825
v 160.20832825 88.75 53.1524086
v 151.06907654 88.75 62.29167175
v 185.99169922 88.75 88.61904907
v 160.20832825 88.75 71.43092346
v 169.34759521 88.75 62.29167175
v 170.41667175 88.75 63.36074829
v 161.40835571 88.75 72.36904907
v 160.20832825 88.75 30.59758949
v 161.29997253 88.75 29.50594902
v 161.27740479 88.75 31.66666985
v 199.24404907 88.75 29.50594902
v 199.24404907 88.75 32.39521027
v 159.11669922 88.75 29.50594902
v 140.99169922 88.75 72.36904907
v 159.00830078 88.75 72.36904907
v 180.625 88.75 30.59758949
v 181.71662903 88.75 29.50594902
v 183.85479736 88.75 29.50594902
v 181.69407654 88.75 31.66666985
v 179.53335571 88.75 29.50594902
v 100.75595093 88.75 29.50594902
v 137.5 88.75 72.36904907
v 138.59164429 88.75 72.36904907
v 129.58332825 88.75 61.2225914
v 138.72259521 88.75 52.08332825
v 139.79167175 88.75 53.1524086
v 130.65240479 88.75 62.29167175
v 116.14646149 88.75 88.61904907
v 169.56268311 88.75 82.4932251
v 168.31268311 88.75 81.61801147
v 173.90548706 88.75 78.15042877
v 172.26397705 88.75 76.88515472
v 166.95576477 88.75 80.92001343
v 170.4834137 88.75 75.82440948
v 165.5168457 88.75 80.41204834
v 168.58920288 88.75 74.98329926
v 164.02243042 88.75 80.10348511
v 166.60829163 88.75 74.37380981
v 164.56887817 88.75 74.00460815
v 162.5 88.75 80
v 162.5 88.75 73.88095093
v 160.96429443 88.75 73.88095093
v 160.96429443 88.75 80
v 150.75595093 88.75 73.88095093
v 159.45237732 88.75 73.88095093
v 159.45237732 88.75 80
v 150.75595093 88.75 80
v 140.54762268 88.75 73.88095093
v 149.24404907 88.75 73.88095093
v 149.24404907 88.75 80
v 140.54762268 88.75 80
v 137.5 88.75 73.88095093
v 139.03570557 88.75 73.88095093
v 179.86904907 88.75 113.75
v 171.17262268 88.75 113.75
v 179.86904907 88.75 108.88090515
v 171.17262268 88.75 108.88090515
v 179.86904907 88.75 107.36909485
v 171.17262268 88.75 107.36909485
v 179.86904907 88.75 102.63095093
v 171.17262268 88.75 102.63095093
v 169.66070557 88.75 113.75
v 160.96429443 88.75 113.75
v 169.66070557 88.75 108.88090515
v 160.96429443 88.75 108.88090515
v 169.66070557 88.75 107.36909485
v 160.96429443 88.75 107.36909485
v 169.66070557 88.75 102.63095093
v 160.96429443 88.75 102.63095093
v 159.45237732 88.75 113.75
v 150.75595093 88.75 113.75
v 159.45237732 88.75 108.88090515
v 150.75595093 88.75 108.88090515
v 159.45237732 88.75 107.36909485
v 150.75595093 88.75 107.36909485
v 159.45237732 88.75 102.63095093
v 150.75595093 88.75 102.63095093
v 149.24404907 88.75 113.75
v 140.54762268 88.75 113.75
v 149.24404907 88.75 108.88090515
v 140.54762268 88.75 108.88090515
v 149.24404907 88.75 107.36909485
v 140.54762268 88.75 107.36909485
v 149.24404907 88.75 102.63095093
v 140.54762268 88.75 102.63095093
v 139.03570557 88.75 113.75
v 130.33929443 88.75 113.75
v 139.03570557 88.75 108.88090515
v 130.33929443 88.75 108.88090515
v 139.03570557 88.75 107.36909485
v 130.33929443 88.75 107.36909485
v 139.03570557 88.75 102.63095093
v 130.33929443 88.75 102.63095093
v 128.82737732 88.75 113.75
v 120.13095093 88.75 113.75
v 128.82737732 88.75 108.88090515
v 120.13095093 88.75 108.88090515
v 118.61904907 88.75 113.75
v 100.75595093 88.75 113.75
v 118.61904907 88.75 108.88090515
v 100.75595093 88.75 108.88090515
v 173.74862671 88.75 96.38095093
v 179.86904907 88.75 96.38095093
v 173.57234192 88.75 97.72957611
v 179.86904907 88.75 101.11904907
v 173.10848999 88.75 99.00814056
v 172.37904358 88.75 100.15608215
v 171.41853333 88.75 101.11904907
v 179.86904907 88.75 94.86904907
v 173.75 88.75 94.86904907
v 179.86904907 88.75 91.25
v 173.75 88.75 91.25
v 179.83296204 88.75 90.13095093
v 173.69421387 88.75 90.13095093
v 128.82737732 88.75 107.36909485
v 120.13095093 88.75 107.36909485
v 128.82737732 88.75 102.63095093
v 120.13095093 88.75 102.63095093
v 118.61904907 88.75 107.36909485
v 100.75595093 88.75 107.36909485
v 118.61904907 88.75 102.63095093
v 100.75595093 88.75 102.63095093
v 139.03570557 88.75 80
v 137.5 88.75 80
v 135.43112183 88.75 74.00460815
v 135.97756958 88.75 80.10348511
v 133.39170837 88.75 74.37380981
v 131.41079712 88.75 74.98329926
v 134.4831543 88.75 80.41204834
v 129.5165863 88.75 75.82440948
v 133.04423523 88.75 80.92001343
v 127.73603058 88.75 76.88515472
v 131.68731689 88.75 81.61801147
v 126.09451294 88.75 78.15042877
v 130.43731689 88.75 82.4932251
v 126.25137329 88.75 96.38095093
v 126.42765808 88.75 97.72957611
v 120.13095093 88.75 96.38095093
v 120.13095093 88.75 101.11904907
v 126.89151001 88.75 99.00814056
v 127.62095642 88.75 100.15608215
v 128.58146667 88.75 101.11904907
v 126.25 88.75 94.86904907
v 120.13095093 88.75 94.86904907
v 126.25 88.75 91.25
v 120.13095093 88.75 91.25
v 120.16703796 88.75 90.13095093
v 126.30578613 88.75 90.13095093
v 199.24404907 88.75 113.75
v 181.38095093 88.75 113.75
v 199.24404907 88.75 108.88090515
v 181.38095093 88.75 108.88090515
v 199.24404907 88.75 102.63095093
v 199.24404907 88.75 107.36909485
v 199.24404907 88.75 101.11904907
v 181.38095093 88.75 101.11904907
v 199.24404907 88.75 96.38095093
v 181.38095093 88.75 96.38095093
v 199.24404907 88.75 90.13095093
v 199.24404907 88.75 94.86904907
v 181.34776306 88.75 90.13095093
v 181.38095093 88.75 91.25
v 181.38095093 88.75 94.86904907
v 199.24404907 88.75 34.53337097
v 199.24404907 88.75 49.21662903
v 181.38095093 88.75 107.36909485
v 181.38095093 88.75 102.63095093
v 100.75595093 88.75 96.38095093
v 100.75595093 88.75 101.11904907
v 118.61904907 88.75 101.11904907
v 118.61904907 88.75 96.38095093
v 100.75595093 88.75 90.13095093
v 100.75595093 88.75 94.86904907
v 118.65223694 88.75 90.13095093
v 118.61904907 88.75 91.25
v 118.61904907 88.75 94.86904907
v 100.75595093 88.75 73.22853851
v 199.24404907 88.75 27.99405098
v 100.75595093 88.75 27.99405098
v 199.24404907 88.75 3.75
v 100.75595093 88.75 3.75
v 169.16815186 90 73.58573914
v 165.92019653 90 81.85308075
v 171.24015808 90 74.5138092
v 167.5 90 82.5897522
v 173.18579102 90 75.68386841
v 168.92788696 90 83.5895462
v 174.97691345 90 77.07901001
v 176.07104492 90 78.12303925
v 180.625 90 73.56907654
v 166.99972534 90 72.91307068
v 164.23648071 90 81.40193176
v 164.76625061 90 72.5055542
v 162.5 90 81.25
v 162.5 90 72.36904907
v 161.40835571 90 72.36904907
v 170.41667175 90 63.36074829
v 169.34759521 90 62.29167175
v 160.20832825 90 71.43092346
v 159.00830078 90 72.36904907
v 151.06907654 90 62.29167175
v 150 90 63.36074829
v 148.93092346 90 62.29167175
v 140.99169922 90 72.36904907
v 139.79167175 90 71.43092346
v 138.59164429 90 72.36904907
v 130.65240479 90 62.29167175
v 129.58332825 90 63.36074829
v 128.51425171 90 62.29167175
v 119.375 90 71.43092346
v 179.55592346 90 72.5
v 180.625 90 71.43092346
v 171.48574829 90 62.29167175
v 170.41667175 90 61.2225914
v 160.20832825 90 53.1524086
v 161.27740479 90 52.08332825
v 159.13925171 90 52.08332825
v 160.20832825 90 51.01425934
v 150 90 42.94408035
v 151.06907654 90 41.875
v 148.93092346 90 41.875
v 150 90 40.80591965
v 139.79167175 90 32.73575211
v 140.86074829 90 31.66666985
v 138.72259521 90 31.66666985
v 139.79167175 90 30.59758949
v 138.70002747 90 29.50594902
v 181.69407654 90 72.5
v 190.83332825 90 63.36074829
v 189.76425171 90 62.29167175
v 191.90240479 90 62.29167175
v 190.83332825 90 61.2225914
v 199.24404907 90 54.95003128
v 199.24404907 90 52.81187057
v 207.5 90 3.75
v 199.24404907 90 51.35478973
v 199.24404907 90 49.21662903
v 190.83332825 90 42.94408035
v 191.90240479 90 41.875
v 189.76425171 90 41.875
v 190.83332825 90 40.80591965
v 180.625 90 32.73575211
v 181.69407654 90 31.66666985
v 179.55592346 90 31.66666985
v 180.625 90 30.59758949
v 179.53335571 90 29.50594902
v 109.16667175 90 61.2225914
v 119.375 90 53.1524086
v 118.30592346 90 52.08332825
v 120.44407654 90 52.08332825
v 119.375 90 51.01425934
v 129.58332825 90 42.94408035
v 128.51425171 90 41.875
v 130.65240479 90 41.875
v 129.58332825 90 40.80591965
v 100.75595093 90 52.81187057
v 100.75595093 90 54.95003128
v 108.09759521 90 62.29167175
v 110.23574829 90 62.29167175
v 109.16667175 90 63.36074829
v 118.30592346 90 72.5
v 120.44407654 90 72.5
v 119.375 90 73.56907654
v 125.02308655 90 77.07901001
v 123.92895508 90 78.12303925
v 131.07211304 90 83.5895462
v 129.83956909 90 84.82212067
v 122.38925171 90 79.92941284
v 128.8397522 90 86.25
v 121.08834839 90 81.91468048
v 120.04679871 90 84.04748535
v 92.5 90 3.75
v 100.75595093 90 51.35478973
v 100.75595093 90 49.21662903
v 109.16667175 90 42.94408035
v 108.09759521 90 41.875
v 110.23574829 90 41.875
v 109.16667175 90 40.80591965
v 119.375 90 32.73575211
v 118.30592346 90 31.66666985
v 120.44407654 90 31.66666985
v 119.375 90 30.59758949
v 120.46664429 90 29.50594902
v 122.60478973 90 29.50594902
v 136.56187439 90 29.50594902
v 109.16667175 90 81.63925171
v 110.23574829 90 82.70832825
v 108.09759521 90 82.70832825
v 109.16667175 90 83.77740479
v 104.32502747 90 88.61904907
v 102.18688202 90 88.61904907
v 100.75595093 90 88.61904907
v 100.75595093 90 75.36669922
v 128.10308838 90 87.82980347
v 119.28106689 90 86.29410553
v 127.6519165 90 89.51351929
v 118.80325317 90 88.61904907
v 127.5 90 91.25
v 127.5 90 96.25
v 127.62535858 90 97.36260223
v 116.14646149 90 88.61904907
v 114.00830078 90 88.61904907
v 180.625 90 53.1524086
v 181.69407654 90 52.08332825
v 179.55592346 90 52.08332825
v 180.625 90 51.01425934
v 170.41667175 90 42.94408035
v 171.48574829 90 41.875
v 169.34759521 90 41.875
v 170.41667175 90 40.80591965
v 160.20832825 90 32.73575211
v 161.27740479 90 31.66666985
v 159.13925171 90 31.66666985
v 160.20832825 90 30.59758949
v 159.11669922 90 29.50594902
v 140.86074829 90 52.08332825
v 139.79167175 90 53.1524086
v 150 90 61.2225914
v 139.79167175 90 51.01425934
v 138.72259521 90 52.08332825
v 129.58332825 90 61.2225914
v 100.75595093 90 69.63330078
v 100.75595093 90 71.77146149
v 100.75595093 90 73.22853851
v 118.28337097 90 29.50594902
v 116.14521027 90 29.50594902
v 100.75595093 90 29.50594902
v 100.75595093 90 32.39521027
v 100.75595093 90 34.53337097
v 199.24404907 90 69.63330078
v 199.24404907 90 71.77146149
v 199.24404907 90 73.22853851
v 199.24404907 90 75.36669922
v 190.83332825 90 81.63925171
v 191.90240479 90 82.70832825
v 189.76425171 90 82.70832825
v 190.83332825 90 83.77740479
v 185.99169922 90 88.61904907
v 183.85354614 90 88.61904907
v 172.37463379 90 97.36260223
v 181.19674683 90 88.61904907
v 172.5 90 96.25
v 172.5 90 91.25
v 172.3480835 90 89.51351929
v 180.71893311 90 86.29410553
v 171.89691162 90 87.82980347
v 179.95320129 90 84.04748535
v 171.1602478 90 86.25
v 178.91165161 90 81.91468048
v 177.61074829 90 79.92941284
v 170.16043091 90 84.82212067
v 195.67497253 90 88.61904907
v 197.81311035 90 88.61904907
v 199.24404907 90 88.61904907
v 181.71662903 90 29.50594902
v 177.39520264 90 29.50594902
v 183.85479736 90 29.50594902
v 199.24404907 90 29.50594902
v 199.24404907 90 32.39521027
v 199.24404907 90 34.53337097
v 132.5 90 101.25
v 131.38739014 90 101.12464142
v 130.33058167 90 100.75484467
v 156.97854614 90 29.50594902
v 161.29997253 90 29.50594902
v 127.99516296 90 98.41941833
v 163.43812561 90 29.50594902
v 137.5 90 81.25
v 137.5 90 72.36904907
v 140.88330078 90 29.50594902
v 143.02145386 90 29.50594902
v 135.23374939 90 72.5055542
v 135.76351929 90 81.40193176
v 133.00027466 90 72.91307068
v 134.07980347 90 81.85308075
v 130.83184814 90 73.58573914
v 128.75984192 90 74.5138092
v 132.5 90 82.5897522
v 126.81420898 90 75.68386841
v 172.00483704 90 98.41941833
v 171.40916443 90 99.3674469
v 170.6174469 90 100.1591568
v 169.66941833 90 100.75484467
v 168.61260986 90 101.12464142
v 167.5 90 101.25
v 129.3825531 90 100.1591568
v 128.59083557 90 99.3674469
v 173.18579102 88.75 75.68386841
v 174.97691345 88.75 77.07901001
v 171.24015808 88.75 74.5138092
v 169.16815186 88.75 73.58573914
v 166.99972534 88.75 72.91307068
v 164.76625061 88.75 72.5055542
v 162.5 88.75 72.36904907
v 125.02308655 88.75 77.07901001
v 126.81420898 88.75 75.68386841
v 128.75984192 88.75 74.5138092
v 130.83184814 88.75 73.58573914
v 133.00027466 88.75 72.91307068
v 135.23374939 88.75 72.5055542
v 119.375 88.75 71.43092346
v 128.51425171 88.75 62.29167175
v 129.58332825 88.75 63.36074829
v 120.44407654 88.75 72.5
v 119.375 88.75 53.1524086
v 120.44407654 88.75 52.08332825
v 139.79167175 88.75 71.43092346
v 148.93092346 88.75 62.29167175
v 150 88.75 63.36074829
v 129.58332825 88.75 42.94408035
v 130.65240479 88.75 41.875
v 190.83332825 88.75 40.80591965
v 191.90240479 88.75 41.875
v 139.79167175 88.75 32.73575211
v 140.86074829 88.75 31.66666985
v 180.625 88.75 71.43092346
v 179.55592346 88.75 72.5
v 110.23574829 88.75 62.29167175
v 109.16667175 88.75 61.2225914
v 190.83332825 88.75 61.2225914
v 189.76425171 88.75 62.29167175
v 94.67155457 92.25 3.75
v 91.72746277 90.12236023 3.75
v 208.27253723 90.12236023 3.75
v 205.32844543 92.25 3.75
v 92.25 94.67155457 3.75
v 107.57359314 109.99514771 3.75
v 118.18019867 120.60176086 3.75
v 128.7868042 131.20835876 3.75
v 139.3934021 141.81495667 3.75
v 150 152.42155457 3.75
v 160.6065979 163.02816772 3.75
v 171.2131958 173.63476562 3.75
v 181.8197937 184.24136353 3.75
v 192.42640686 194.84796143 3.75
v 203.03300476 205.45455933 3.75
v 208.9694519 209.52253723 3.75
v 209.52253723 208.9694519 3.75
v 209.87763977 208.27253723 3.75
v 210 207.5 3.75
v 207.75 200.73757935 3.75
v 90 92.5 3.75
v 90.12236023 91.72746277 3.75
v 90.47746277 91.03054047 3.75
v 92.25 104.10553741 3.75
v 92.25 111.04163361 3.75
v 94.54544067 118.18019867 3.75
v 96.96699524 120.60176086 3.75
v 105.15203094 128.7868042 3.75
v 115.75862885 139.3934021 3.75
v 120.47563171 92.25 3.75
v 136.97183228 96.96698761 3.75
v 126.365242 107.57358551 3.75
v 132.25485229 92.25 3.75
v 147.57844543 107.57358551 3.75
v 115.75862885 96.96698761 3.75
v 111.04164124 92.25 3.75
v 158.18504333 96.96698761 3.75
v 162.90202332 92.25 3.75
v 174.6812439 92.25 3.75
v 179.39823914 96.96698761 3.75
v 184.24136353 96.96698761 3.75
v 190.00485229 107.57358551 3.75
v 194.84796143 107.57358551 3.75
v 153.4680481 92.25 3.75
v 141.68882751 92.25 3.75
v 136.97183228 118.18019867 3.75
v 147.57844543 128.7868042 3.75
v 94.54544067 139.3934021 3.75
v 92.25 146.5319519 3.75
v 92.25 153.4680481 3.75
v 90 207.5 3.75
v 107.57359314 152.42155457 3.75
v 118.18019867 163.02816772 3.75
v 94.54544067 160.6065979 3.75
v 107.57359314 173.63476562 3.75
v 94.54544067 181.8197937 3.75
v 126.365242 150 3.75
v 158.18504333 118.18019867 3.75
v 168.79164124 128.7868042 3.75
v 168.79164124 107.57358551 3.75
v 203.03300476 99.3885498 3.75
v 207.75 94.67155457 3.75
v 208.9694519 90.47746277 3.75
v 209.52253723 91.03054047 3.75
v 188.95835876 92.25 3.75
v 184.11523438 92.25 3.75
v 210 92.5 3.75
v 207.75 115.884758 3.75
v 200.6114502 118.18019867 3.75
v 203.03300476 120.60176086 3.75
v 158.18504333 139.3934021 3.75
v 179.39823914 118.18019867 3.75
v 190.00485229 128.7868042 3.75
v 179.39823914 139.3934021 3.75
v 168.79164124 150 3.75
v 207.75 125.31874847 3.75
v 207.75 137.09797668 3.75
v 200.6114502 139.3934021 3.75
v 203.03300476 141.81495667 3.75
v 190.00485229 150 3.75
v 179.39823914 160.6065979 3.75
v 207.75 146.5319519 3.75
v 200.6114502 160.6065979 3.75
v 203.03300476 163.02816772 3.75
v 207.75 167.74514771 3.75
v 207.75 179.52436829 3.75
v 200.6114502 181.8197937 3.75
v 203.03300476 184.24136353 3.75
v 207.75 158.31117249 3.75
v 190.00485229 171.2131958 3.75
v 136.97183228 160.6065979 3.75
v 128.7868042 173.63476562 3.75
v 118.18019867 184.24136353 3.75
v 107.57359314 194.84796143 3.75
v 99.3885498 203.03300476 3.75
v 94.54544067 203.03300476 3.75
v 91.03054047 209.52253723 3.75
v 90.47746277 208.9694519 3.75
v 147.57844543 171.2131958 3.75
v 158.18504333 181.8197937 3.75
v 128.7868042 194.84796143 3.75
v 120.60176086 203.03300476 3.75
v 120.47563171 207.75 3.75
v 92.5 210 3.75
v 141.81495667 203.03300476 3.75
v 150 194.84796143 3.75
v 139.3934021 184.24136353 3.75
v 168.79164124 192.42640686 3.75
v 171.2131958 194.84796143 3.75
v 179.39823914 203.03300476 3.75
v 207.75 188.95835876 3.75
v 99.26242065 207.75 3.75
v 162.90202332 207.75 3.75
v 207.5 210 3.75
v 141.68882751 207.75 3.75
v 184.24136353 203.03300476 3.75
v 184.11523438 207.75 3.75
v 92.25 195.89447021 3.75
v 92.25 188.95835876 3.75
v 91.72746277 209.87763977 3.75
v 92.25 174.6812439 3.75
v 92.25 167.74514771 3.75
v 209.87763977 91.72746277 3.75
v 208.27253723 209.87763977 3.75
v 90.12236023 208.27253723 3.75
v 91.03054047 90.47746277 3.75
v 88.75 118.30592346 72.5
v 88.75 109.16667175 81.63925171
v 88.75 110.23574829 82.70832825
v 88.75 119.375 73.56907654
v 88.75 100.75595093 71.77146149
v 88.75 100.75595093 73.22853851
v 88.75 116.14646149 88.61904907
v 88.75 118.80325317 88.61904907
v 88.75 197.81311035 88.61904907
v 88.75 191.90240479 82.70832825
v 88.75 190.83332825 83.77740479
v 88.75 195.67497253 88.61904907
v 88.75 185.99169922 88.61904907
v 88.75 199.24404907 75.36669922
v 88.75 199.24404907 88.61904907
v 88.75 100.75595093 54.95003128
v 88.75 100.75595093 69.63330078
v 88.75 127.60980225 85.88842773
v 88.75 121.48964691 84.51557159
v 88.75 126.99676514 87.21954346
v 88.75 120.78411102 86.53163147
v 88.75 126.56196594 88.61904907
v 88.75 120.33137512 88.61904907
v 88.75 122.43730164 82.60137177
v 88.75 128.39067078 84.64829254
v 88.75 123.61273956 80.81793976
v 88.75 124.99819946 79.19228363
v 88.75 129.32611084 83.52017975
v 88.75 121.08834839 81.91468048
v 88.75 120.04679871 84.04748535
v 88.75 122.38925171 79.92941284
v 88.75 119.28106689 86.29410553
v 88.75 123.92895508 78.12303925
v 88.75 108.09759521 82.70832825
v 88.75 102.18688202 88.61904907
v 88.75 104.32502747 88.61904907
v 88.75 109.16667175 83.77740479
v 88.75 108.09759521 62.29167175
v 88.75 109.16667175 63.36074829
v 88.75 199.24404907 54.95003128
v 88.75 199.24404907 69.63330078
v 88.75 173.00323486 87.21954346
v 88.75 178.51034546 84.51557159
v 88.75 172.39019775 85.88842773
v 88.75 177.56269836 82.60137177
v 88.75 171.60932922 84.64829254
v 88.75 176.38726807 80.81793976
v 88.75 175.00180054 79.19228363
v 88.75 179.21588135 86.53163147
v 88.75 173.43803406 88.61904907
v 88.75 179.66862488 88.61904907
v 88.75 170.67388916 83.52017975
v 88.75 179.95320129 84.04748535
v 88.75 178.91165161 81.91468048
v 88.75 180.71893311 86.29410553
v 88.75 177.61074829 79.92941284
v 88.75 181.19674683 88.61904907
v 88.75 176.07104492 78.12303925
v 88.75 190.83332825 81.63925171
v 88.75 181.69407654 72.5
v 88.75 180.625 73.56907654
v 88.75 189.76425171 82.70832825
v 88.75 190.83332825 63.36074829
v 88.75 199.24404907 71.77146149
v 88.75 191.90240479 62.29167175
v 88.75 120.44407654 31.66666985
v 88.75 129.58332825 40.80591965
v 88.75 128.51425171 41.875
v 88.75 119.375 32.73575211
v 88.75 136.56187439 29.50594902
v 88.75 122.60478973 29.50594902
v 88.75 100.75595093 51.35478973
v 88.75 100.75595093 52.81187057
v 88.75 119.375 51.01425934
v 88.75 110.23574829 41.875
v 88.75 118.30592346 52.08332825
v 88.75 109.16667175 42.94408035
v 88.75 150 40.80591965
v 88.75 140.86074829 31.66666985
v 88.75 139.79167175 32.73575211
v 88.75 148.93092346 41.875
v 88.75 156.97854614 29.50594902
v 88.75 143.02145386 29.50594902
v 88.75 139.79167175 51.01425934
v 88.75 130.65240479 41.875
v 88.75 129.58332825 42.94408035
v 88.75 138.72259521 52.08332825
v 88.75 100.75595093 75.36669922
v 88.75 100.75595093 88.61904907
v 88.75 129.58332825 61.2225914
v 88.75 120.44407654 52.08332825
v 88.75 119.375 53.1524086
v 88.75 128.51425171 62.29167175
v 88.75 199.24404907 34.53337097
v 88.75 199.24404907 49.21662903
v 88.75 191.90240479 41.875
v 88.75 199.24404907 32.39521027
v 88.75 190.83332825 40.80591965
v 88.75 181.69407654 31.66666985
v 88.75 183.85479736 29.50594902
v 88.75 181.71662903 29.50594902
v 88.75 180.625 30.59758949
v 88.75 179.53335571 29.50594902
v 88.75 161.29997253 29.50594902
v 88.75 159.11669922 29.50594902
v 88.75 199.24404907 51.35478973
v 88.75 199.24404907 52.81187057
v 88.75 190.83332825 42.94408035
v 88.75 181.69407654 52.08332825
v 88.75 189.76425171 41.875
v 88.75 180.625 51.01425934
v 88.75 180.625 32.73575211
v 88.75 171.48574829 41.875
v 88.75 170.41667175 40.80591965
v 88.75 179.55592346 31.66666985
v 88.75 161.27740479 31.66666985
v 88.75 163.43812561 29.50594902
v 88.75 160.20832825 30.59758949
v 88.75 160.20832825 51.01425934
v 88.75 151.06907654 41.875
v 88.75 150 42.94408035
v 88.75 159.13925171 52.08332825
v 88.75 177.39520264 29.50594902
v 88.75 150 61.2225914
v 88.75 140.86074829 52.08332825
v 88.75 139.79167175 53.1524086
v 88.75 148.93092346 62.29167175
v 88.75 114.00830078 88.61904907
v 88.75 139.79167175 71.43092346
v 88.75 130.65240479 62.29167175
v 88.75 129.58332825 63.36074829
v 88.75 138.59164429 72.36904907
v 88.75 139.79167175 30.59758949
v 88.75 138.70002747 29.50594902
v 88.75 138.72259521 31.66666985
v 88.75 100.75595093 29.50594902
v 88.75 100.75595093 32.39521027
v 88.75 140.88330078 29.50594902
v 88.75 159.00830078 72.36904907
v 88.75 140.99169922 72.36904907
v 88.75 119.375 30.59758949
v 88.75 118.28337097 29.50594902
v 88.75 116.14521027 29.50594902
v 88.75 118.30592346 31.66666985
v 88.75 120.46664429 29.50594902
v 88.75 199.24404907 29.50594902
v 88.75 162.5 72.36904907
v 88.75 161.40835571 72.36904907
v 88.75 170.41667175 61.2225914
v 88.75 161.27740479 52.08332825
v 88.75 160.20832825 53.1524086
v 88.75 169.34759521 62.29167175
v 88.75 183.85354614 88.61904907
v 88.75 130.43731689 82.4932251
v 88.75 131.68731689 81.61801147
v 88.75 126.09451294 78.15042877
v 88.75 127.73603058 76.88515472
v 88.75 133.04423523 80.92001343
v 88.75 129.5165863 75.82440948
v 88.75 134.4831543 80.41204834
v 88.75 131.41079712 74.98329926
v 88.75 135.97756958 80.10348511
v 88.75 133.39170837 74.37380981
v 88.75 135.43112183 74.00460815
v 88.75 137.5 80
v 88.75 137.5 73.88095093
v 88.75 139.03570557 73.88095093
v 88.75 139.03570557 80
v 88.75 149.24404907 73.88095093
v 88.75 140.54762268 73.88095093
v 88.75 140.54762268 80
v 88.75 149.24404907 80
v 88.75 159.45237732 73.88095093
v 88.75 150.75595093 73.88095093
v 88.75 150.75595093 80
v 88.75 159.45237732 80
v 88.75 162.5 73.88095093
v 88.75 160.96429443 73.88095093
v 88.75 120.13095093 113.75
v 88.75 128.82737732 113.75
v 88.75 120.13095093 108.88090515
v 88.75 128.82737732 108.88090515
v 88.75 120.13095093 107.36909485
v 88.75 128.82737732 107.36909485
v 88.75 120.13095093 102.63095093
v 88.75 128.82737732 102.63095093
v 88.75 130.33929443 113.75
v 88.75 139.03570557 113.75
v 88.75 130.33929443 108.88090515
v 88.75 139.03570557 108.88090515
v 88.75 130.33929443 107.36909485
v 88.75 139.03570557 107.36909485
v 88.75 130.33929443 102.63095093
v 88.75 139.03570557 102.63095093
v 88.75 140.54762268 113.75
v 88.75 149.24404907 113.75
v 88.75 140.54762268 108.88090515
v 88.75 149.24404907 108.88090515
v 88.75 140.54762268 107.36909485
v 88.75 149.24404907 107.36909485
v 88.75 140.54762268 102.63095093
v 88.75 149.24404907 102.63095093
v 88.75 150.75595093 113.75
v 88.75 159.45237732 113.75
v 88.75 150.75595093 108.88090515
v 88.75 159.45237732 108.88090515
v 88.75 150.75595093 107.36909485
v 88.75 159.45237732 107.36909485
v 88.75 150.75595093 102.63095093
v 88.75 159.45237732 102.63095093
v 88.75 160.96429443 113.75
v 88.75 169.66070557 113.75
v 88.75 160.96429443 108.88090515
v 88.75 169.66070557 108.88090515
v 88.75 160.96429443 107.36909485
v 88.75 169.66070557 107.36909485
v 88.75 160.96429443 102.63095093
v 88.75 169.66070557 102.63095093
v 88.75 171.17262268 113.75
v 88.75 179.86904907 113.75
v 88.75 171.17262268 108.88090515
v 88.75 179.86904907 108.88090515
v 88.75 181.38095093 113.75
v 88.75 199.24404907 113.75
v 88.75 181.38095093 108.88090515
v 88.75 199.24404907 108.88090515
v 88.75 126.25137329 96.38095093
v 88.75 120.13095093 96.38095093
v 88.75 126.42765808 97.72957611
v 88.75 120.13095093 101.11904907
v 88.75 126.89151001 99.00814056
v 88.75 127.62096405 100.15608215
v 88.75 128.58146667 101.11904907
v 88.75 120.13095093 94.86904907
v 88.75 126.25 94.86904907
v 88.75 120.13095093 91.25
v 88.75 126.25 91.25
v 88.75 120.16703796 90.13095093
v 88.75 126.30578613 90.13095093
v 88.75 171.17262268 107.36909485
v 88.75 179.86904907 107.36909485
v 88.75 171.17262268 102.63095093
v 88.75 179.86904907 102.63095093
v 88.75 181.38095093 107.36909485
v 88.75 199.24404907 107.36909485
v 88.75 181.38095093 102.63095093
v 88.75 199.24404907 102.63095093
v 88.75 160.96429443 80
v 88.75 162.5 80
v 88.75 164.56887817 74.00460815
v 88.75 164.02243042 80.10348511
v 88.75 166.60829163 74.37380981
v 88.75 168.58920288 74.98329926
v 88.75 165.5168457 80.41204834
v 88.75 170.4834137 75.82440948
v 88.75 166.95576477 80.92001343
v 88.75 172.26397705 76.88515472
v 88.75 168.31268311 81.61801147
v 88.75 173.90548706 78.15042877
v 88.75 169.56268311 82.4932251
v 88.75 173.74862671 96.38095093
v 88.75 173.57234192 97.72957611
v 88.75 179.86904907 96.38095093
v 88.75 179.86904907 101.11904907
v 88.75 173.10848999 99.00814056
v 88.75 172.37904358 100.15608215
v 88.75 171.41853333 101.11904907
v 88.75 173.75 94.86904907
v 88.75 179.86904907 94.86904907
v 88.75 173.75 91.25
v 88.75 179.86904907 91.25
v 88.75 179.83296204 90.13095093
v 88.75 173.69421387 90.13095093
v 88.75 100.75595093 113.75
v 88.75 118.61904907 113.75
v 88.75 100.75595093 108.88090515
v 88.75 118.61904907 108.88090515
v 88.75 100.75595093 102.63095093
v 88.75 100.75595093 107.36909485
v 88.75 100.75595093 101.11904907
v 88.75 118.61904907 101.11904907
v 88.75 100.75595093 96.38095093
v 88.75 118.61904907 96.38095093
v 88.75 100.75595093 90.13095093
v 88.75 100.75595093 94.86904907
v 88.75 118.65223694 90.13095093
v 88.75 118.61904907 91.25
v 88.75 118.61904907 94.86904907
v 88.75 100.75595093 34.53337097
v 88.75 100.75595093 49.21662903
v 88.75 118.61904907 107.36909485
v 88.75 118.61904907 102.63095093
v 88.75 199.24404907 96.38095093
v 88.75 199.24404907 101.11904907
v 88.75 181.38095093 101.11904907
v 88.75 181.38095093 96.38095093
v 88.75 199.24404907 90.13095093
v 88.75 199.24404907 94.86904907
v 88.75 181.34776306 90.13095093
v 88.75 181.38095093 91.25
v 88.75 181.38095093 94.86904907
v 88.75 199.24404907 73.22853851
v 88.75 100.75595093 27.99405098
v 88.75 199.24404907 27.99405098
v 90 130.83184814 73.58573914
v 90 134.07980347 81.85308075
v 90 128.75984192 74.5138092
v 90 132.5 82.5897522
v 90 126.81420898 75.68386841
v 90 131.07211304 83.5895462
v 90 125.02308655 77.07901001
v 90 123.92895508 78.12303925
v 90 119.375 73.56907654
v 90 133.00027466 72.91307068
v 90 135.76351929 81.40193176
v 90 135.23374939 72.5055542
v 90 137.5 81.25
v 90 137.5 72.36904907
v 90 138.59164429 72.36904907
v 90 129.58332825 63.36074829
v 90 130.65240479 62.29167175
v 90 139.79167175 71.43092346
v 90 140.99169922 72.36904907
v 90 148.93092346 62.29167175
v 90 150 63.36074829
v 90 151.06907654 62.29167175
v 90 159.00830078 72.36904907
v 90 160.20832825 71.43092346
v 90 161.40835571 72.36904907
v 90 169.34759521 62.29167175
v 90 170.41667175 63.36074829
v 90 171.48574829 62.29167175
v 90 180.625 71.43092346
v 90 120.44407654 72.5
v 90 119.375 71.43092346
v 90 128.51425171 62.29167175
v 90 129.58332825 61.2225914
v 90 139.79167175 53.1524086
v 90 138.72259521 52.08332825
v 90 140.86074829 52.08332825
v 90 139.79167175 51.01425934
v 90 150 42.94408035
v 90 148.93092346 41.875
v 90 151.06907654 41.875
v 90 150 40.80591965
v 90 160.20832825 32.73575211
v 90 159.13925171 31.66666985
v 90 161.27740479 31.66666985
v 90 160.20832825 30.59758949
v 90 161.29997253 29.50594902
v 90 118.30592346 72.5
v 90 109.16667175 63.36074829
v 90 110.23574829 62.29167175
v 90 108.09759521 62.29167175
v 90 109.16667175 61.2225914
v 90 100.75595093 54.95003128
v 90 100.75595093 52.81187057
v 90 100.75595093 51.35478973
v 90 100.75595093 49.21662903
v 90 109.16667175 42.94408035
v 90 108.09759521 41.875
v 90 110.23574829 41.875
v 90 109.16667175 40.80591965
v 90 119.375 32.73575211
v 90 118.30592346 31.66666985
v 90 120.44407654 31.66666985
v 90 119.375 30.59758949
v 90 120.46664429 29.50594902
v 90 189.76425171 41.875
v 90 190.83332825 42.94408035
v 90 180.625 51.01425934
v 90 181.69407654 52.08332825
v 90 179.55592346 52.08332825
v 90 180.625 53.1524086
v 90 170.41667175 61.2225914
v 90 180.625 32.73575211
v 90 190.83332825 40.80591965
v 90 191.90240479 41.875
v 90 199.24404907 49.21662903
v 90 199.24404907 51.35478973
v 90 199.24404907 52.81187057
v 90 199.24404907 54.95003128
v 90 190.83332825 61.2225914
v 90 191.90240479 62.29167175
v 90 189.76425171 62.29167175
v 90 190.83332825 63.36074829
v 90 181.69407654 72.5
v 90 179.55592346 72.5
v 90 180.625 73.56907654
v 90 174.97691345 77.07901001
v 90 176.07104492 78.12303925
v 90 168.92788696 83.5895462
v 90 170.16043091 84.82212067
v 90 177.61074829 79.92941284
v 90 171.1602478 86.25
v 90 178.91165161 81.91468048
v 90 179.95320129 84.04748535
v 90 171.48574829 41.875
v 90 170.41667175 40.80591965
v 90 179.55592346 31.66666985
v 90 181.69407654 31.66666985
v 90 180.625 30.59758949
v 90 181.71662903 29.50594902
v 90 170.41667175 42.94408035
v 90 169.34759521 41.875
v 90 199.24404907 34.53337097
v 90 199.24404907 32.39521027
v 90 199.24404907 29.50594902
v 90 183.85479736 29.50594902
v 90 190.83332825 81.63925171
v 90 189.76425171 82.70832825
v 90 191.90240479 82.70832825
v 90 190.83332825 83.77740479
v 90 195.67497253 88.61904907
v 90 197.81311035 88.61904907
v 90 199.24404907 88.61904907
v 90 199.24404907 75.36669922
v 90 199.24404907 73.22853851
v 90 199.24404907 71.77146149
v 90 199.24404907 69.63330078
v 90 160.20832825 51.01425934
v 90 161.27740479 52.08332825
v 90 159.13925171 52.08332825
v 90 160.20832825 53.1524086
v 90 150 61.2225914
v 90 162.5 81.25
v 90 162.5 72.36904907
v 90 159.11669922 29.50594902
v 90 163.43812561 29.50594902
v 90 156.97854614 29.50594902
v 90 143.02145386 29.50594902
v 90 140.88330078 29.50594902
v 90 138.70002747 29.50594902
v 90 140.86074829 31.66666985
v 90 139.79167175 30.59758949
v 90 138.72259521 31.66666985
v 90 136.56187439 29.50594902
v 90 122.60478973 29.50594902
v 90 139.79167175 32.73575211
v 90 119.375 53.1524086
v 90 118.30592346 52.08332825
v 90 120.44407654 52.08332825
v 90 119.375 51.01425934
v 90 129.58332825 42.94408035
v 90 128.51425171 41.875
v 90 130.65240479 41.875
v 90 129.58332825 40.80591965
v 90 100.75595093 69.63330078
v 90 100.75595093 71.77146149
v 90 100.75595093 73.22853851
v 90 100.75595093 75.36669922
v 90 109.16667175 81.63925171
v 90 108.09759521 82.70832825
v 90 110.23574829 82.70832825
v 90 109.16667175 83.77740479
v 90 114.00830078 88.61904907
v 90 116.14646149 88.61904907
v 90 127.62535858 97.36260223
v 90 118.80325317 88.61904907
v 90 127.5 96.25
v 90 127.5 91.25
v 90 127.6519165 89.51351929
v 90 119.28106689 86.29410553
v 90 128.10308838 87.82980347
v 90 120.04679871 84.04748535
v 90 128.8397522 86.25
v 90 121.08834839 81.91468048
v 90 122.38925171 79.92941284
v 90 129.83956909 84.82212067
v 90 104.32502747 88.61904907
v 90 102.18688202 88.61904907
v 90 100.75595093 88.61904907
v 90 118.28337097 29.50594902
v 90 116.14521027 29.50594902
v 90 100.75595093 29.50594902
v 90 100.75595093 32.39521027
v 90 100.75595093 34.53337097
v 90 179.53335571 29.50594902
v 90 177.39520264 29.50594902
v 90 167.5 101.25
v 90 168.61260986 101.12464142
v 90 169.66941833 100.75484467
v 90 185.99169922 88.61904907
v 90 172.00483704 98.41941833
v 90 172.37463379 97.36260223
v 90 171.89691162 87.82980347
v 90 180.71893311 86.29410553
v 90 172.3480835 89.51351929
v 90 181.19674683 88.61904907
v 90 172.5 91.25
v 90 172.5 96.25
v 90 183.85354614 88.61904907
v 90 164.76625061 72.5055542
v 90 164.23648071 81.40193176
v 90 166.99972534 72.91307068
v 90 165.92019653 81.85308075
v 90 169.16815186 73.58573914
v 90 171.24015808 74.5138092
v 90 167.5 82.5897522
v 90 173.18579102 75.68386841
v 90 127.99516296 98.41941833
v 90 128.59083557 99.3674469
v 90 129.3825531 100.1591568
v 90 130.33058167 100.75484467
v 90 131.38739014 101.12464142
v 90 132.5 101.25
v 90 170.6174469 100.1591568
v 90 171.40916443 99.3674469
v 88.75 126.81420898 75.68386841
v 88.75 125.02308655 77.07901001
v 88.75 128.75984192 74.5138092
v 88.75 130.83184814 73.58573914
v 88.75 133.00027466 72.91307068
v 88.75 135.23374939 72.5055542
v 88.75 137.5 72.36904907
v 88.75 174.97691345 77.07901001
v 88.75 173.18579102 75.68386841
v 88.75 171.24015808 74.5138092
v 88.75 169.16815186 73.58573914
v 88.75 166.99972534 72.91307068
v 88.75 164.76625061 72.5055542
v 88.75 180.625 71.43092346
v 88.75 171.48574829 62.29167175
v 88.75 170.41667175 63.36074829
v 88.75 179.55592346 72.5
v 88.75 180.625 53.1524086
v 88.75 179.55592346 52.08332825
v 88.75 160.20832825 71.43092346
v 88.75 151.06907654 62.29167175
v 88.75 150 63.36074829
v 88.75 170.41667175 42.94408035
v 88.75 169.34759521 41.875
v 88.75 109.16667175 40.80591965
v 88.75 108.09759521 41.875
v 88.75 160.20832825 32.73575211
v 88.75 159.13925171 31.66666985
v 88.75 119.375 71.43092346
v 88.75 120.44407654 72.5
v 88.75 189.76425171 62.29167175
v 88.75 190.83332825 61.2225914
v 88.75 109.16667175 61.2225914
v 88.75 110.23574829 62.29167175
v 118.30592346 211.25 72.5
v 109.16667175 211.25 81.63925171
v 110.23574829 211.25 82.70832825
v 119.375 211.25 73.56907654
v 100.75595093 211.25 71.77146149
v 100.75595093 211.25 73.22853851
v 116.14646149 211.25 88.61904907
v 118.80325317 211.25 88.61904907
v 197.81311035 211.25 88.61904907
v 191.90240479 211.25 82.70832825
v 190.83332825 211.25 83.77740479
v 195.67497253 211.25 88.61904907
v 185.99169922 211.25 88.61904907
v 199.24404907 211.25 75.36669922
v 199.24404907 211.25 88.61904907
v 100.75595093 211.25 54.95003128
v 100.75595093 211.25 69.63330078
v 127.60980225 211.25 85.88842773
v 121.48964691 211.25 84.51557159
v 126.99676514 211.25 87.21954346
v 120.78411102 211.25 86.53163147
v 126.56196594 211.25 88.61904907
v 120.33137512 211.25 88.61904907
v 122.43730164 211.25 82.60137177
v 128.39067078 211.25 84.64829254
v 123.61273956 211.25 80.81793976
v 124.99819946 211.25 79.19228363
v 129.32611084 211.25 83.52017975
v 121.08834839 211.25 81.91468048
v 120.04679871 211.25 84.04748535
v 122.38925171 211.25 79.92941284
v 119.28106689 211.25 86.29410553
v 123.92895508 211.25 78.12303925
v 108.09759521 211.25 82.70832825
v 102.18688202 211.25 88.61904907
v 104.32502747 211.25 88.61904907
v 109.16667175 211.25 83.77740479
v 108.09759521 211.25 62.29167175
v 109.16667175 211.25 63.36074829
v 199.24404907 211.25 54.95003128
v 199.24404907 211.25 69.63330078
v 173.00323486 211.25 87.21954346
v 178.51034546 211.25 84.51557159
v 172.39019775 211.25 85.88842773
v 177.56269836 211.25 82.60137177
v 171.60932922 211.25 84.64829254
v 176.38726807 211.25 80.81793976
v 175.00180054 211.25 79.19228363
v 179.21588135 211.25 86.53163147
v 173.43803406 211.25 88.61904907
v 179.66862488 211.25 88.61904907
v 170.67388916 211.25 83.52017975
v 179.95320129 211.25 84.04748535
v 178.91165161 211.25 81.91468048
v 180.71893311 211.25 86.29410553
v 177.61074829 211.25 79.92941284
v 181.19674683 211.25 88.61904907
v 176.07104492 211.25 78.12303925
v 190.83332825 211.25 81.63925171
v 181.69407654 211.25 72.5
v 180.625 211.25 73.56907654
v 189.76425171 211.25 82.70832825
v 190.83332825 211.25 63.36074829
v 199.24404907 211.25 71.77146149
v 191.90240479 211.25 62.29167175
v 120.44407654 211.25 31.66666985
v 129.58332825 211.25 40.80591965
v 128.51425171 211.25 41.875
v 119.375 211.25 32.73574829
v 136.56187439 211.25 29.50594902
v 122.60478973 211.25 29.50594902
v 100.75595093 211.25 51.35478973
v 100.75595093 211.25 52.81187057
v 119.375 211.25 51.01425934
v 110.23574829 211.25 41.875
v 118.30592346 211.25 52.08332825
v 109.16667175 211.25 42.94408035
v 150 211.25 40.80591965
v 140.86074829 211.25 31.66666985
v 139.79167175 211.25 32.73574829
v 148.93092346 211.25 41.875
v 156.97854614 211.25 29.50594902
v 143.02145386 211.25 29.50594902
v 139.79167175 211.25 51.01425934
v 130.65240479 211.25 41.875
v 129.58332825 211.25 42.94408035
v 138.72259521 211.25 52.08332825
v 100.75595093 211.25 75.36669922
v 100.75595093 211.25 88.61904907
v 129.58332825 211.25 61.2225914
v 120.44407654 211.25 52.08332825
v 119.375 211.25 53.1524086
v 128.51425171 211.25 62.29167175
v 199.24404907 211.25 34.53337097
v 199.24404907 211.25 49.21662903
v 191.90240479 211.25 41.875
v 199.24404907 211.25 32.39521027
v 190.83332825 211.25 40.80591965
v 181.69407654 211.25 31.66666985
v 183.85479736 211.25 29.50594902
v 181.71662903 211.25 29.50594902
v 180.625 211.25 30.59758949
v 179.53335571 211.25 29.50594902
v 161.29997253 211.25 29.50594902
v 159.11669922 211.25 29.50594902
v 199.24404907 211.25 51.35478973
v 199.24404907 211.25 52.81187057
v 190.83332825 211.25 42.94408035
v 181.69407654 211.25 52.08332825
v 189.76425171 211.25 41.875
v 180.625 211.25 51.01425934
v 180.625 211.25 32.73574829
v 171.48574829 211.25 41.875
v 170.41667175 211.25 40.80591965
v 179.55592346 211.25 31.66666985
v 161.27740479 211.25 31.66666985
v 163.43812561 211.25 29.50594902
v 160.20832825 211.25 30.59758949
v 160.20832825 211.25 51.01425934
v 151.06907654 211.25 41.875
v 150 211.25 42.94408035
v 159.13925171 211.25 52.08332825
v 177.39520264 211.25 29.50594902
v 150 211.25 61.2225914
v 140.86074829 211.25 52.08332825
v 139.79167175 211.25 53.1524086
v 148.93092346 211.25 62.29167175
v 114.00830078 211.25 88.61904907
v 139.79167175 211.25 71.43092346
v 130.65240479 211.25 62.29167175
v 129.58332825 211.25 63.36074829
v 138.59164429 211.25 72.36904907
v 139.79167175 211.25 30.59758949
v 138.70002747 211.25 29.50594902
v 138.72259521 211.25 31.66666985
v 100.75595093 211.25 29.50594902
v 100.75595093 211.25 32.39521027
v 140.88330078 211.25 29.50594902
v 159.00830078 211.25 72.36904907
v 140.99169922 211.25 72.36904907
v 119.375 211.25 30.59758949
v 118.28337097 211.25 29.50594902
v 116.14521027 211.25 29.50594902
v 118.30592346 211.25 31.66666985
v 120.46664429 211.25 29.50594902
v 199.24404907 211.25 29.50594902
v 162.5 211.25 72.36904907
v 161.40835571 211.25 72.36904907
v 170.41667175 211.25 61.2225914
v 161.27740479 211.25 52.08332825
v 160.20832825 211.25 53.1524086
v 169.34759521 211.25 62.29167175
v 183.85354614 211.25 88.61904907
v 130.43731689 211.25 82.4932251
v 131.68731689 211.25 81.61801147
v 126.09451294 211.25 78.15042877
v 127.73603058 211.25 76.88515472
v 133.04423523 211.25 80.92001343
v 129.5165863 211.25 75.82440948
v 134.4831543 211.25 80.41204834
v 131.41079712 211.25 74.98329926
v 135.97756958 211.25 80.10348511
v 133.39170837 211.25 74.37380981
v 135.43112183 211.25 74.00460815
v 137.5 211.25 80
v 137.5 211.25 73.88095093
v 139.03570557 211.25 73.88095093
v 139.03570557 211.25 80
v 149.24404907 211.25 73.88095093
v 140.54762268 211.25 73.88095093
v 140.54762268 211.25 80
v 149.24404907 211.25 80
v 159.45237732 211.25 73.88095093
v 150.75595093 211.25 73.88095093
v 150.75595093 211.25 80
v 159.45237732 211.25 80
v 162.5 211.25 73.88095093
v 160.96429443 211.25 73.88095093
v 120.13095093 211.25 113.75
v 128.82737732 211.25 113.75
v 120.13095093 211.25 108.88090515
v 128.82737732 211.25 108.88090515
v 120.13095093 211.25 107.36909485
v 128.82737732 211.25 107.36909485
v 120.13095093 211.25 102.63095093
v 128.82737732 211.25 102.63095093
v 130.33929443 211.25 113.75
v 139.03570557 211.25 113.75
v 130.33929443 211.25 108.88090515
v 139.03570557 211.25 108.88090515
v 130.33929443 211.25 107.36909485
v 139.03570557 211.25 107.36909485
v 130.33929443 211.25 102.63095093
v 139.03570557 211.25 102.63095093
v 140.54762268 211.25 113.75
v 149.24404907 211.25 113.75
v 140.54762268 211.25 108.88090515
v 149.24404907 211.25 108.88090515
v 140.54762268 211.25 107.36909485
v 149.24404907 211.25 107.36909485
v 140.54762268 211.25 102.63095093
v 149.24404907 211.25 102.63095093
v 150.75595093 211.25 113.75
v 159.45237732 211.25 113.75
v 150.75595093 211.25 108.88090515
v 159.45237732 211.25 108.88090515
v 150.75595093 211.25 107.36909485
v 159.45237732 211.25 107.36909485
v 150.75595093 211.25 102.63095093
v 159.45237732 211.25 102.63095093
v 160.96429443 211.25 113.75
v 169.66070557 211.25 113.75
v 160.96429443 211.25 108.88090515
v 169.66070557 211.25 108.88090515
v 160.96429443 211.25 107.36909485
v 169.66070557 211.25 107.36909485
v 160.96429443 211.25 102.63095093
v 169.66070557 211.25 102.63095093
v 171.17262268 211.25 113.75
v 179.86904907 211.25 113.75
v 171.17262268 211.25 108.88090515
v 179.86904907 211.25 108.88090515
v 181.38095093 211.25 113.75
v 199.24404907 211.25 113.75
v 181.38095093 211.25 108.88090515
v 199.24404907 211.25 108.88090515
v 126.25137329 211.25 96.38095093
v 120.13095093 211.25 96.38095093
v 126.42765808 211.25 97.72957611
v 120.13095093 211.25 101.11904907
v 126.89151001 211.25 99.00814056
v 127.62095642 211.25 100.15608215
v 128.58146667 211.25 101.11904907
v 120.13095093 211.25 94.86904907
v 126.25 211.25 94.86904907
v 120.13095093 211.25 91.25
v 126.25 211.25 91.25
v 120.16703796 211.25 90.13095093
v 126.30578613 211.25 90.13095093
v 171.17262268 211.25 107.36909485
v 179.86904907 211.25 107.36909485
v 171.17262268 211.25 102.63095093
v 179.86904907 211.25 102.63095093
v 181.38095093 211.25 107.36909485
v 199.24404907 211.25 107.36909485
v 181.38095093 211.25 102.63095093
v 199.24404907 211.25 102.63095093
v 160.96429443 211.25 80
v 162.5 211.25 80
v 164.56887817 211.25 74.00460815
v 164.02243042 211.25 80.10348511
v 166.60829163 211.25 74.37380981
v 168.58920288 211.25 74.98329926
v 165.5168457 211.25 80.41204834
v 170.4834137 211.25 75.82440948
v 166.95576477 211.25 80.92001343
v 172.26397705 211.25 76.88515472
v 168.31268311 211.25 81.61801147
v 173.90548706 211.25 78.15042877
v 169.56268311 211.25 82.4932251
v 173.74862671 211.25 96.38095093
v 173.57234192 211.25 97.72957611
v 179.86904907 211.25 96.38095093
v 179.86904907 211.25 101.11904907
v 173.10848999 211.25 99.00814056
v 172.37904358 211.25 100.15608215
v 171.41853333 211.25 101.11904907
v 173.75 211.25 94.86904907
v 179.86904907 211.25 94.86904907
v 173.75 211.25 91.25
v 179.86904907 211.25 91.25
v 179.83296204 211.25 90.13095093
v 173.69421387 211.25 90.13095093
v 100.75595093 211.25 113.75
v 118.61904907 211.25 113.75
v 100.75595093 211.25 108.88090515
v 118.61904907 211.25 108.88090515
v 100.75595093 211.25 102.63095093
v 100.75595093 211.25 107.36909485
v 100.75595093 211.25 101.11904907
v 118.61904907 211.25 101.11904907
v 100.75595093 211.25 96.38095093
v 118.61904907 211.25 96.38095093
v 100.75595093 211.25 90.13095093
v 100.75595093 211.25 94.86904907
v 118.65223694 211.25 90.13095093
v 118.61904907 211.25 91.25
v 118.61904907 211.25 94.86904907
v 100.75595093 211.25 34.53337097
v 100.75595093 211.25 49.21662903
v 118.61904907 211.25 107.36909485
v 118.61904907 211.25 102.63095093
v 199.24404907 211.25 96.38095093
v 199.24404907 211.25 101.11904907
v 181.38095093 211.25 101.11904907
v 181.38095093 211.25 96.38095093
v 199.24404907 211.25 90.13095093
v 199.24404907 211.25 94.86904907
v 181.34776306 211.25 90.13095093
v 181.38095093 211.25 91.25
v 181.38095093 211.25 94.86904907
v 199.24404907 211.25 73.22853851
v 100.75595093 211.25 27.99405098
v 199.24404907 211.25 27.99405098
v 130.83184814 210 73.58573914
v 134.07980347 210 81.85308075
v 128.75984192 210 74.5138092
v 132.5 210 82.5897522
v 126.81420898 210 75.68386841
v 131.07211304 210 83.5895462
v 125.02308655 210 77.07901001
v 123.92895508 210 78.12303925
v 119.375 210 73.56907654
v 133.00027466 210 72.91307068
v 135.76351929 210 81.40193176
v 135.23374939 210 72.5055542
v 137.5 210 81.25
v 137.5 210 72.36904907
v 138.59164429 210 72.36904907
v 129.58332825 210 63.36074829
v 130.65240479 210 62.29167175
v 139.79167175 210 71.43092346
v 140.99169922 210 72.36904907
v 148.93092346 210 62.29167175
v 150 210 63.36074829
v 151.06907654 210 62.29167175
v 159.00830078 210 72.36904907
v 160.20832825 210 71.43092346
v 161.40835571 210 72.36904907
v 169.34759521 210 62.29167175
v 170.41667175 210 63.36074829
v 171.48574829 210 62.29167175
v 180.625 210 71.43092346
v 120.44407654 210 72.5
v 119.375 210 71.43092346
v 128.51425171 210 62.29167175
v 129.58332825 210 61.2225914
v 139.79167175 210 53.1524086
v 138.72259521 210 52.08332825
v 140.86074829 210 52.08332825
v 139.79167175 210 51.01425934
v 150 210 42.94408035
v 148.93092346 210 41.875
v 151.06907654 210 41.875
v 150 210 40.80591965
v 160.20832825 210 32.73574829
v 159.13925171 210 31.66666985
v 161.27740479 210 31.66666985
v 160.20832825 210 30.59758949
v 161.29997253 210 29.50594902
v 118.30592346 210 72.5
v 109.16667175 210 63.36074829
v 110.23574829 210 62.29167175
v 108.09759521 210 62.29167175
v 109.16667175 210 61.2225914
v 100.75595093 210 54.95003128
v 100.75595093 210 52.81187057
v 100.75595093 210 51.35478973
v 100.75595093 210 49.21662903
v 109.16667175 210 42.94408035
v 108.09759521 210 41.875
v 110.23574829 210 41.875
v 109.16667175 210 40.80591965
v 119.375 210 32.73574829
v 118.30592346 210 31.66666985
v 120.44407654 210 31.66666985
v 119.375 210 30.59758949
v 120.46664429 210 29.50594902
v 199.24404907 210 52.81187057
v 199.24404907 210 54.95003128
v 190.83332825 210 61.2225914
v 191.90240479 210 62.29167175
v 189.76425171 210 62.29167175
v 190.83332825 210 63.36074829
v 181.69407654 210 72.5
v 179.55592346 210 72.5
v 180.625 210 73.56907654
v 174.97691345 210 77.07901001
v 176.07104492 210 78.12303925
v 168.92788696 210 83.5895462
v 170.16043091 210 84.82212067
v 177.61074829 210 79.92941284
v 171.1602478 210 86.25
v 178.91165161 210 81.91468048
v 179.95320129 210 84.04748535
v 199.24404907 210 51.35478973
v 199.24404907 210 49.21662903
v 190.83332825 210 42.94408035
v 191.90240479 210 41.875
v 189.76425171 210 41.875
v 190.83332825 210 40.80591965
v 180.625 210 32.73574829
v 181.69407654 210 31.66666985
v 179.55592346 210 31.66666985
v 180.625 210 30.59758949
v 179.53335571 210 29.50594902
v 177.39520264 210 29.50594902
v 163.43812561 210 29.50594902
v 180.625 210 51.01425934
v 181.69407654 210 52.08332825
v 179.55592346 210 52.08332825
v 180.625 210 53.1524086
v 170.41667175 210 61.2225914
v 171.89691162 210 87.82980347
v 180.71893311 210 86.29410553
v 172.3480835 210 89.51351929
v 181.19674683 210 88.61904907
v 172.5 210 91.25
v 172.5 210 96.25
v 172.37463379 210 97.36260223
v 183.85354614 210 88.61904907
v 185.99169922 210 88.61904907
v 189.76425171 210 82.70832825
v 190.83332825 210 83.77740479
v 191.90240479 210 82.70832825
v 195.67497253 210 88.61904907
v 197.81311035 210 88.61904907
v 199.24404907 210 88.61904907
v 199.24404907 210 75.36669922
v 190.83332825 210 81.63925171
v 169.34759521 210 41.875
v 170.41667175 210 42.94408035
v 160.20832825 210 51.01425934
v 161.27740479 210 52.08332825
v 159.13925171 210 52.08332825
v 160.20832825 210 53.1524086
v 150 210 61.2225914
v 170.41667175 210 40.80591965
v 171.48574829 210 41.875
v 199.24404907 210 69.63330078
v 199.24404907 210 71.77146149
v 199.24404907 210 73.22853851
v 162.5 210 81.25
v 162.5 210 72.36904907
v 138.72259521 210 31.66666985
v 139.79167175 210 32.73574829
v 129.58332825 210 40.80591965
v 130.65240479 210 41.875
v 128.51425171 210 41.875
v 129.58332825 210 42.94408035
v 119.375 210 51.01425934
v 120.44407654 210 52.08332825
v 118.30592346 210 52.08332825
v 119.375 210 53.1524086
v 136.56187439 210 29.50594902
v 138.70002747 210 29.50594902
v 139.79167175 210 30.59758949
v 140.86074829 210 31.66666985
v 140.88330078 210 29.50594902
v 143.02145386 210 29.50594902
v 122.60478973 210 29.50594902
v 109.16667175 210 81.63925171
v 110.23574829 210 82.70832825
v 108.09759521 210 82.70832825
v 109.16667175 210 83.77740479
v 104.32502747 210 88.61904907
v 114.00830078 210 88.61904907
v 116.14646149 210 88.61904907
v 127.62535858 210 97.36260223
v 118.80325317 210 88.61904907
v 127.5 210 96.25
v 127.5 210 91.25
v 127.6519165 210 89.51351929
v 119.28106689 210 86.29410553
v 128.10308838 210 87.82980347
v 120.04679871 210 84.04748535
v 128.8397522 210 86.25
v 121.08834839 210 81.91468048
v 122.38925171 210 79.92941284
v 129.83956909 210 84.82212067
v 118.28337097 210 29.50594902
v 116.14521027 210 29.50594902
v 100.75595093 210 29.50594902
v 100.75595093 210 32.39521027
v 100.75595093 210 34.53337097
v 172.00483704 210 98.41941833
v 167.5 210 101.25
v 168.61260986 210 101.12464142
v 169.66941833 210 100.75484467
v 100.75595093 210 69.63330078
v 100.75595093 210 71.77146149
v 102.18688202 210 88.61904907
v 100.75595093 210 75.36669922
v 100.75595093 210 73.22853851
v 100.75595093 210 88.61904907
v 181.71662903 210 29.50594902
v 183.85479736 210 29.50594902
v 199.24404907 210 29.50594902
v 199.24404907 210 32.39521027
v 199.24404907 210 34.53337097
v 159.11669922 210 29.50594902
v 156.97854614 210 29.50594902
v 164.76625061 210 72.5055542
v 164.23648071 210 81.40193176
v 166.99972534 210 72.91307068
v 165.92019653 210 81.85308075
v 169.16815186 210 73.58573914
v 171.24015808 210 74.5138092
v 167.5 210 82.5897522
v 173.18579102 210 75.68386841
v 127.99516296 210 98.41941833
v 128.59083557 210 99.3674469
v 129.3825531 210 100.1591568
v 130.33058167 210 100.75484467
v 131.38739014 210 101.12464142
v 132.5 210 101.25
v 170.6174469 210 100.1591568
v 171.40916443 210 99.3674469
v 126.81420898 211.25 75.68386841
v 125.02308655 211.25 77.07901001
v 128.75984192 211.25 74.5138092
v 130.83184814 211.25 73.58573914
v 133.00027466 211.25 72.91307068
v 135.23374939 211.25 72.5055542
v 137.5 211.25 72.36904907
v 174.97691345 211.25 77.07901001
v 173.18579102 211.25 75.68386841
v 171.24015808 211.25 74.5138092
v 169.16815186 211.25 73.58573914
v 166.99972534 211.25 72.91307068
v 164.76625061 211.25 72.5055542
v 180.625 211.25 71.43092346
v 171.48574829 211.25 62.29167175
v 170.41667175 211.25 63.36074829
v 179.55592346 211.25 72.5
v 180.625 211.25 53.1524086
v 179.55592346 211.25 52.08332825
v 160.20832825 211.25 71.43092346
v 151.06907654 211.25 62.29167175
v 150 211.25 63.36074829
v 170.41667175 211.25 42.94408035
v 169.34759521 211.25 41.875
v 109.16667175 211.25 40.80591965
v 108.09759521 211.25 41.875
v 160.20832825 211.25 32.73574829
v 159.13925171 211.25 31.66666985
v 119.375 211.25 71.43092346
v 120.44407654 211.25 72.5
v 189.76425171 211.25 62.29167175
v 190.83332825 211.25 61.2225914
v 109.16667175 211.25 61.2225914
v 110.23574829 211.25 62.29167175
v 211.25 181.69407654 72.5
v 211.25 190.83332825 81.63925171
v 211.25 189.76425171 82.70832825
v 211.25 180.625 73.56907654
v 211.25 199.24404907 71.77146149
v 211.25 199.24404907 73.22853851
v 211.25 183.85354614 88.61904907
v 211.25 181.19674683 88.61904907
v 211.25 102.18688202 88.61904907
v 211.25 108.09759521 82.70832825
v 211.25 109.16667175 83.77740479
v 211.25 104.32502747 88.61904907
v 211.25 114.00830078 88.61904907
v 211.25 100.75595093 75.36669922
v 211.25 100.75595093 88.61904907
v 211.25 199.24404907 54.95003128
v 211.25 199.24404907 69.63330078
v 211.25 172.39019775 85.88842773
v 211.25 178.51034546 84.51557159
v 211.25 173.00323486 87.21954346
v 211.25 179.21588135 86.53163147
v 211.25 173.43803406 88.61904907
v 211.25 179.66862488 88.61904907
v 211.25 177.56269836 82.60137177
v 211.25 171.60932922 84.64829254
v 211.25 176.38726807 80.81793976
v 211.25 175.00180054 79.19228363
v 211.25 170.67388916 83.52017975
v 211.25 178.91165161 81.91468048
v 211.25 179.95320129 84.04748535
v 211.25 177.61074829 79.92941284
v 211.25 180.71893311 86.29410553
v 211.25 176.07104492 78.12303925
v 211.25 191.90240479 82.70832825
v 211.25 197.81311035 88.61904907
v 211.25 195.67497253 88.61904907
v 211.25 190.83332825 83.77740479
v 211.25 191.90240479 62.29167175
v 211.25 190.83332825 63.36074829
v 211.25 100.75595093 54.95003128
v 211.25 100.75595093 69.63330078
v 211.25 126.99676514 87.21954346
v 211.25 121.48964691 84.51557159
v 211.25 127.60980225 85.88842773
v 211.25 122.43730164 82.60137177
v 211.25 128.39067078 84.64829254
v 211.25 123.61273956 80.81793976
v 211.25 124.99819946 79.19228363
v 211.25 120.78411102 86.53163147
v 211.25 126.56196594 88.61904907
v 211.25 120.33137512 88.61904907
v 211.25 129.32611084 83.52017975
v 211.25 120.04679871 84.04748535
v 211.25 121.08834839 81.91468048
v 211.25 119.28106689 86.29410553
v 211.25 122.38925171 79.92941284
v 211.25 118.80325317 88.61904907
v 211.25 123.92895508 78.12303925
v 211.25 109.16667175 81.63925171
v 211.25 118.30592346 72.5
v 211.25 119.375 73.56907654
v 211.25 110.23574829 82.70832825
v 211.25 109.16667175 63.36074829
v 211.25 100.75595093 71.77146149
v 211.25 108.09759521 62.29167175
v 211.25 179.55592346 31.66666985
v 211.25 170.41667175 40.80591965
v 211.25 171.48574829 41.875
v 211.25 180.625 32.73575211
v 211.25 163.43812561 29.50594902
v 211.25 177.39520264 29.50594902
v 211.25 199.24404907 51.35478973
v 211.25 199.24404907 52.81187057
v 211.25 180.625 51.01425934
v 211.25 189.76425171 41.875
v 211.25 181.69407654 52.08332825
v 211.25 190.83332825 42.94408035
v 211.25 150 40.80591965
v 211.25 159.13925171 31.66666985
v 211.25 160.20832825 32.73575211
v 211.25 151.06907654 41.875
v 211.25 143.02145386 29.50594902
v 211.25 156.97854614 29.50594902
v 211.25 160.20832825 51.01425934
v 211.25 169.34759521 41.875
v 211.25 170.41667175 42.94408035
v 211.25 161.27740479 52.08332825
v 211.25 199.24404907 75.36669922
v 211.25 199.24404907 88.61904907
v 211.25 170.41667175 61.2225914
v 211.25 179.55592346 52.08332825
v 211.25 180.625 53.1524086
v 211.25 171.48574829 62.29167175
v 211.25 100.75595093 34.53337097
v 211.25 100.75595093 49.21662903
v 211.25 108.09759521 41.875
v 211.25 100.75595093 32.39521027
v 211.25 109.16667175 40.80591965
v 211.25 118.30592346 31.66666985
v 211.25 116.14521027 29.50594902
v 211.25 118.28337097 29.50594902
v 211.25 119.375 30.59758949
v 211.25 120.46664429 29.50594902
v 211.25 138.70002747 29.50594902
v 211.25 140.88330078 29.50594902
v 211.25 100.75595093 51.35478973
v 211.25 100.75595093 52.81187057
v 211.25 109.16667175 42.94408035
v 211.25 118.30592346 52.08332825
v 211.25 110.23574829 41.875
v 211.25 119.375 51.01425934
v 211.25 119.375 32.73575211
v 211.25 128.51425171 41.875
v 211.25 129.58332825 40.80591965
v 211.25 120.44407654 31.66666985
v 211.25 138.72259521 31.66666985
v 211.25 136.56187439 29.50594902
v 211.25 139.79167175 30.59758949
v 211.25 139.79167175 51.01425934
v 211.25 148.93092346 41.875
v 211.25 150 42.94408035
v 211.25 140.86074829 52.08332825
v 211.25 122.60478973 29.50594902
v 211.25 150 61.2225914
v 211.25 159.13925171 52.08332825
v 211.25 160.20832825 53.1524086
v 211.25 151.06907654 62.29167175
v 211.25 185.99169922 88.61904907
v 211.25 160.20832825 71.43092346
v 211.25 169.34759521 62.29167175
v 211.25 170.41667175 63.36074829
v 211.25 161.40835571 72.36904907
v 211.25 160.20832825 30.59758949
v 211.25 161.29997253 29.50594902
v 211.25 161.27740479 31.66666985
v 211.25 199.24404907 29.50594902
v 211.25 199.24404907 32.39521027
v 211.25 159.11669922 29.50594902
v 211.25 140.99169922 72.36904907
v 211.25 159.00830078 72.36904907
v 211.25 180.625 30.59758949
v 211.25 181.71662903 29.50594902
v 211.25 183.85479736 29.50594902
v 211.25 181.69407654 31.66666985
v 211.25 179.53335571 29.50594902
v 211.25 100.75595093 29.50594902
v 211.25 137.5 72.36904907
v 211.25 138.59164429 72.36904907
v 211.25 129.58332825 61.2225914
v 211.25 138.72259521 52.08332825
v 211.25 139.79167175 53.1524086
v 211.25 130.65240479 62.29167175
v 211.25 116.14646149 88.61904907
v 211.25 169.56268311 82.4932251
v 211.25 168.31268311 81.61801147
v 211.25 173.90548706 78.15042877
v 211.25 172.26397705 76.88515472
v 211.25 166.95576477 80.92001343
v 211.25 170.4834137 75.82440948
v 211.25 165.5168457 80.41204834
v 211.25 168.58920288 74.98329926
v 211.25 164.02243042 80.10348511
v 211.25 166.60829163 74.37380981
v 211.25 164.56887817 74.00460815
v 211.25 162.5 80
v 211.25 162.5 73.88095093
v 211.25 160.96429443 73.88095093
v 211.25 160.96429443 80
v 211.25 150.75595093 73.88095093
v 211.25 159.45237732 73.88095093
v 211.25 159.45237732 80
v 211.25 150.75595093 80
v 211.25 140.54762268 73.88095093
v 211.25 149.24404907 73.88095093
v 211.25 149.24404907 80
v 211.25 140.54762268 80
v 211.25 137.5 73.88095093
v 211.25 139.03570557 73.88095093
v 211.25 179.86904907 113.75
v 211.25 171.17262268 113.75
v 211.25 179.86904907 108.88090515
v 211.25 171.17262268 108.88090515
v 211.25 179.86904907 107.36909485
v 211.25 171.17262268 107.36909485
v 211.25 179.86904907 102.63095093
v 211.25 171.17262268 102.63095093
v 211.25 169.66070557 113.75
v 211.25 160.96429443 113.75
v 211.25 169.66070557 108.88090515
v 211.25 160.96429443 108.88090515
v 211.25 169.66070557 107.36909485
v 211.25 160.96429443 107.36909485
v 211.25 169.66070557 102.63095093
v 211.25 160.96429443 102.63095093
v 211.25 159.45237732 113.75
v 211.25 150.75595093 113.75
v 211.25 159.45237732 108.88090515
v 211.25 150.75595093 108.88090515
v 211.25 159.45237732 107.36909485
v 211.25 150.75595093 107.36909485
v 211.25 159.45237732 102.63095093
v 211.25 150.75595093 102.63095093
v 211.25 149.24404907 113.75
v 211.25 140.54762268 113.75
v 211.25 149.24404907 108.88090515
v 211.25 140.54762268 108.88090515
v 211.25 149.24404907 107.36909485
v 211.25 140.54762268 107.36909485
v 211.25 149.24404907 102.63095093
v 211.25 140.54762268 102.63095093
v 211.25 139.03570557 113.75
v 211.25 130.33929443 113.75
v 211.25 139.03570557 108.88090515
v 211.25 130.33929443 108.88090515
v 211.25 139.03570557 107.36909485
v 211.25 130.33929443 107.36909485
v 211.25 139.03570557 102.63095093
v 211.25 130.33929443 102.63095093
v 211.25 128.82737732 113.75
v 211.25 120.13095093 113.75
v 211.25 128.82737732 108.88090515
v 211.25 120.13095093 108.88090515
v 211.25 118.61904907 113.75
v 211.25 100.75595093 113.75
v 211.25 118.61904907 108.88090515
v 211.25 100.75595093 108.88090515
v 211.25 173.74862671 96.38095093
v 211.25 179.86904907 96.38095093
v 211.25 173.57234192 97.72957611
v 211.25 179.86904907 101.11904907
v 211.25 173.10848999 99.00814056
v 211.25 172.37904358 100.15608215
v 211.25 171.41853333 101.11904907
v 211.25 179.86904907 94.86904907
v 211.25 173.75 94.86904907
v 211.25 179.86904907 91.25
v 211.25 173.75 91.25
v 211.25 179.83296204 90.13095093
v 211.25 173.69421387 90.13095093
v 211.25 128.82737732 107.36909485
v 211.25 120.13095093 107.36909485
v 211.25 128.82737732 102.63095093
v 211.25 120.13095093 102.63095093
v 211.25 118.61904907 107.36909485
v 211.25 100.75595093 107.36909485
v 211.25 118.61904907 102.63095093
v 211.25 100.75595093 102.63095093
v 211.25 139.03570557 80
v 211.25 137.5 80
v 211.25 135.43112183 74.00460815
v 211.25 135.97756958 80.10348511
v 211.25 133.39170837 74.37380981
v 211.25 131.41079712 74.98329926
v 211.25 134.4831543 80.41204834
v 211.25 129.5165863 75.82440948
v 211.25 133.04423523 80.92001343
v 211.25 127.73603058 76.88515472
v 211.25 131.68731689 81.61801147
v 211.25 126.09451294 78.15042877
v 211.25 130.43731689 82.4932251
v 211.25 126.25137329 96.38095093
v 211.25 126.42765808 97.72957611
v 211.25 120.13095093 96.38095093
v 211.25 120.13095093 101.11904907
v 211.25 126.89151001 99.00814056
v 211.25 127.62096405 100.15608215
v 211.25 128.58146667 101.11904907
v 211.25 126.25 94.86904907
v 211.25 120.13095093 94.86904907
v 211.25 126.25 91.25
v 211.25 120.13095093 91.25
v 211.25 120.16703796 90.13095093
v 211.25 126.30578613 90.13095093
v 211.25 199.24404907 113.75
v 211.25 181.38095093 113.75
v 211.25 199.24404907 108.88090515
v 211.25 181.38095093 108.88090515
v 211.25 199.24404907 102.63095093
v 211.25 199.24404907 107.36909485
v 211.25 199.24404907 101.11904907
v 211.25 181.38095093 101.11904907
v 211.25 199.24404907 96.38095093
v 211.25 181.38095093 96.38095093
v 211.25 199.24404907 90.13095093
v 211.25 199.24404907 94.86904907
v 211.25 181.34776306 90.13095093
v 211.25 181.38095093 91.25
v 211.25 181.38095093 94.86904907
v 211.25 199.24404907 34.53337097
v 211.25 199.24404907 49.21662903
v 211.25 181.38095093 107.36909485
v 211.25 181.38095093 102.63095093
v 211.25 100.75595093 96.38095093
v 211.25 100.75595093 101.11904907
v 211.25 118.61904907 101.11904907
v 211.25 118.61904907 96.38095093
v 211.25 100.75595093 90.13095093
v 211.25 100.75595093 94.86904907
v 211.25 118.65223694 90.13095093
v 211.25 118.61904907 91.25
v 211.25 118.61904907 94.86904907
v 211.25 100.75595093 73.22853851
v 211.25 199.24404907 27.99405098
v 211.25 100.75595093 27.99405098
v 210 169.16815186 73.58573914
v 210 165.92019653 81.85308075
v 210 171.24015808 74.5138092
v 210 167.5 82.5897522
v 210 173.18579102 75.68386841
v 210 168.92788696 83.5895462
v 210 174.97691345 77.07901001
v 210 176.07104492 78.12303925
v 210 180.625 73.56907654
v 210 166.99972534 72.91307068
v 210 164.23648071 81.40193176
v 210 164.76625061 72.5055542
v 210 162.5 81.25
v 210 162.5 72.36904907
v 210 161.40835571 72.36904907
v 210 170.41667175 63.36074829
v 210 169.34759521 62.29167175
v 210 160.20832825 71.43092346
v 210 159.00830078 72.36904907
v 210 151.06907654 62.29167175
v 210 150 63.36074829
v 210 148.93092346 62.29167175
v 210 140.99169922 72.36904907
v 210 139.79167175 71.43092346
v 210 138.59164429 72.36904907
v 210 130.65240479 62.29167175
v 210 129.58332825 63.36074829
v 210 128.51425171 62.29167175
v 210 119.375 71.43092346
v 210 179.55592346 72.5
v 210 180.625 71.43092346
v 210 171.48574829 62.29167175
v 210 170.41667175 61.2225914
v 210 160.20832825 53.1524086
v 210 161.27740479 52.08332825
v 210 159.13925171 52.08332825
v 210 160.20832825 51.01425934
v 210 150 42.94408035
v 210 151.06907654 41.875
v 210 148.93092346 41.875
v 210 150 40.80591965
v 210 139.79167175 32.73575211
v 210 140.86074829 31.66666985
v 210 138.72259521 31.66666985
v 210 139.79167175 30.59758949
v 210 138.70002747 29.50594902
v 210 181.69407654 72.5
v 210 190.83332825 63.36074829
v 210 189.76425171 62.29167175
v 210 191.90240479 62.29167175
v 210 190.83332825 61.2225914
v 210 199.24404907 54.95003128
v 210 199.24404907 52.81187057
v 210 199.24404907 51.35478973
v 210 199.24404907 49.21662903
v 210 190.83332825 42.94408035
v 210 191.90240479 41.875
v 210 189.76425171 41.875
v 210 190.83332825 40.80591965
v 210 180.625 32.73575211
v 210 181.69407654 31.66666985
v 210 179.55592346 31.66666985
v 210 180.625 30.59758949
v 210 179.53335571 29.50594902
v 210 160.20832825 32.73575211
v 210 159.13925171 31.66666985
v 210 161.27740479 31.66666985
v 210 160.20832825 30.59758949
v 210 161.29997253 29.50594902
v 210 163.43812561 29.50594902
v 210 177.39520264 29.50594902
v 210 170.41667175 40.80591965
v 210 169.34759521 41.875
v 210 171.48574829 41.875
v 210 170.41667175 42.94408035
v 210 180.625 51.01425934
v 210 179.55592346 52.08332825
v 210 181.69407654 52.08332825
v 210 180.625 53.1524086
v 210 140.88330078 29.50594902
v 210 143.02145386 29.50594902
v 210 156.97854614 29.50594902
v 210 159.11669922 29.50594902
v 210 150 61.2225914
v 210 136.56187439 29.50594902
v 210 122.60478973 29.50594902
v 210 120.46664429 29.50594902
v 210 120.44407654 31.66666985
v 210 119.375 30.59758949
v 210 118.30592346 31.66666985
v 210 118.28337097 29.50594902
v 210 116.14521027 29.50594902
v 210 100.75595093 29.50594902
v 210 100.75595093 32.39521027
v 210 100.75595093 34.53337097
v 210 109.16667175 40.80591965
v 210 108.09759521 41.875
v 210 110.23574829 41.875
v 210 109.16667175 42.94408035
v 210 119.375 51.01425934
v 210 118.30592346 52.08332825
v 210 120.44407654 52.08332825
v 210 119.375 53.1524086
v 210 129.58332825 61.2225914
v 210 129.58332825 40.80591965
v 210 130.65240479 41.875
v 210 128.51425171 41.875
v 210 129.58332825 42.94408035
v 210 119.375 32.73575211
v 210 199.24404907 34.53337097
v 210 199.24404907 32.39521027
v 210 181.71662903 29.50594902
v 210 183.85479736 29.50594902
v 210 199.24404907 29.50594902
v 210 199.24404907 69.63330078
v 210 199.24404907 71.77146149
v 210 199.24404907 73.22853851
v 210 199.24404907 75.36669922
v 210 190.83332825 81.63925171
v 210 191.90240479 82.70832825
v 210 189.76425171 82.70832825
v 210 190.83332825 83.77740479
v 210 185.99169922 88.61904907
v 210 183.85354614 88.61904907
v 210 172.37463379 97.36260223
v 210 181.19674683 88.61904907
v 210 172.5 96.25
v 210 172.5 91.25
v 210 172.3480835 89.51351929
v 210 180.71893311 86.29410553
v 210 171.89691162 87.82980347
v 210 179.95320129 84.04748535
v 210 171.1602478 86.25
v 210 178.91165161 81.91468048
v 210 177.61074829 79.92941284
v 210 195.67497253 88.61904907
v 210 197.81311035 88.61904907
v 210 199.24404907 88.61904907
v 210 100.75595093 73.22853851
v 210 100.75595093 75.36669922
v 210 109.16667175 81.63925171
v 210 108.09759521 82.70832825
v 210 110.23574829 82.70832825
v 210 109.16667175 83.77740479
v 210 114.00830078 88.61904907
v 210 100.75595093 71.77146149
v 210 100.75595093 69.63330078
v 210 109.16667175 63.36074829
v 210 108.09759521 62.29167175
v 210 110.23574829 62.29167175
v 210 109.16667175 61.2225914
v 210 118.30592346 72.5
v 210 120.44407654 72.5
v 210 119.375 73.56907654
v 210 125.02308655 77.07901001
v 210 123.92895508 78.12303925
v 210 131.07211304 83.5895462
v 210 129.83956909 84.82212067
v 210 122.38925171 79.92941284
v 210 128.8397522 86.25
v 210 121.08834839 81.91468048
v 210 120.04679871 84.04748535
v 210 128.10308838 87.82980347
v 210 119.28106689 86.29410553
v 210 127.6519165 89.51351929
v 210 118.80325317 88.61904907
v 210 127.5 91.25
v 210 127.5 96.25
v 210 127.62535858 97.36260223
v 210 116.14646149 88.61904907
v 210 100.75595093 54.95003128
v 210 100.75595093 52.81187057
v 210 100.75595093 51.35478973
v 210 100.75595093 49.21662903
v 210 137.5 81.25
v 210 137.5 72.36904907
v 210 135.23374939 72.5055542
v 210 135.76351929 81.40193176
v 210 133.00027466 72.91307068
v 210 134.07980347 81.85308075
v 210 130.83184814 73.58573914
v 210 128.75984192 74.5138092
v 210 132.5 82.5897522
v 210 126.81420898 75.68386841
v 210 132.5 101.25
v 210 131.38739014 101.12464142
v 210 130.33058167 100.75484467
v 210 104.32502747 88.61904907
v 210 127.99516296 98.41941833
v 210 102.18688202 88.61904907
v 210 100.75595093 88.61904907
v 210 170.16043091 84.82212067
v 210 139.79167175 53.1524086
v 210 138.72259521 52.08332825
v 210 140.86074829 52.08332825
v 210 139.79167175 51.01425934
v 210 172.00483704 98.41941833
v 210 171.40916443 99.3674469
v 210 170.6174469 100.1591568
v 210 169.66941833 100.75484467
v 210 168.61260986 101.12464142
v 210 167.5 101.25
v 210 129.3825531 100.1591568
v 210 128.59083557 99.3674469
v 211.25 173.18579102 75.68386841
v 211.25 174.97691345 77.07901001
v 211.25 171.24015808 74.5138092
v 211.25 169.16815186 73.58573914
v 211.25 166.99972534 72.91307068
v 211.25 164.76625061 72.5055542
v 211.25 162.5 72.36904907
v 211.25 125.02308655 77.07901001
v 211.25 126.81420898 75.68386841
v 211.25 128.75984192 74.5138092
v 211.25 130.83184814 73.58573914
v 211.25 133.00027466 72.91307068
v 211.25 135.23374939 72.5055542
v 211.25 119.375 71.43092346
v 211.25 128.51425171 62.29167175
v 211.25 129.58332825 63.36074829
v 211.25 120.44407654 72.5
v 211.25 119.375 53.1524086
v 211.25 120.44407654 52.08332825
v 211.25 139.79167175 71.43092346
v 211.25 148.93092346 62.29167175
v 211.25 150 63.36074829
v 211.25 129.58332825 42.94408035
v 211.25 130.65240479 41.875
v 211.25 190.83332825 40.80591965
v 211.25 191.90240479 41.875
v 211.25 139.79167175 32.73575211
v 211.25 140.86074829 31.66666985
v 211.25 180.625 71.43092346
v 211.25 179.55592346 72.5
v 211.25 110.23574829 62.29167175
v 211.25 109.16667175 61.2225914
v 211.25 190.83332825 61.2225914
v 211.25 189.76425171 62.29167175
vn -0.70711 -0.70711 0
vn -0.70711 0.70711 0
vn 1 0 0
vn 0.70711 -0.70711 0
vn 0.70711 -0.70711 0
vn 0.70711 0.70711 0
vn 0.70711 -0.70711 0
vn 0.70711 0.70711 0
vn -0.70711 -0.7071 0
vn -0.70711 -0.70711 0
vn 0.70711 -0.7071 0
vn 0.70711 0.70711 0
vn 0.70711 0.70711 0
vn 0.70711 0.70711 0
vn 0.70711 -0.70711 0
vn -0.70711 -0.70711 0
vn -0.70711 0.70711 0
vn -0.70711 0.70711 0
vn 0.70711 0.70711 0
vn -0.70711 -0.70711 0
vn 0.70711 -0.70711 0
vn 0.70711 0.70711 0
vn 0.70711 -0.70711 0
vn -0.70711 -0.70711 0
vn -0.70711 0.70711 0
vn -0.70711 -0.70711 0
vn -1 0 -0
vn 0.70711 0.70711 0
vn 0.70711 -0.70711 0
vn 0.70711 0.70711 0
vn 0.70711 0.70711 0
vn 0.70711 -0.70711 0
vn -0.70711 -0.70711 0
vn 0.7071 -0.70711 0
vn 0.70711 0.70711 0
vn 0.70711 -0.70711 0
vn -0.70711 -0.70711 0
vn -0.70711 -0.70711 0
vn -0 -1 -0
vn -0.70711 -0.70711 0
vn 0.70711 -0.70711 0
vn 0.70711 0.7071 0
vn -0.70711 -0.70711 0
vn -0.11197 0.99371 0
vn -0.33028 0.94388 0
vn -0.53203 0.84672 0
vn -0.84672 0.53203 0
vn -0.94388 0.33028 0
vn -0.99371 -0.11196 0
vn -0.94388 -0.33029 0
vn -0.84673 -0.53203 0
vn -0.53203 -0.84672 0
vn -0.33028 -0.94388 0
vn 0.11196 -0.99371 0
vn 0.33028 -0.94388 0
vn 0.53203 -0.84672 0
vn 0.84673 -0.53203 0
vn 0.94388 -0.33028 0
vn 0.99371 0.11197 0
vn 0.94388 0.33028 0
vn 0.84672 0.53203 0
vn 0.53203 0.84672 0
vn 0.33028 0.94388 0
vn -0 -0 -1
vn -0 -0 -1
vn -0 -0 -1
vn 0 0 -1
vn 0 -0 -1
vn 0 -0 -1
vn 0 -0 -1
vn 0 -0 -1
vn 0 -0 -1
vn 0 -0 -1
vn 0 -0 -1
vn 0 -0 -1
vn 0 -0 -1
vn 0 -0 -1
vn -0 -0 -1
vn -0 -0 -1
vn 0 -0 -1
vn -0 -0 -1
vn -0 -0 -1
vn -0 -0 -1
vn -0 -0 -1
vn 0 -0 -1
vn 0 -0 -1
vn -0 0 -1
vn -0 0 -1
vn 0 -0 -1
vn 0 -0 -1
vn -0 -0 -1
vn 0 -0 -1
vn -0 -0 -1
vn 0 -0 -1
vn 0 -0 -1
vn 0 -0 -1
vn -0 -0 -1
vn -0 0 -1
vn -0 0 -1
vn 0 -0 -1
vn -0 -0 -1
vn 0 -0 -1
vn -0 -0 -1
vn -0 -0 -1
vn -0 -0 -1
vn -0 -0 -1
vn -0 -0 -1
vn -0 -0 -1
vn -0 -0 -1
vn 0 -0 -1
vn -0 0 -1
vn -0 -0 -1
vn 0 0 -1
vn 0 0 -1
vn -0 -0 -1
vn -0 -0 -1
vn 0 0 -1
vn -0 -0 -1
vn -0 -0 -1
vn 0 -0 -1
vn 0 -0 -1
vn -0 -0 -1
vn 0 -0 -1
vn -0 -0 -1
vn -0 -0 -1
vn 0 -0 -1
vn -0 -0 -1
vn 0 -0 -1
vn 0 -0 -1
vn -0 -0 -1
vn -0 -0 -1
vn 0 -0 -1
vn 0 -0 -1
vn -0 -0 -1
vn 0 -0 -1
vn 0 -0 -1
vn -0 -0 1
vn -0.70711 -0.70711 0
vn -0.70711 -0.70711 0
vn -0.70711 -0.70711 0
vn -0.70711 -0.70711 0
vn 0 -0.0349 0.99939
vn 0 -0.0349 0.99939
vn -0 -0.0349 0.99939
vn 0 -0.03488 0.99939
vn 8E-05 -0.03468 0.9994
vn 8E-05 -0.03468 -0.9994
vn 0 -0.03488 -0.99939
vn -0 -0.0349 -0.99939
vn 0 -0.0349 -0.99939
vn -0 -0.0349 -0.99939
vn 0 -0.0349 0.99939
vn 0 -0.0349 0.99939
vn 0 -0.0349 0.99939
vn 0 -0.0349 -0.99939
vn 0 -0.0349 -0.99939
vn 0 -0.0349 -0.99939
vn 0 -0.0349 0.99939
vn 0 -0.0349 0.99939
vn -0 -0.0349 0.99939
vn -2E-05 -0.03498 0.99939
vn 2E-05 -0.03485 0.99939
vn 0 -0.0349 -0.99939
vn -0 -0.0349 -0.99939
vn 0 -0.0349 -0.99939
vn -2E-05 -0.03498 -0.99939
vn -0 -0.0349 -0.99939
vn 2E-05 -0.03485 -0.99939
vn 0 -0.03489 0.99939
vn 0 -0.03489 0.99939
vn 1E-05 -0.03489 0.99939
vn -0.00018 -0.03557 0.99937
vn -1E-05 -0.03501 0.99939
vn 0 -0.03489 -0.99939
vn -0 -0.03489 -0.99939
vn -1E-05 -0.03501 -0.99939
vn -0.00018 -0.03557 -0.99937
vn 1E-05 -0.03489 -0.99939
vn 0 -0.03489 0.99939
vn -0.00013 -0.03501 0.99939
vn 2E-05 -0.03488 0.99939
vn -0 -0.03489 0.99939
vn 0 -0.03489 -0.99939
vn -0 -0.03489 -0.99939
vn 2E-05 -0.03488 -0.99939
vn -0.00013 -0.03501 -0.99939
vn 2E-05 -0.03488 0.99939
vn -1E-05 -0.0349 0.99939
vn 0 -0.0349 0.99939
vn 0 -0.0349 -0.99939
vn -1E-05 -0.0349 -0.99939
vn 2E-05 -0.03488 -0.99939
vn -0 1 0
vn -0.70711 -0.70711 0
vn -0.70711 -0.70711 0
vn -0.70711 -0.70711 0
vn -0.70711 -0.70711 0
vn -0.70711 0.70711 0
vn -0.0349 0 0.99939
vn -0.0349 0 0.99939
vn -0.0349 0 0.99939
vn -0.03488 -0 0.99939
vn -0.03468 -8E-05 0.9994
vn -0.03468 -8E-05 -0.9994
vn -0.03488 -0 -0.99939
vn -0.0349 0 -0.99939
vn -0.0349 0 -0.99939
vn -0.0349 0 -0.99939
vn -0.0349 -0 0.99939
vn -0.0349 -0 0.99939
vn -0.0349 -0 0.99939
vn -0.0349 -0 -0.99939
vn -0.0349 -0 -0.99939
vn -0.0349 -0 -0.99939
vn -0.0349 0 0.99939
vn -0.0349 0 0.99939
vn -0.03498 2E-05 0.99939
vn -0.03485 -2E-05 0.99939
vn -0.0349 0 -0.99939
vn -0.0349 -0 -0.99939
vn -0.03498 2E-05 -0.99939
vn -0.0349 0 -0.99939
vn -0.03485 -2E-05 -0.99939
vn -0.03489 0 0.99939
vn -0.03489 0 0.99939
vn -0.03489 -1E-05 0.99939
vn -0.03557 0.00018 0.99937
vn -0.03501 1E-05 0.99939
vn -0.03489 0 -0.99939
vn -0.03489 0 -0.99939
vn -0.03501 1E-05 -0.99939
vn -0.03557 0.00018 -0.99937
vn -0.03489 -1E-05 -0.99939
vn -0.03489 0 0.99939
vn -0.03501 0.00013 0.99939
vn -0.03488 -2E-05 0.99939
vn -0.03489 0 0.99939
vn -0.03489 0 -0.99939
vn -0.03489 0 -0.99939
vn -0.03488 -2E-05 -0.99939
vn -0.03501 0.00013 -0.99939
vn -0.0349 0 0.99939
vn -0.03488 -2E-05 0.99939
vn -0.0349 1E-05 0.99939
vn -0.0349 -0 0.99939
vn -0.0349 0 -0.99939
vn -0.0349 -0 -0.99939
vn -0.0349 1E-05 -0.99939
vn -0.03488 -2E-05 -0.99939
vn -0.70711 0.70711 0
vn -0.70711 0.70711 0
vn -0.70711 0.7071 0
vn -0.70711 0.70711 0
vn -0.70711 0.7071 0
vn 0.70711 0.70711 -0
vn 0.70711 0.70711 0
vn 0.70711 0.70711 0
vn -0 0.0349 0.99939
vn 0 0.0349 0.99939
vn 0 0.0349 0.99939
vn -0 0.03488 0.99939
vn -8E-05 0.03469 0.9994
vn -8E-05 0.03469 -0.9994
vn -0 0.03488 -0.99939
vn 0 0.0349 -0.99939
vn 0 0.0349 -0.99939
vn 0 0.0349 -0.99939
vn -0 0.0349 0.99939
vn -0 0.0349 0.99939
vn -1E-05 0.0349 0.99939
vn -1E-05 0.0349 -0.99939
vn -0 0.0349 -0.99939
vn -0 0.0349 -0.99939
vn 0 0.0349 0.99939
vn 0 0.0349 0.99939
vn 2E-05 0.03498 0.99939
vn -2E-05 0.03485 0.99939
vn 0 0.0349 -0.99939
vn -0 0.0349 -0.99939
vn 2E-05 0.03498 -0.99939
vn 0 0.0349 -0.99939
vn -2E-05 0.03485 -0.99939
vn 0 0.03489 0.99939
vn 0 0.03489 0.99939
vn -1E-05 0.03489 0.99939
vn 0.00018 0.03558 0.99937
vn 1E-05 0.03501 0.99939
vn 0 0.03489 -0.99939
vn 0 0.03489 -0.99939
vn 1E-05 0.03501 -0.99939
vn 0.00018 0.03558 -0.99937
vn -1E-05 0.03489 -0.99939
vn -0 0.03489 0.99939
vn 0.00013 0.03501 0.99939
vn -2E-05 0.03488 0.99939
vn 0 0.03489 0.99939
vn 0 0.03489 -0.99939
vn 0 0.03489 -0.99939
vn -2E-05 0.03488 -0.99939
vn 0.00013 0.03501 -0.99939
vn -0 0.0349 0.99939
vn -2E-05 0.03488 0.99939
vn 1E-05 0.0349 0.99939
vn -0 0.0349 0.99939
vn 0 0.0349 -0.99939
vn -0 0.0349 -0.99939
vn 1E-05 0.0349 -0.99939
vn -2E-05 0.03488 -0.99939
vn 0.70711 0.70711 -0
vn 0.70711 0.70711 0
vn 0.70711 0.70711 0
vn 0.7071 -0.70711 0
vn 0.70711 -0.70711 0
vn 0.7071 -0.70711 0
vn 0.70711 -0.70711 0
vn 0.70711 -0.70711 0
vn 0.0349 0 0.99939
vn 0.0349 0 0.99939
vn 0.0349 -0 0.99939
vn 0.03488 0 0.99939
vn 0.03469 8E-05 0.9994
vn 0.03469 8E-05 -0.9994
vn 0.03488 0 -0.99939
vn 0.0349 -0 -0.99939
vn 0.0349 0 -0.99939
vn 0.0349 0 -0.99939
vn 0.0349 0 0.99939
vn 0.0349 0 0.99939
vn 0.0349 1E-05 0.99939
vn 0.0349 1E-05 -0.99939
vn 0.0349 0 -0.99939
vn 0.0349 0 -0.99939
vn 0.0349 -0 0.99939
vn 0.0349 0 0.99939
vn 0.0349 -0 0.99939
vn 0.03498 -2E-05 0.99939
vn 0.03485 2E-05 0.99939
vn 0.0349 0 -0.99939
vn 0.0349 0 -0.99939
vn 0.0349 0 -0.99939
vn 0.03498 -2E-05 -0.99939
vn 0.0349 -0 -0.99939
vn 0.03485 2E-05 -0.99939
vn 0.03489 -0 0.99939
vn 0.03489 0 0.99939
vn 0.03489 1E-05 0.99939
vn 0.03558 -0.00018 0.99937
vn 0.03501 -1E-05 0.99939
vn 0.03489 0 -0.99939
vn 0.03489 0 -0.99939
vn 0.03501 -1E-05 -0.99939
vn 0.03558 -0.00018 -0.99937
vn 0.03489 1E-05 -0.99939
vn 0.03489 0 0.99939
vn 0.03501 -0.00013 0.99939
vn 0.03488 2E-05 0.99939
vn 0.03489 -0 0.99939
vn 0.03489 0 -0.99939
vn 0.03489 -0 -0.99939
vn 0.03488 2E-05 -0.99939
vn 0.03501 -0.00013 -0.99939
vn 0.03488 2E-05 0.99939
vn 0.0349 -1E-05 0.99939
vn 0.0349 0 0.99939
vn 0.0349 0 -0.99939
vn 0.0349 -1E-05 -0.99939
vn 0.03488 2E-05 -0.99939
vn 0.70668 -0.0349 -0.70668
vn 0.70668 -0.0349 -0.70668
vn -0.70668 -0.0349 0.70668
vn -0.70668 -0.0349 0.70668
vn -0.99939 -0.0349 0
vn -0.99939 -0.0349 0
vn 0 -0.0349 -0.99939
vn -0 -0.0349 -0.99939
vn -0.70668 -0.0349 -0.70668
vn -0.70668 -0.0349 -0.70668
vn 0.70668 -0.0349 0.70668
vn 0.70668 -0.0349 0.70668
vn 0 -0.0349 -0.99939
vn -0 -0.0349 -0.99939
vn 0.99939 -0.0349 0
vn 0.99939 -0.0349 0
vn -0.99939 -0.0349 0
vn 0.95638 -0.03396 -0.29013
vn 0.95433 -0.03674 -0.29649
vn 0.90773 -0.03564 -0.41805
vn 0.90837 -0.03504 -0.4167
vn 0.84571 -0.03462 -0.53251
vn 0.84371 -0.03603 -0.5356
vn 0.76934 -0.03367 -0.63795
vn 0.76357 -0.03695 -0.64467
vn -0.94453 -0.03548 0.32651
vn -0.94335 -0.03321 0.33013
vn -0.9781 -0.03649 0.20491
vn -0.97677 -0.03216 0.21185
vn -0.89567 -0.0342 0.44341
vn -0.8959 -0.03452 0.44292
vn -0.83445 -0.03514 0.54997
vn -0.83299 -0.0336 0.55227
vn -0.7606 -0.03603 0.64822
vn -0.75679 -0.03274 0.65283
vn 0.89802 -0.03511 -0.43855
vn 0.83423 -0.03616 -0.55023
vn 0.89784 -0.03536 -0.4389
vn 0.83593 -0.0343 -0.54777
vn 0.94662 -0.03592 -0.32033
vn 0.94597 -0.03455 -0.32242
vn 0.97982 -0.03669 -0.1965
vn 0.97897 -0.03377 -0.20119
vn 0.76062 -0.03353 -0.64833
vn 0.7569 -0.03692 -0.65248
vn 0.70668 -0.0349 -0.70668
vn 0.70668 -0.0349 -0.70668
vn -0.70668 -0.0349 0.70668
vn -0.70668 -0.0349 0.70668
vn 0.70668 -0.0349 -0.70668
vn 0.70668 -0.0349 -0.70668
vn -0.70668 -0.0349 0.70668
vn -0.70668 -0.0349 0.70668
vn 0.99939 -0.0349 0
vn -0.76925 -0.03723 -0.63787
vn -0.76366 -0.03349 -0.64475
vn -0.84567 -0.03609 -0.53249
vn -0.84375 -0.0346 -0.53562
vn -0.90775 -0.03504 -0.41806
vn -0.90835 -0.03562 -0.41669
vn -0.95442 -0.03406 -0.29652
vn -0.95629 -0.03657 -0.29011
vn 0.83294 -0.03515 0.55224
vn 0.83449 -0.03354 0.55
vn 0.7567 -0.03614 0.65276
vn 0.76069 -0.03252 0.6483
vn 0.89565 -0.03452 0.44341
vn 0.89591 -0.03421 0.44292
vn 0.94328 -0.03545 0.33011
vn 0.9446 -0.03331 0.32653
vn 0.97663 -0.03632 0.21182
vn 0.97824 -0.03247 0.20493
vn -0.89801 -0.03537 -0.43854
vn -0.94662 -0.03592 -0.32033
vn -0.89785 -0.03511 -0.4389
vn -0.94597 -0.03455 -0.32242
vn -0.83423 -0.03616 -0.55023
vn -0.83593 -0.0343 -0.54777
vn -0.97897 -0.03377 -0.20119
vn -0.97982 -0.03669 -0.1965
vn -0.7569 -0.03692 -0.65248
vn -0.76062 -0.03353 -0.64833
vn -0.70668 -0.0349 -0.70668
vn -0.70668 -0.0349 -0.70668
vn 0.70668 -0.0349 0.70668
vn 0.70668 -0.0349 0.70668
vn 0.70668 -0.0349 0.70668
vn 0.70668 -0.0349 0.70668
vn -0.70668 -0.0349 -0.70668
vn -0.70668 -0.0349 -0.70668
vn -0.70668 -0.0349 -0.70668
vn -0.70668 -0.0349 -0.70668
vn 0.70668 -0.0349 0.70668
vn 0.70668 -0.0349 0.70668
vn 0 -0.0349 0.99939
vn -0.99939 -0.0349 0
vn -0.70668 -0.0349 -0.70668
vn -0.70668 -0.0349 -0.70668
vn 0.70668 -0.0349 0.70668
vn -0.70668 -0.0349 -0.70668
vn -0.70668 -0.0349 -0.70668
vn 0.70668 -0.0349 0.70668
vn 0.70668 -0.0349 0.70668
vn 0 -0.0349 0.99939
vn -0.70668 -0.0349 -0.70668
vn 0.70668 -0.0349 0.70668
vn 0.70668 -0.0349 0.70668
vn -0.99939 -0.0349 0
vn -0.70668 -0.0349 -0.70668
vn -0.70668 -0.0349 -0.70668
vn 0.70668 -0.0349 0.70668
vn 0.70668 -0.0349 0.70668
vn -0.70668 -0.0349 0.70668
vn -0.70668 -0.0349 0.70668
vn 0.70668 -0.0349 -0.70668
vn 0.70668 -0.0349 -0.70668
vn -0.70668 -0.0349 0.70668
vn -0.70668 -0.0349 0.70667
vn 0.70668 -0.0349 -0.70668
vn 0.70668 -0.0349 -0.70667
vn 0 -0.0349 0.99939
vn 0.99939 -0.0349 0
vn -0.70668 -0.0349 0.70668
vn 0.70668 -0.0349 -0.70668
vn 0.70668 -0.0349 -0.70668
vn -0.70668 -0.0349 0.70668
vn -0.70668 -0.0349 0.70668
vn 0.70668 -0.0349 -0.70668
vn 0.70668 -0.0349 -0.70668
vn -0.70668 -0.0349 0.70667
vn -0.70668 -0.0349 0.70668
vn 0.70667 -0.0349 -0.70668
vn 0.70667 -0.0349 -0.70668
vn -0.70668 -0.0349 -0.70668
vn 0.70668 -0.0349 0.70668
vn 0.70668 -0.0349 0.70668
vn -0.70667 -0.0349 -0.70668
vn -0.70667 -0.0349 -0.70668
vn 0.70668 -0.0349 0.70667
vn 0.70668 -0.0349 0.70668
vn -0.70668 -0.0349 -0.70668
vn -0.70668 -0.0349 -0.70667
vn 0.70668 -0.0349 0.70668
vn 0.70668 -0.0349 0.70668
vn -0.70668 -0.0349 -0.70668
vn 0.70668 -0.0349 0.70668
vn 0 -0.0349 0.99939
vn 0 -0.0349 0.99939
vn 0 -0.0349 0.99939
vn 0 -0.03489 0.99939
vn 0 -0.03489 -0.99939
vn 0 -0.0349 0.99939
vn 0.95834 -0.04043 0.28276
vn 0.88704 -0.04197 0.45978
vn 0.93973 -0.02599 0.34093
vn 0.78344 -0.04231 0.62002
vn 0.84375 -0.02507 0.53615
vn 0.6513 -0.04147 0.75768
vn 0.70778 -0.02531 0.70598
vn 0.99117 -0.02808 0.12956
vn 0.99472 -0.0377 0.09543
vn 0.99781 -0.03484 -0.05627
vn 0.99807 -0.03703 -0.04976
vn -0.78344 -0.04231 0.62002
vn -0.88704 -0.04197 0.45978
vn -0.84375 -0.02507 0.53615
vn -0.95834 -0.04043 0.28276
vn -0.93973 -0.02599 0.34093
vn -0.99472 -0.0377 0.09543
vn -0.99117 -0.02808 0.12956
vn -0.70778 -0.02531 0.70598
vn -0.6513 -0.04147 0.75768
vn -0.57324 -0.03323 -0.81871
vn -0.58094 -0.03683 -0.81312
vn -0.46369 -0.03646 -0.88525
vn -0.45717 -0.03361 -0.88874
vn -0.33765 -0.03607 -0.94058
vn -0.33269 -0.03399 -0.94242
vn -0.20518 -0.03566 -0.97807
vn -0.20209 -0.0344 -0.97876
vn -0.06883 -0.03525 -0.99701
vn -0.06778 -0.03482 -0.99709
vn -0.99371 0 -0.11197
vn -0.94388 0 -0.33028
vn -0.84673 0 -0.53202
vn -0.7071 0 -0.70711
vn -0.11196 -0 -0.99371
vn -0.33028 -0 -0.94388
vn -0.53203 0 -0.84672
vn -0.08716 0 0.99619
vn -0.25882 0 0.96593
vn -0.42262 0 0.90631
vn -0.57357 0 0.81916
vn -0.70712 0 0.7071
vn -0.99619 0 0.08715
vn -0.96592 0 0.25883
vn -0.90631 0 0.42261
vn -0.81915 0 0.57358
vn 0.99619 -0 0.08715
vn 0.96592 -0 0.25883
vn 0.90631 -0 0.42261
vn 0.81915 -0 0.57358
vn 0.70712 -0 0.7071
vn 0.08716 0 0.99619
vn 0.25882 0 0.96593
vn 0.42262 0 0.90631
vn 0.57357 -0 0.81916
vn 0.12 0 -0.99277
vn 0.11196 0.00194 -0.99371
vn 0.33028 -0.00168 -0.94388
vn 0.99371 0 -0.11196
vn 0.99791 -0.01086 -0.06363
vn 0.96946 0.00695 -0.24514
vn 0.35306 0.00336 -0.93559
vn 0.53203 -0.0031 -0.84672
vn 0.56581 0.00465 -0.82452
vn 0.7071 -0.00426 -0.7071
vn 0.74596 0.00568 -0.66597
vn 0.84672 -0.00516 -0.53202
vn 0.88315 0.00645 -0.46905
vn 0.94387 -0.0058 -0.33028
vn 0 -0.0349 -0.99939
vn 0 -0.0349 -0.99939
vn 0.57316 -0.03711 -0.8186
vn 0.58101 -0.03296 -0.81323
vn 0.45712 -0.03662 -0.88865
vn 0.46374 -0.03345 -0.88534
vn 0.33267 -0.03615 -0.94235
vn 0.33768 -0.03392 -0.94065
vn 0.20208 -0.03569 -0.97872
vn 0.20519 -0.03437 -0.97812
vn 0.06777 -0.03525 -0.99708
vn 0.06883 -0.03482 -0.99702
vn -0.99781 -0.03484 -0.05627
vn -0.99807 -0.03703 -0.04976
vn 0 -0.0349 0.99939
vn -0.99887 -0.03488 0.03221
vn -0.99879 -0.03383 0.03572
vn 0.99884 -0.03488 -0.03334
vn 0.99891 -0.03612 -0.02962
vn -0.0603 -0.03484 0.99757
vn -0.05963 -0.03446 0.99763
vn -0.17999 -0.03521 0.98304
vn -0.17803 -0.03408 0.98343
vn -0.29708 -0.0356 0.95419
vn -0.29391 -0.03369 0.95524
vn -0.40983 -0.03599 0.91145
vn -0.61017 -0.03246 0.79161
vn -0.61587 -0.0368 0.78698
vn -0.51152 -0.03287 0.85864
vn -0.51662 -0.03639 0.85544
vn -0.40561 -0.03329 0.91344
vn 0.61408 -0.03691 -0.78838
vn 0.61889 -0.0331 -0.78478
vn 0.51502 -0.03655 -0.8564
vn 0.51928 -0.03346 -0.85395
vn 0.40851 -0.0362 -0.91204
vn 0.41203 -0.03381 -0.91054
vn 0.29609 -0.03585 -0.95449
vn 0.29871 -0.03416 -0.95373
vn 0.17938 -0.03551 -0.98314
vn 0.181 -0.0345 -0.98288
vn 0.06009 -0.03517 -0.99757
vn 0.06063 -0.03483 -0.99755
vn 0.0603 -0.03447 0.99759
vn 0.05963 -0.03484 0.99761
vn 0.17803 -0.0352 0.9834
vn 0.18 -0.03411 0.98308
vn 0.29389 -0.03556 0.95518
vn 0.2971 -0.03376 0.95425
vn 0.40557 -0.03591 0.91336
vn 0.40987 -0.03341 0.91153
vn 0.51146 -0.03626 0.85854
vn 0.61596 -0.03275 0.7871
vn 0.61008 -0.03659 0.79149
vn 0.51668 -0.03307 0.85554
vn -0.61416 -0.03327 -0.78848
vn -0.61881 -0.03672 -0.78468
vn -0.51922 -0.03643 -0.85386
vn -0.51507 -0.03357 -0.85649
vn -0.412 -0.03612 -0.91047
vn -0.40854 -0.03388 -0.91211
vn -0.29869 -0.03581 -0.95368
vn -0.29611 -0.03419 -0.95454
vn -0.181 -0.03549 -0.98284
vn -0.17939 -0.03451 -0.98317
vn -0.06063 -0.03516 -0.99754
vn -0.06009 -0.03484 -0.99758
vn -0.99884 -0.03488 -0.03333
vn -0.99891 -0.03612 -0.02962
vn 0.99891 -0.03371 0.03221
vn 0.99875 -0.03488 0.03572
vn 0.99939 -0.0349 0
vn 0.99939 -0.0349 0
vn -0.99939 -0.0349 0
vn -0.99939 -0.0349 0
vn -0.99939 -0.0349 0
vn -0.99939 -0.0349 -0
vn 0.99939 -0.0349 0
vn 0.99939 -0.0349 0
vn -0.70668 -0.0349 0.70668
vn 0.70668 -0.0349 -0.70668
vn 0.70668 -0.0349 -0.70668
vn 0.70668 -0.0349 -0.70668
vn 0.70668 -0.0349 -0.70668
vn -0.70668 -0.0349 0.70668
vn -0.70668 -0.0349 0.70668
vn -0.70668 -0.0349 0.70668
vn -0.70668 -0.0349 0.70668
vn 0.70668 -0.0349 -0.70668
vn 0.70668 -0.0349 -0.70668
vn -0.70668 -0.0349 -0.70668
vn -0.70668 -0.0349 -0.70668
vn -0.70668 -0.0349 0.70668
vn -0.70668 -0.0349 0.70668
vn 0.70668 -0.0349 0.70668
vn 0.70668 -0.0349 0.70668
vn 0.70668 -0.0349 -0.70668
vn 0.70668 -0.0349 -0.70668
vn -0.70668 -0.0349 0.70668
vn -0.70668 -0.0349 0.70668
vn -0.70668 -0.0349 -0.70668
vn 0.70668 -0.0349 0.70667
vn 0.70668 -0.0349 0.70668
vn -0.70668 -0.0349 -0.70668
vn 0.70668 -0.0349 0.70668
vn 0.70668 -0.0349 0.70667
vn -0.70667 -0.0349 -0.70668
vn -0.70668 -0.0349 0.70667
vn -0.70668 -0.0349 0.70667
vn -0.70668 -0.0349 0.70668
vn 0.70668 -0.0349 -0.70668
vn 0.70668 -0.0349 -0.70668
vn 0.70668 -0.0349 -0.70668
vn 0.70667 -0.0349 -0.70668
vn 0.70668 -0.0349 -0.70668
vn 0.70668 -0.0349 -0.70668
vn -0.70668 -0.0349 0.70668
vn -0.70668 -0.0349 0.70668
vn -0.70668 -0.0349 0.70668
vn -0.70667 -0.0349 0.70668
vn 0.70667 -0.0349 -0.70668
vn 0.70668 -0.0349 -0.70668
vn -0.70668 -0.0349 0.70668
vn -0.70668 -0.0349 0.70668
vn 0.70668 -0.0349 -0.70668
vn 0.70668 -0.0349 -0.70668
vn 0.70668 -0.0349 -0.70668
vn -0.70668 -0.0349 0.70668
vn -0.70668 -0.0349 0.70668
vn -0.70667 -0.0349 -0.70668
vn -0.70668 -0.0349 -0.70668
vn 0.70668 -0.0349 0.70668
vn 0.70667 -0.0349 0.70668
vn -0.70668 -0.0349 -0.70668
vn 0.70668 -0.0349 0.70668
vn 0.70668 -0.0349 0.70668
vn 0.70668 -0.0349 0.70668
vn 0.70668 -0.0349 0.70668
vn -0.70668 -0.0349 -0.70668
vn -0.70668 -0.0349 -0.70668
vn -0.70668 -0.0349 0.70667
vn -0.70668 -0.0349 0.70667
vn 0.70668 -0.0349 -0.70668
vn 0.70668 -0.0349 -0.70668
vn 0.70668 -0.0349 -0.70668
vn -0.70668 -0.0349 0.70668
vn -0.70668 -0.0349 0.70668
vn -0.70668 -0.0349 -0.70668
vn -0.70668 -0.0349 -0.70668
vn 0.70668 -0.0349 0.70668
vn 0.70668 -0.0349 0.70667
vn 0.70668 -0.0349 0.70667
vn -0.70668 -0.0349 -0.70668
vn -0.70668 -0.0349 -0.70668
vn 0.70711 0 0.70711
vn -0.70711 0 0.70711
vn -0.70711 -0 -0.70711
vn -0.70711 0 0.70711
vn -0.70711 0 0.70711
vn 0.70711 0 0.70711
vn 0.70711 0 -0.70711
vn -0.70711 -0 -0.70711
vn -0.97953 -0 -0.20131
vn -0.94653 -0 -0.32261
vn -0.89858 -0 -0.43882
vn -0.83642 -0 -0.54809
vn -0.76105 -0 -0.6487
vn -0.70711 0 0.70711
vn 0.70711 0 -0.70711
vn 0.70711 0 -0.70711
vn -0.70711 0 0.70711
vn 0.70711 0 0.70711
vn -0.6145 -0 -0.78892
vn -0.51536 -0 -0.85697
vn -0.40878 -0 -0.91263
vn -0.29628 -0 -0.9551
vn -0.1795 -0 -0.98376
vn -0.06012 -0 -0.99819
vn -0.70711 0 0.70711
vn 0.70711 0 -0.70711
vn 0.70711 0 0.70711
vn -0.70711 -0 -0.70711
vn -0.70711 0 0.70711
vn 0.70711 0 0.70711
vn 0.06012 0 -0.99819
vn 0.1795 0 -0.98376
vn 0.29628 0 -0.9551
vn 0.40878 0 -0.91263
vn 0.51536 0 -0.85697
vn 0.6145 0 -0.78892
vn 0.70711 0 0.70711
vn 0.76105 0 -0.6487
vn 0.83642 0 -0.54809
vn 0.89858 0 -0.43882
vn 0.94653 0 -0.32261
vn 0.97953 0 -0.20131
vn -0.70711 -0 -0.70711
vn 0.70711 0 0.70711
vn 0.70711 0 0.70711
vn 0.70711 0 -0.70711
vn -0.70711 0 0.70711
vn -0.70711 -0 -0.70711
vn 0.70711 0 -0.70711
vn 0.70711 0 0.70711
vn -0.70711 0 0.70711
vn 0.70711 0 0.70711
vn 0.70711 0 -0.70711
vn 0.70711 0 0.70711
vn 0.70711 0 -0.70711
vn -0.70711 -0 -0.70711
vn -0.70711 0 0.70711
vn -0.70711 -0 -0.70711
vn -0.70711 -0 -0.70711
vn -0.70711 0 0.70711
vn 0.70711 0 0.70711
vn -0.70711 -0 -0.70711
vn -0.70711 0 0.70711
vn 0.70711 0 -0.70711
vn 0.70711 0 -0.70711
vn -0.70711 -0 -0.70711
vn 0.70711 0 -0.70711
vn -0.70711 -0 -0.70711
vn 0.70711 0 0.7071
vn -0.70711 0 0.7071
vn -0.70711 -0 -0.70711
vn 0.70711 0 0.70711
vn -0.70711 0 0.70711
vn 0.70711 0 -0.70711
vn 0.70711 0 -0.7071
vn -0.70711 -0 -0.70711
vn 0.70711 0 -0.70711
vn -0.70711 -0 -0.7071
vn -0.0349 -0.70668 -0.70668
vn -0.0349 -0.70668 -0.70668
vn -0.0349 0.70668 0.70668
vn -0.0349 0.70668 0.70668
vn -0.0349 0.99939 0
vn -0.0349 0.99939 0
vn -0.0349 0 -0.99939
vn -0.0349 0 -0.99939
vn -0.0349 0.70668 -0.70668
vn -0.0349 0.70668 -0.70668
vn -0.0349 -0.70668 0.70668
vn -0.0349 -0.70668 0.70668
vn -0.0349 0 -0.99939
vn -0.0349 -0.99939 0
vn -0.0349 -0.99939 0
vn -0.0349 0.99939 0
vn -0.03397 -0.95638 -0.29014
vn -0.03674 -0.95433 -0.29649
vn -0.03564 -0.90773 -0.41805
vn -0.03504 -0.90837 -0.4167
vn -0.03462 -0.84571 -0.53251
vn -0.03603 -0.84371 -0.5356
vn -0.03367 -0.76934 -0.63795
vn -0.03695 -0.76357 -0.64467
vn -0.03548 0.94453 0.32651
vn -0.0332 0.94335 0.33013
vn -0.03649 0.9781 0.20491
vn -0.03216 0.97677 0.21185
vn -0.0342 0.89566 0.44341
vn -0.03452 0.8959 0.44292
vn -0.03514 0.83444 0.54997
vn -0.0336 0.83299 0.55227
vn -0.03604 0.7606 0.64822
vn -0.03274 0.75679 0.65283
vn -0.03511 -0.89802 -0.43855
vn -0.03616 -0.83423 -0.55023
vn -0.03536 -0.89784 -0.4389
vn -0.0343 -0.83593 -0.54777
vn -0.03592 -0.94662 -0.32033
vn -0.03455 -0.94597 -0.32242
vn -0.03669 -0.97982 -0.1965
vn -0.03377 -0.97897 -0.20119
vn -0.03353 -0.76062 -0.64833
vn -0.03692 -0.7569 -0.65248
vn -0.0349 -0.70668 -0.70668
vn -0.0349 -0.70668 -0.70668
vn -0.0349 0.70668 0.70668
vn -0.0349 0.70668 0.70668
vn -0.0349 -0.70668 -0.70668
vn -0.0349 -0.70668 -0.70668
vn -0.0349 0.70668 0.70668
vn -0.0349 0.70668 0.70668
vn -0.0349 -0.99939 0
vn -0.03723 0.76925 -0.63787
vn -0.03349 0.76366 -0.64475
vn -0.03609 0.84567 -0.53249
vn -0.0346 0.84375 -0.53562
vn -0.03504 0.90775 -0.41806
vn -0.03562 0.90835 -0.41669
vn -0.03406 0.95442 -0.29652
vn -0.03657 0.9563 -0.29011
vn -0.03515 -0.83294 0.55224
vn -0.03354 -0.83449 0.55
vn -0.03614 -0.7567 0.65276
vn -0.03252 -0.76069 0.6483
vn -0.03452 -0.89566 0.44341
vn -0.03421 -0.89591 0.44292
vn -0.03545 -0.94328 0.33011
vn -0.03331 -0.9446 0.32653
vn -0.03633 -0.97663 0.21182
vn -0.03247 -0.97824 0.20493
vn -0.03537 0.89801 -0.43854
vn -0.03592 0.94662 -0.32033
vn -0.03511 0.89785 -0.4389
vn -0.03455 0.94597 -0.32242
vn -0.03616 0.83423 -0.55023
vn -0.0343 0.83593 -0.54777
vn -0.03377 0.97897 -0.20119
vn -0.03669 0.97982 -0.1965
vn -0.03692 0.7569 -0.65248
vn -0.03353 0.76062 -0.64833
vn -0.0349 0.70668 -0.70668
vn -0.0349 0.70668 -0.70668
vn -0.0349 -0.70668 0.70668
vn -0.0349 -0.70668 0.70668
vn -0.0349 -0.70668 0.70668
vn -0.0349 -0.70668 0.70668
vn -0.0349 0.70668 -0.70668
vn -0.0349 0.70668 -0.70668
vn -0.0349 0.70668 -0.70668
vn -0.0349 0.70668 -0.70668
vn -0.0349 -0.70668 0.70668
vn -0.0349 -0.70668 0.70668
vn -0.0349 0 0.99939
vn -0.0349 0 0.99939
vn -0.0349 0.99939 0
vn -0.0349 0.70668 -0.70668
vn -0.0349 0.70668 -0.70668
vn -0.0349 -0.70668 0.70668
vn -0.0349 0.70668 -0.70668
vn -0.0349 0.70668 -0.70668
vn -0.0349 -0.70668 0.70668
vn -0.0349 -0.70668 0.70668
vn -0.0349 0.70668 -0.70668
vn -0.0349 -0.70668 0.70668
vn -0.0349 -0.70668 0.70668
vn -0.0349 0.99939 0
vn -0.0349 0.70668 -0.70668
vn -0.0349 0.70668 -0.70668
vn -0.0349 -0.70668 0.70668
vn -0.0349 -0.70668 0.70668
vn -0.0349 0.70668 0.70668
vn -0.0349 0.70668 0.70668
vn -0.0349 -0.70668 -0.70668
vn -0.0349 -0.70668 -0.70668
vn -0.0349 0.70668 0.70668
vn -0.0349 0.70668 0.70668
vn -0.0349 -0.70668 -0.70668
vn -0.0349 -0.70668 -0.70667
vn -0.0349 0 0.99939
vn -0.0349 -0.99939 0
vn -0.0349 0.70668 0.70668
vn -0.0349 -0.70668 -0.70668
vn -0.0349 -0.70668 -0.70668
vn -0.0349 0.70668 0.70668
vn -0.0349 0.70668 0.70668
vn -0.0349 -0.70668 -0.70668
vn -0.0349 -0.70668 -0.70668
vn -0.0349 0.70668 0.70667
vn -0.0349 -0.70667 -0.70668
vn -0.0349 -0.70667 -0.70668
vn -0.0349 0.70668 -0.70668
vn -0.0349 -0.70668 0.70668
vn -0.0349 -0.70668 0.70668
vn -0.0349 0.70667 -0.70668
vn -0.0349 0.70667 -0.70668
vn -0.0349 -0.70668 0.70667
vn -0.0349 -0.70668 0.70668
vn -0.0349 0.70668 -0.70668
vn -0.0349 0.70668 -0.70667
vn -0.0349 -0.70668 0.70668
vn -0.0349 -0.70668 0.70667
vn -0.0349 0.70668 -0.70668
vn -0.0349 -0.70668 0.70668
vn -0.0349 0 0.99939
vn -0.0349 0 0.99939
vn -0.03489 0 0.99939
vn -0.03489 -0 -0.99939
vn -0.0349 0 0.99939
vn -0.0349 0 0.99939
vn -0.0349 0 -0.99939
vn -0.04043 -0.95834 0.28276
vn -0.04197 -0.88704 0.45978
vn -0.02599 -0.93973 0.34093
vn -0.04231 -0.78344 0.62002
vn -0.02507 -0.84375 0.53616
vn -0.04147 -0.6513 0.75768
vn -0.02531 -0.70779 0.70597
vn -0.02808 -0.99117 0.12956
vn -0.0377 -0.99472 0.09543
vn -0.03484 -0.99781 -0.05627
vn -0.03703 -0.99807 -0.04976
vn -0.04231 0.78344 0.62002
vn -0.04197 0.88704 0.45978
vn -0.02507 0.84375 0.53615
vn -0.04043 0.95834 0.28276
vn -0.02599 0.93973 0.34093
vn -0.0377 0.99472 0.09543
vn -0.02808 0.99117 0.12956
vn -0.02531 0.70778 0.70598
vn -0.04147 0.6513 0.75768
vn -0.03323 0.57324 -0.81871
vn -0.03683 0.58094 -0.81312
vn -0.03646 0.46369 -0.88525
vn -0.03361 0.45717 -0.88874
vn -0.03607 0.33765 -0.94058
vn -0.03399 0.33269 -0.94242
vn -0.03566 0.20518 -0.97807
vn -0.0344 0.20209 -0.97876
vn -0.03525 0.06883 -0.99701
vn -0.03482 0.06778 -0.99709
vn 0 0.99371 -0.11196
vn 0 0.94388 -0.33029
vn 0 0.84673 -0.53202
vn 0 0.7071 -0.70711
vn 0 0.11196 -0.99371
vn 0 0.33028 -0.94388
vn 0 0.53203 -0.84672
vn 0 0.08716 0.99619
vn 0 0.25882 0.96593
vn 0 0.42262 0.90631
vn -0 0.57357 0.81916
vn -0 0.70712 0.7071
vn 0 0.99619 0.08715
vn 0 0.96592 0.25883
vn 0 0.90631 0.42261
vn -0 0.81915 0.57358
vn 0 -0.99619 0.08715
vn 0 -0.96592 0.25883
vn 0 -0.90631 0.42261
vn 0 -0.81915 0.57358
vn 0 -0.70712 0.7071
vn 0 -0.08716 0.99619
vn 0 -0.25882 0.96593
vn 0 -0.42262 0.90631
vn 0 -0.57357 0.81916
vn 0 -0.11196 -0.99371
vn 0 -0.33028 -0.94388
vn 0 -0.53203 -0.84672
vn 0 -0.7071 -0.70711
vn -0 -0.99371 -0.11197
vn -0 -0.94388 -0.33028
vn 0 -0.84673 -0.53202
vn -0.0349 0 0.99939
vn -0.0349 -0 -0.99939
vn -0.0349 0 -0.99939
vn -0.03711 -0.57316 -0.8186
vn -0.03296 -0.58101 -0.81323
vn -0.03662 -0.45712 -0.88865
vn -0.03345 -0.46374 -0.88534
vn -0.03615 -0.33267 -0.94235
vn -0.03392 -0.33768 -0.94065
vn -0.03569 -0.20208 -0.97872
vn -0.03437 -0.20519 -0.97812
vn -0.03525 -0.06777 -0.99708
vn -0.03482 -0.06883 -0.99702
vn -0.03484 0.99781 -0.05627
vn -0.03703 0.99807 -0.04976
vn -0.0349 0 0.99939
vn -0.03488 0.99887 0.03221
vn -0.03383 0.99879 0.03572
vn -0.03488 -0.99884 -0.03333
vn -0.03612 -0.99891 -0.02962
vn -0.03484 0.0603 0.99757
vn -0.03446 0.05963 0.99763
vn -0.03521 0.17999 0.98304
vn -0.03408 0.17803 0.98343
vn -0.0356 0.29708 0.95419
vn -0.03369 0.29391 0.95524
vn -0.03599 0.40983 0.91145
vn -0.03246 0.61017 0.79161
vn -0.0368 0.61587 0.78698
vn -0.03288 0.51152 0.85864
vn -0.03639 0.51662 0.85544
vn -0.03329 0.40561 0.91344
vn -0.03691 -0.61408 -0.78838
vn -0.0331 -0.61889 -0.78478
vn -0.03655 -0.51502 -0.8564
vn -0.03346 -0.51927 -0.85395
vn -0.0362 -0.40851 -0.91204
vn -0.03381 -0.41203 -0.91054
vn -0.03585 -0.29609 -0.95449
vn -0.03416 -0.29871 -0.95373
vn -0.03551 -0.17938 -0.98314
vn -0.0345 -0.181 -0.98288
vn -0.03517 -0.06009 -0.99757
vn -0.03483 -0.06063 -0.99755
vn -0.03447 -0.0603 0.99759
vn -0.03484 -0.05963 0.99761
vn -0.0352 -0.17803 0.9834
vn -0.03411 -0.18 0.98308
vn -0.03556 -0.29389 0.95518
vn -0.03376 -0.2971 0.95425
vn -0.03591 -0.40557 0.91336
vn -0.03341 -0.40987 0.91153
vn -0.03626 -0.51146 0.85854
vn -0.03275 -0.61596 0.7871
vn -0.03659 -0.61008 0.79149
vn -0.03307 -0.51668 0.85554
vn -0.03327 0.61416 -0.78848
vn -0.03672 0.61881 -0.78468
vn -0.03643 0.51922 -0.85386
vn -0.03357 0.51507 -0.85649
vn -0.03612 0.412 -0.91047
vn -0.03388 0.40854 -0.91211
vn -0.03581 0.29869 -0.95368
vn -0.03419 0.29611 -0.95454
vn -0.03549 0.181 -0.98284
vn -0.03451 0.17939 -0.98317
vn -0.03516 0.06063 -0.99754
vn -0.03484 0.06009 -0.99758
vn -0.03488 0.99884 -0.03334
vn -0.03612 0.99891 -0.02962
vn -0.03371 -0.99891 0.03221
vn -0.03488 -0.99875 0.03572
vn -0.0349 -0.99939 0
vn -0.0349 -0.99939 0
vn -0.0349 0.99939 0
vn -0.0349 0.99939 0
vn -0.0349 0.99939 0
vn -0.0349 0.99939 0
vn -0.0349 -0.99939 0
vn -0.0349 -0.99939 0
vn -0.0349 0.70668 0.70668
vn -0.0349 -0.70668 -0.70668
vn -0.0349 -0.70668 -0.70668
vn -0.0349 -0.70668 0.70668
vn -0.0349 -0.70668 -0.70668
vn -0.0349 -0.70668 -0.70668
vn -0.0349 0.70668 0.70668
vn -0.0349 0.70668 0.70668
vn -0.0349 0.70668 0.70668
vn -0.0349 0.70668 0.70668
vn -0.0349 -0.70668 -0.70668
vn -0.0349 -0.70668 -0.70668
vn -0.0349 0.70668 -0.70668
vn -0.0349 0.70668 -0.70668
vn -0.0349 0.70668 0.70668
vn -0.0349 0.70668 0.70668
vn -0.0349 -0.70668 0.70668
vn -0.0349 -0.70668 0.70668
vn -0.0349 -0.70668 -0.70668
vn -0.0349 -0.70668 -0.70668
vn -0.0349 0.70668 0.70668
vn -0.0349 0.70668 -0.70668
vn -0.0349 -0.70668 0.70667
vn -0.0349 -0.70668 0.70668
vn -0.0349 0.70668 -0.70668
vn -0.0349 -0.70668 0.70668
vn -0.0349 0.70667 -0.70668
vn -0.0349 0.70668 0.70667
vn -0.0349 0.70668 0.70667
vn -0.0349 0.70668 0.70668
vn -0.0349 -0.70668 -0.70668
vn -0.0349 -0.70668 -0.70668
vn -0.0349 -0.70668 -0.70668
vn -0.0349 -0.70667 -0.70668
vn -0.0349 0.70668 0.70667
vn -0.0349 -0.70668 -0.70668
vn -0.0349 -0.70668 -0.70668
vn -0.0349 0.70668 0.70668
vn -0.0349 0.70668 0.70668
vn -0.0349 0.70668 0.70668
vn -0.0349 0.70667 0.70668
vn -0.0349 -0.70667 -0.70668
vn -0.0349 -0.70668 -0.70668
vn -0.0349 0.70668 0.70668
vn -0.0349 0.70668 0.70668
vn -0.0349 -0.70668 -0.70668
vn -0.0349 -0.70668 -0.70668
vn -0.0349 -0.70668 -0.70668
vn -0.0349 0.70668 0.70668
vn -0.0349 0.70668 0.70668
vn -0.0349 0.70667 -0.70668
vn -0.0349 0.70668 -0.70668
vn -0.0349 -0.70668 0.70668
vn -0.0349 -0.70667 0.70668
vn -0.0349 0.70668 -0.70668
vn -0.0349 -0.70668 0.70668
vn -0.0349 -0.70668 0.70668
vn -0.0349 -0.70668 0.70668
vn -0.0349 -0.70668 0.70668
vn -0.0349 0.70668 -0.70668
vn -0.0349 0.70668 -0.70668
vn -0.0349 0.70668 0.70667
vn -0.0349 0.70668 0.70667
vn -0.0349 -0.70668 -0.70668
vn -0.0349 -0.70668 -0.70668
vn -0.0349 -0.70668 -0.70668
vn -0.0349 0.70668 0.70668
vn -0.0349 0.70668 0.70668
vn -0.0349 0.70668 -0.70668
vn -0.0349 0.70668 -0.70668
vn -0.0349 -0.70668 0.70668
vn -0.0349 -0.70668 0.70667
vn -0.0349 -0.70668 0.70667
vn -0.0349 0.70668 -0.70668
vn -0.0349 0.70668 -0.70668
vn 0 -0.70711 0.70711
vn 0 0.70711 0.70711
vn 0 0.70711 -0.70711
vn 0 0.70711 0.70711
vn 0 0.70711 0.70711
vn 0 -0.70711 0.70711
vn -0 -0.70711 -0.70711
vn 0 0.70711 -0.70711
vn 0 0.97953 -0.20131
vn 0 0.94653 -0.32261
vn 0 0.89858 -0.43882
vn 0 0.83642 -0.54809
vn 0 0.76105 -0.6487
vn 0 0.70711 0.70711
vn -0 -0.70711 -0.70711
vn -0 -0.70711 -0.70711
vn 0 0.70711 0.70711
vn 0 -0.70711 0.70711
vn 0 0.6145 -0.78892
vn 0 0.51536 -0.85697
vn 0 0.40878 -0.91263
vn 0 0.29628 -0.9551
vn 0 0.1795 -0.98376
vn 0 0.06012 -0.99819
vn 0 0.70711 0.70711
vn -0 -0.70711 -0.70711
vn 0 -0.70711 0.70711
vn 0 0.70711 -0.70711
vn 0 0.70711 0.70711
vn 0 -0.70711 0.70711
vn 0 -0.06012 -0.99819
vn 0 -0.1795 -0.98376
vn 0 -0.29628 -0.9551
vn 0 -0.40878 -0.91263
vn -0 -0.51536 -0.85697
vn -0 -0.6145 -0.78892
vn 0 -0.70711 0.70711
vn -0 -0.76105 -0.6487
vn -0 -0.83642 -0.54809
vn -0 -0.89858 -0.43882
vn -0 -0.94653 -0.32261
vn -0 -0.97953 -0.20131
vn 0 0.70711 -0.70711
vn 0 -0.70711 0.70711
vn 0 -0.70711 0.70711
vn -0 -0.70711 -0.70711
vn 0 0.70711 0.70711
vn 0 0.70711 -0.70711
vn -0 -0.70711 -0.70711
vn 0 -0.70711 0.70711
vn 0 0.70711 0.70711
vn 0 -0.70711 0.70711
vn -0 -0.70711 -0.70711
vn 0 -0.70711 0.70711
vn -0 -0.70711 -0.70711
vn 0 0.70711 -0.70711
vn 0 0.70711 0.70711
vn 0 0.70711 -0.70711
vn 0 0.70711 -0.70711
vn 0 0.70711 0.70711
vn 0 -0.70711 0.70711
vn 0 0.70711 -0.70711
vn 0 0.70711 0.70711
vn -0 -0.70711 -0.70711
vn 0 -0.70711 0.70711
vn -0 -0.70711 -0.70711
vn 0 0.70711 -0.70711
vn -0 -0.70711 -0.70711
vn 0 0.70711 -0.70711
vn 0 0.70711 0.70711
vn 0 -0.70711 0.7071
vn 0 0.70711 0.7071
vn 0 0.70711 -0.70711
vn -0 -0.70711 -0.70711
vn -0 -0.70711 -0.7071
vn 0 0.70711 -0.70711
vn -0 -0.70711 -0.70711
vn 0 0.70711 -0.7071
vn -0.70668 0.0349 -0.70668
vn -0.70668 0.0349 -0.70668
vn 0.70668 0.0349 0.70668
vn 0.70668 0.0349 0.70668
vn 0.99939 0.0349 0
vn 0.99939 0.0349 -0
vn 0 0.0349 -0.99939
vn 0 0.0349 -0.99939
vn 0.70668 0.0349 -0.70668
vn 0.70668 0.0349 -0.70668
vn -0.70668 0.0349 0.70668
vn -0.70668 0.0349 0.70668
vn 0 0.0349 -0.99939
vn -0.99939 0.0349 0
vn -0.99939 0.0349 0
vn 0.99939 0.0349 0
vn -0.95638 0.03397 -0.29014
vn -0.95433 0.03674 -0.29649
vn -0.90773 0.03564 -0.41805
vn -0.90837 0.03504 -0.4167
vn -0.84571 0.03462 -0.53251
vn -0.84371 0.03603 -0.5356
vn -0.76934 0.03367 -0.63795
vn -0.76357 0.03695 -0.64467
vn 0.94453 0.03548 0.32651
vn 0.94335 0.0332 0.33013
vn 0.9781 0.03649 0.20491
vn 0.97677 0.03216 0.21185
vn 0.89566 0.0342 0.44341
vn 0.8959 0.03452 0.44292
vn 0.83444 0.03514 0.54997
vn 0.83299 0.0336 0.55227
vn 0.7606 0.03604 0.64822
vn 0.75679 0.03274 0.65283
vn -0.89802 0.03511 -0.43855
vn -0.83423 0.03616 -0.55023
vn -0.89784 0.03536 -0.4389
vn -0.83593 0.0343 -0.54777
vn -0.94662 0.03592 -0.32033
vn -0.94597 0.03455 -0.32242
vn -0.97982 0.03669 -0.1965
vn -0.97897 0.03377 -0.20119
vn -0.76062 0.03353 -0.64833
vn -0.7569 0.03692 -0.65248
vn -0.70668 0.0349 -0.70668
vn -0.70668 0.0349 -0.70668
vn 0.70668 0.0349 0.70668
vn 0.70668 0.0349 0.70668
vn -0.70668 0.0349 -0.70668
vn -0.70668 0.0349 -0.70668
vn 0.70668 0.0349 0.70668
vn 0.70668 0.0349 0.70668
vn -0.99939 0.0349 0
vn 0.76925 0.03723 -0.63787
vn 0.76366 0.03349 -0.64475
vn 0.84567 0.03609 -0.53249
vn 0.84375 0.0346 -0.53562
vn 0.90775 0.03504 -0.41806
vn 0.90835 0.03562 -0.41669
vn 0.95442 0.03406 -0.29652
vn 0.9563 0.03657 -0.29011
vn -0.83294 0.03515 0.55224
vn -0.83449 0.03354 0.55
vn -0.7567 0.03614 0.65276
vn -0.76069 0.03252 0.6483
vn -0.89566 0.03452 0.44341
vn -0.89591 0.03421 0.44292
vn -0.94328 0.03545 0.33011
vn -0.9446 0.03331 0.32653
vn -0.97663 0.03633 0.21182
vn -0.97824 0.03247 0.20493
vn 0.89801 0.03537 -0.43854
vn 0.94662 0.03592 -0.32033
vn 0.89785 0.03511 -0.4389
vn 0.94597 0.03455 -0.32242
vn 0.83423 0.03616 -0.55023
vn 0.83593 0.0343 -0.54777
vn 0.97897 0.03377 -0.20119
vn 0.97982 0.03669 -0.1965
vn 0.7569 0.03692 -0.65248
vn 0.76062 0.03353 -0.64833
vn 0.70668 0.0349 -0.70668
vn 0.70668 0.0349 -0.70668
vn -0.70668 0.0349 0.70668
vn -0.70668 0.0349 0.70668
vn -0.70668 0.0349 0.70668
vn -0.70668 0.0349 0.70668
vn 0.70668 0.0349 -0.70668
vn 0.70668 0.0349 -0.70668
vn 0.70668 0.0349 -0.70668
vn 0.70668 0.0349 -0.70668
vn -0.70668 0.0349 0.70668
vn -0.70668 0.0349 0.70668
vn 0 0.0349 0.99939
vn 0 0.0349 0.99939
vn 0.99939 0.0349 -0
vn 0.70668 0.0349 -0.70668
vn 0.70668 0.0349 -0.70668
vn -0.70668 0.0349 0.70668
vn 0.70668 0.0349 -0.70668
vn 0.70668 0.0349 -0.70668
vn -0.70668 0.0349 0.70668
vn 0.70668 0.0349 -0.70668
vn -0.70668 0.0349 0.70668
vn -0.70668 0.0349 0.70668
vn 0.99939 0.0349 -0
vn 0.70668 0.0349 -0.70668
vn 0.70668 0.0349 -0.70668
vn -0.70668 0.0349 0.70668
vn -0.70668 0.0349 0.70668
vn 0.70668 0.0349 0.70668
vn 0.70668 0.0349 0.70668
vn -0.70668 0.0349 -0.70668
vn -0.70668 0.0349 -0.70668
vn 0.70668 0.0349 0.70668
vn 0.70668 0.0349 0.70668
vn -0.70668 0.0349 -0.70668
vn -0.70668 0.0349 -0.70667
vn 0 0.0349 0.99939
vn -0.99939 0.0349 0
vn 0.70668 0.0349 0.70668
vn -0.70668 0.0349 -0.70668
vn -0.70668 0.0349 -0.70668
vn 0.70668 0.0349 0.70668
vn 0.70668 0.0349 0.70668
vn -0.70668 0.0349 -0.70668
vn -0.70668 0.0349 -0.70668
vn 0.70668 0.0349 0.70667
vn -0.70667 0.0349 -0.70668
vn -0.70667 0.0349 -0.70668
vn -0.70668 0.0349 0.70668
vn 0.70668 0.0349 -0.70668
vn -0.70668 0.0349 0.70668
vn 0.70667 0.0349 -0.70668
vn 0.70667 0.0349 -0.70668
vn -0.70668 0.0349 0.70667
vn -0.70668 0.0349 0.70668
vn 0.70668 0.0349 -0.70668
vn 0.70668 0.0349 -0.70667
vn -0.70668 0.0349 0.70668
vn -0.70668 0.0349 0.70667
vn 0.70668 0.0349 -0.70668
vn -0.70668 0.0349 0.70668
vn 0 0.0349 0.99939
vn 0 0.0349 0.99939
vn 0 0.03489 0.99939
vn 0 0.03489 -0.99939
vn 0 0.0349 0.99939
vn 0 0.0349 0.99939
vn 0 0.0349 -0.99939
vn -0.95834 0.04043 0.28276
vn -0.88704 0.04197 0.45978
vn -0.93973 0.02599 0.34093
vn -0.78344 0.04231 0.62002
vn -0.84375 0.02507 0.53615
vn -0.6513 0.04147 0.75768
vn -0.70778 0.02531 0.70598
vn -0.99117 0.02808 0.12956
vn -0.99472 0.0377 0.09543
vn -0.99781 0.03484 -0.05627
vn -0.99807 0.03703 -0.04976
vn 0.78344 0.04231 0.62002
vn 0.88704 0.04197 0.45978
vn 0.84375 0.02507 0.53615
vn 0.95834 0.04043 0.28276
vn 0.93973 0.02599 0.34093
vn 0.99472 0.0377 0.09543
vn 0.99117 0.02808 0.12956
vn 0.70778 0.02531 0.70598
vn 0.6513 0.04147 0.75768
vn 0.57324 0.03323 -0.81871
vn 0.58094 0.03683 -0.81312
vn 0.46369 0.03646 -0.88525
vn 0.45717 0.03361 -0.88874
vn 0.33765 0.03607 -0.94058
vn 0.33269 0.03399 -0.94242
vn 0.20518 0.03566 -0.97807
vn 0.20209 0.0344 -0.97876
vn 0.06883 0.03525 -0.99701
vn 0.06778 0.03482 -0.99709
vn 0.94388 0 -0.33029
vn 0.84673 0 -0.53202
vn 0.7071 0 -0.70711
vn 0.11196 0 -0.99371
vn 0.33028 0 -0.94388
vn 0.53203 0 -0.84672
vn 0 0.0349 0.99939
vn 0 0.0349 -0.99939
vn 0 0.0349 -0.99939
vn -0.57316 0.03711 -0.8186
vn -0.58101 0.03296 -0.81323
vn -0.45712 0.03662 -0.88865
vn -0.46374 0.03345 -0.88534
vn -0.33267 0.03615 -0.94235
vn -0.33768 0.03392 -0.94065
vn -0.20208 0.03569 -0.97872
vn -0.20519 0.03437 -0.97812
vn -0.06777 0.03525 -0.99708
vn -0.06883 0.03482 -0.99702
vn 0.99781 0.03484 -0.05627
vn 0.99807 0.03703 -0.04976
vn 0 0.0349 0.99939
vn 0 0.0349 -0.99939
vn 0.99887 0.03488 0.03221
vn 0.99879 0.03383 0.03572
vn -0.99884 0.03488 -0.03333
vn -0.99891 0.03612 -0.02962
vn 0.0603 0.03484 0.99757
vn 0.05963 0.03446 0.99763
vn 0.17999 0.03521 0.98304
vn 0.17803 0.03408 0.98343
vn 0.29708 0.0356 0.95419
vn 0.29391 0.03369 0.95524
vn 0.40983 0.03599 0.91145
vn 0.61017 0.03246 0.79161
vn 0.61587 0.0368 0.78698
vn 0.51152 0.03288 0.85864
vn 0.51662 0.03639 0.85544
vn 0.40561 0.03329 0.91344
vn -0.61408 0.03691 -0.78838
vn -0.61889 0.0331 -0.78478
vn -0.51502 0.03655 -0.8564
vn -0.51927 0.03346 -0.85395
vn -0.40851 0.0362 -0.91204
vn -0.41203 0.03381 -0.91054
vn -0.29609 0.03585 -0.95449
vn -0.29871 0.03416 -0.95373
vn -0.17938 0.03551 -0.98314
vn -0.181 0.0345 -0.98288
vn -0.06009 0.03517 -0.99757
vn -0.06063 0.03483 -0.99755
vn -0.0603 0.03447 0.99759
vn -0.05963 0.03484 0.99761
vn -0.17803 0.0352 0.9834
vn -0.18 0.03411 0.98308
vn -0.29389 0.03556 0.95518
vn -0.2971 0.03376 0.95425
vn -0.40557 0.03591 0.91336
vn -0.40987 0.03341 0.91153
vn -0.51146 0.03626 0.85854
vn -0.61596 0.03275 0.7871
vn -0.61008 0.03659 0.79149
vn -0.51668 0.03307 0.85554
vn 0.61416 0.03327 -0.78848
vn 0.61881 0.03672 -0.78468
vn 0.51922 0.03643 -0.85386
vn 0.51507 0.03357 -0.85649
vn 0.412 0.03612 -0.91047
vn 0.40854 0.03388 -0.91211
vn 0.29869 0.03581 -0.95368
vn 0.29611 0.03419 -0.95454
vn 0.181 0.03549 -0.98284
vn 0.17939 0.03451 -0.98317
vn 0.06063 0.03516 -0.99754
vn 0.06009 0.03484 -0.99758
vn 0.99884 0.03488 -0.03334
vn 0.99891 0.03612 -0.02962
vn -0.99891 0.03371 0.03221
vn -0.99875 0.03488 0.03572
vn -0.99939 0.0349 0
vn -0.99939 0.0349 0
vn 0.99939 0.0349 -0
vn 0.99939 0.0349 0
vn 0.99939 0.0349 0
vn 0.99939 0.0349 0
vn -0.99939 0.0349 0
vn -0.99939 0.0349 0
vn 0.70668 0.0349 0.70668
vn -0.70668 0.0349 -0.70668
vn -0.70668 0.0349 -0.70668
vn -0.70668 0.0349 -0.70668
vn -0.70668 0.0349 -0.70668
vn 0.70668 0.0349 0.70668
vn 0.70668 0.0349 0.70668
vn 0.70668 0.0349 0.70668
vn 0.70668 0.0349 0.70668
vn -0.70668 0.0349 -0.70668
vn -0.70668 0.0349 -0.70668
vn 0.70668 0.0349 -0.70668
vn 0.70668 0.0349 -0.70668
vn 0.70668 0.0349 0.70668
vn 0.70668 0.0349 0.70668
vn -0.70668 0.0349 0.70668
vn -0.70668 0.0349 0.70668
vn -0.70668 0.0349 -0.70668
vn -0.70668 0.0349 -0.70668
vn 0.70668 0.0349 0.70668
vn -0.70668 0.0349 0.70668
vn 0.70668 0.0349 -0.70668
vn -0.70668 0.0349 0.70667
vn -0.70668 0.0349 0.70668
vn 0.70668 0.0349 -0.70668
vn -0.70668 0.0349 0.70668
vn -0.70668 0.0349 0.70668
vn 0.70667 0.0349 -0.70668
vn 0.70668 0.0349 0.70667
vn 0.70668 0.0349 0.70667
vn 0.70668 0.0349 0.70668
vn -0.70668 0.0349 -0.70668
vn -0.70668 0.0349 -0.70668
vn -0.70668 0.0349 -0.70668
vn -0.70667 0.0349 -0.70668
vn 0.70668 0.0349 0.70667
vn -0.70668 0.0349 -0.70668
vn -0.70668 0.0349 -0.70668
vn 0.70668 0.0349 0.70668
vn 0.70668 0.0349 0.70668
vn 0.70668 0.0349 0.70668
vn 0.70667 0.0349 0.70668
vn -0.70667 0.0349 -0.70668
vn -0.70668 0.0349 -0.70668
vn 0.70668 0.0349 0.70668
vn 0.70668 0.0349 0.70668
vn -0.70668 0.0349 -0.70668
vn -0.70668 0.0349 -0.70668
vn -0.70668 0.0349 -0.70668
vn 0.70668 0.0349 0.70668
vn 0.70668 0.0349 0.70668
vn 0.70667 0.0349 -0.70668
vn 0.70668 0.0349 -0.70668
vn -0.70668 0.0349 0.70668
vn -0.70667 0.0349 0.70668
vn 0.70668 0.0349 -0.70668
vn -0.70668 0.0349 0.70668
vn -0.70668 0.0349 0.70668
vn -0.70668 0.0349 0.70668
vn -0.70668 0.0349 0.70668
vn 0.70668 0.0349 -0.70668
vn 0.70668 0.0349 -0.70668
vn 0.70668 0.0349 0.70667
vn 0.70668 0.0349 0.70667
vn -0.70668 0.0349 -0.70668
vn -0.70668 0.0349 -0.70668
vn -0.70668 0.0349 -0.70668
vn 0.70668 0.0349 0.70668
vn 0.70668 0.0349 0.70668
vn 0.70668 0.0349 -0.70668
vn 0.70668 0.0349 -0.70668
vn -0.70668 0.0349 0.70668
vn -0.70668 0.0349 0.70667
vn -0.70668 0.0349 0.70667
vn 0.70668 0.0349 -0.70668
vn 0.70668 0.0349 -0.70668
vn -0.70711 0 0.70711
vn 0.70711 -0 0.70711
vn 0.0349 0.70668 -0.70668
vn 0.0349 0.70668 -0.70668
vn 0.0349 -0.70668 0.70668
vn 0.0349 -0.70668 0.70668
vn 0.0349 -0.99939 0
vn 0.0349 -0.99939 0
vn 0.0349 0 -0.99939
vn 0.0349 0 -0.99939
vn 0.0349 -0.70668 -0.70668
vn 0.0349 -0.70668 -0.70668
vn 0.0349 0.70668 0.70668
vn 0.0349 0.70668 0.70668
vn 0.0349 0 -0.99939
vn 0.0349 0 -0.99939
vn 0.0349 0.99939 0
vn 0.0349 0.99939 -0
vn 0.0349 -0.99939 0
vn 0.03396 0.95638 -0.29013
vn 0.03674 0.95433 -0.29649
vn 0.03564 0.90773 -0.41805
vn 0.03504 0.90837 -0.4167
vn 0.03462 0.84571 -0.53251
vn 0.03603 0.84371 -0.5356
vn 0.03367 0.76934 -0.63795
vn 0.03695 0.76357 -0.64467
vn 0.03548 -0.94453 0.32651
vn 0.03321 -0.94335 0.33013
vn 0.03649 -0.9781 0.20491
vn 0.03216 -0.97677 0.21185
vn 0.0342 -0.89567 0.44341
vn 0.03452 -0.8959 0.44292
vn 0.03514 -0.83445 0.54997
vn 0.0336 -0.83299 0.55227
vn 0.03603 -0.7606 0.64822
vn 0.03274 -0.75679 0.65283
vn 0.03511 0.89802 -0.43855
vn 0.03616 0.83423 -0.55023
vn 0.03536 0.89784 -0.4389
vn 0.0343 0.83593 -0.54777
vn 0.03592 0.94662 -0.32033
vn 0.03455 0.94597 -0.32242
vn 0.03669 0.97982 -0.1965
vn 0.03377 0.97897 -0.20119
vn 0.03353 0.76062 -0.64833
vn 0.03692 0.7569 -0.65248
vn 0.0349 0.70668 -0.70668
vn 0.0349 0.70668 -0.70668
vn 0.0349 -0.70668 0.70668
vn 0.0349 -0.70668 0.70668
vn 0.0349 0.70668 -0.70668
vn 0.0349 0.70668 -0.70668
vn 0.0349 -0.70668 0.70668
vn 0.0349 -0.70668 0.70668
vn 0.0349 0.99939 -0
vn 0.03723 -0.76925 -0.63787
vn 0.03349 -0.76366 -0.64475
vn 0.03609 -0.84567 -0.53249
vn 0.0346 -0.84375 -0.53562
vn 0.03504 -0.90775 -0.41806
vn 0.03562 -0.90835 -0.41669
vn 0.03406 -0.95442 -0.29652
vn 0.03657 -0.95629 -0.29011
vn 0.03515 0.83294 0.55224
vn 0.03354 0.83449 0.55
vn 0.03614 0.7567 0.65276
vn 0.03252 0.76069 0.6483
vn 0.03452 0.89565 0.44341
vn 0.03421 0.89591 0.44292
vn 0.03545 0.94328 0.33011
vn 0.03331 0.9446 0.32653
vn 0.03632 0.97663 0.21182
vn 0.03247 0.97824 0.20493
vn 0.03537 -0.89801 -0.43854
vn 0.03592 -0.94662 -0.32033
vn 0.03511 -0.89785 -0.4389
vn 0.03455 -0.94597 -0.32242
vn 0.03616 -0.83423 -0.55023
vn 0.0343 -0.83593 -0.54777
vn 0.03377 -0.97897 -0.20119
vn 0.03669 -0.97982 -0.1965
vn 0.03692 -0.7569 -0.65248
vn 0.03353 -0.76062 -0.64833
vn 0.0349 -0.70668 -0.70668
vn 0.0349 -0.70668 -0.70668
vn 0.0349 0.70668 0.70668
vn 0.0349 0.70668 0.70668
vn 0.0349 0.70668 0.70668
vn 0.0349 0.70668 0.70668
vn 0.0349 -0.70668 -0.70668
vn 0.0349 -0.70668 -0.70668
vn 0.0349 -0.70668 -0.70668
vn 0.0349 -0.70668 -0.70668
vn 0.0349 0.70668 0.70668
vn 0.0349 0.70668 0.70668
vn 0.0349 -0 0.99939
vn 0.0349 -0.99939 0
vn 0.0349 -0.70668 -0.70668
vn 0.0349 -0.70668 -0.70668
vn 0.0349 0.70668 0.70668
vn 0.0349 -0.70668 -0.70668
vn 0.0349 -0.70668 -0.70668
vn 0.0349 0.70668 0.70668
vn 0.0349 0.70668 0.70668
vn 0.0349 0 0.99939
vn 0.0349 -0.70668 -0.70668
vn 0.0349 0.70668 0.70668
vn 0.0349 0.70668 0.70668
vn 0.0349 -0.99939 0
vn 0.0349 -0.70668 -0.70668
vn 0.0349 -0.70668 -0.70668
vn 0.0349 0.70668 0.70668
vn 0.0349 0.70668 0.70668
vn 0.0349 -0.70668 0.70668
vn 0.0349 -0.70668 0.70668
vn 0.0349 0.70668 -0.70668
vn 0.0349 0.70668 -0.70668
vn 0.0349 -0.70668 0.70668
vn 0.0349 -0.70668 0.70667
vn 0.0349 0.70668 -0.70668
vn 0.0349 0.70668 -0.70667
vn 0.0349 0 0.99939
vn 0.0349 0.99939 -0
vn 0.0349 -0.70668 0.70668
vn 0.0349 0.70668 -0.70668
vn 0.0349 0.70668 -0.70668
vn 0.0349 -0.70668 0.70668
vn 0.0349 -0.70668 0.70668
vn 0.0349 0.70668 -0.70668
vn 0.0349 0.70668 -0.70668
vn 0.0349 -0.70668 0.70667
vn 0.0349 -0.70668 0.70668
vn 0.0349 0.70667 -0.70668
vn 0.0349 0.70667 -0.70668
vn 0.0349 -0.70668 -0.70668
vn 0.0349 0.70668 0.70668
vn 0.0349 0.70668 0.70668
vn 0.0349 -0.70667 -0.70668
vn 0.0349 -0.70667 -0.70668
vn 0.0349 0.70668 0.70667
vn 0.0349 0.70668 0.70668
vn 0.0349 -0.70668 -0.70668
vn 0.0349 -0.70668 -0.70667
vn 0.0349 0.70668 0.70668
vn 0.0349 -0.70668 -0.70668
vn 0.0349 0.70668 0.70668
vn 0.0349 0 0.99939
vn 0.0349 -0 0.99939
vn 0.0349 0 0.99939
vn 0.03489 0 0.99939
vn 0.03489 0 -0.99939
vn 0.0349 0 0.99939
vn 0.0349 0 0.99939
vn 0.04043 0.95834 0.28276
vn 0.04197 0.88704 0.45978
vn 0.02599 0.93973 0.34093
vn 0.04231 0.78344 0.62002
vn 0.02507 0.84375 0.53615
vn 0.04147 0.6513 0.75768
vn 0.02531 0.70778 0.70598
vn 0.02808 0.99117 0.12956
vn 0.0377 0.99472 0.09543
vn 0.03484 0.99781 -0.05627
vn 0.03703 0.99807 -0.04976
vn 0.04231 -0.78344 0.62002
vn 0.04197 -0.88704 0.45978
vn 0.02507 -0.84375 0.53616
vn 0.04043 -0.95834 0.28276
vn 0.02599 -0.93973 0.34093
vn 0.0377 -0.99472 0.09543
vn 0.02808 -0.99117 0.12956
vn 0.02531 -0.70779 0.70597
vn 0.04147 -0.6513 0.75768
vn 0.03323 -0.57324 -0.81871
vn 0.03683 -0.58094 -0.81312
vn 0.03646 -0.46369 -0.88525
vn 0.03361 -0.45717 -0.88874
vn 0.03607 -0.33765 -0.94058
vn 0.03399 -0.33269 -0.94242
vn 0.03566 -0.20518 -0.97807
vn 0.0344 -0.20209 -0.97876
vn 0.03525 -0.06883 -0.99701
vn 0.03482 -0.06778 -0.99709
vn 0.0349 0 -0.99939
vn 0.0349 0 -0.99939
vn 0.03711 0.57316 -0.8186
vn 0.03296 0.58101 -0.81323
vn 0.03662 0.45712 -0.88865
vn 0.03345 0.46374 -0.88534
vn 0.03615 0.33267 -0.94235
vn 0.03392 0.33768 -0.94065
vn 0.03569 0.20208 -0.97872
vn 0.03437 0.20519 -0.97812
vn 0.03525 0.06777 -0.99708
vn 0.03482 0.06883 -0.99702
vn 0.03484 -0.99781 -0.05627
vn 0.03703 -0.99807 -0.04976
vn 0.03488 -0.99887 0.03221
vn 0.03383 -0.99879 0.03572
vn 0.03488 0.99884 -0.03334
vn 0.03612 0.99891 -0.02962
vn 0.03484 -0.0603 0.99757
vn 0.03446 -0.05963 0.99763
vn 0.03521 -0.17999 0.98304
vn 0.03408 -0.17803 0.98343
vn 0.0356 -0.29708 0.95419
vn 0.03369 -0.29391 0.95524
vn 0.03599 -0.40983 0.91145
vn 0.03246 -0.61017 0.79161
vn 0.0368 -0.61587 0.78698
vn 0.03287 -0.51152 0.85864
vn 0.03639 -0.51662 0.85544
vn 0.03329 -0.40561 0.91344
vn 0.03691 0.61408 -0.78838
vn 0.0331 0.61889 -0.78478
vn 0.03655 0.51502 -0.8564
vn 0.03346 0.51928 -0.85395
vn 0.0362 0.40851 -0.91204
vn 0.03381 0.41203 -0.91054
vn 0.03585 0.29609 -0.95449
vn 0.03416 0.29871 -0.95373
vn 0.03551 0.17938 -0.98314
vn 0.0345 0.181 -0.98288
vn 0.03517 0.06009 -0.99757
vn 0.03483 0.06063 -0.99755
vn 0.03447 0.0603 0.99759
vn 0.03484 0.05963 0.99761
vn 0.0352 0.17803 0.9834
vn 0.03411 0.18 0.98308
vn 0.03556 0.29389 0.95518
vn 0.03376 0.2971 0.95425
vn 0.03591 0.40557 0.91336
vn 0.03341 0.40987 0.91153
vn 0.03626 0.51146 0.85854
vn 0.03275 0.61596 0.7871
vn 0.03659 0.61008 0.79149
vn 0.03307 0.51668 0.85554
vn 0.03327 -0.61416 -0.78848
vn 0.03672 -0.61881 -0.78468
vn 0.03643 -0.51922 -0.85386
vn 0.03357 -0.51507 -0.85649
vn 0.03612 -0.412 -0.91047
vn 0.03388 -0.40854 -0.91211
vn 0.03581 -0.29869 -0.95368
vn 0.03419 -0.29611 -0.95454
vn 0.03549 -0.181 -0.98284
vn 0.03451 -0.17939 -0.98317
vn 0.03516 -0.06063 -0.99754
vn 0.03484 -0.06009 -0.99758
vn 0.03488 -0.99884 -0.03333
vn 0.03612 -0.99891 -0.02962
vn 0.03371 0.99891 0.03221
vn 0.03488 0.99875 0.03572
vn 0.0349 0.99939 0
vn 0.0349 0.99939 -0
vn 0.0349 -0.99939 0
vn 0.0349 -0.99939 0
vn 0.0349 -0.99939 0
vn 0.0349 -0.99939 0
vn 0.0349 0.99939 -0
vn 0.0349 0.99939 0
vn 0.0349 -0.70668 0.70668
vn 0.0349 0.70668 -0.70668
vn 0.0349 0.70668 -0.70668
vn 0.0349 0.70668 0.70668
vn 0.0349 0.70668 -0.70668
vn 0.0349 0.70668 -0.70668
vn 0.0349 -0.70668 0.70668
vn 0.0349 -0.70668 0.70668
vn 0.0349 -0.70668 0.70668
vn 0.0349 -0.70668 0.70668
vn 0.0349 0.70668 -0.70668
vn 0.0349 0.70668 -0.70668
vn 0.0349 -0.70668 -0.70668
vn 0.0349 -0.70668 -0.70668
vn 0.0349 -0.70668 0.70668
vn 0.0349 -0.70668 0.70668
vn 0.0349 0.70668 0.70668
vn 0.0349 0.70668 0.70668
vn 0.0349 0.70668 -0.70668
vn 0.0349 0.70668 -0.70668
vn 0.0349 -0.70668 0.70668
vn 0.0349 -0.70668 -0.70668
vn 0.0349 0.70668 0.70667
vn 0.0349 0.70668 0.70668
vn 0.0349 -0.70668 -0.70668
vn 0.0349 0.70668 0.70668
vn 0.0349 0.70668 0.70667
vn 0.0349 -0.70667 -0.70668
vn 0.0349 -0.70668 0.70667
vn 0.0349 -0.70668 0.70667
vn 0.0349 -0.70668 0.70668
vn 0.0349 0.70668 -0.70668
vn 0.0349 0.70668 -0.70668
vn 0.0349 0.70668 -0.70668
vn 0.0349 0.70667 -0.70668
vn 0.0349 0.70668 -0.70668
vn 0.0349 0.70668 -0.70668
vn 0.0349 -0.70668 0.70668
vn 0.0349 -0.70668 0.70668
vn 0.0349 -0.70668 0.70668
vn 0.0349 -0.70667 0.70668
vn 0.0349 0.70667 -0.70668
vn 0.0349 0.70668 -0.70668
vn 0.0349 -0.70668 0.70668
vn 0.0349 -0.70668 0.70668
vn 0.0349 0.70668 -0.70668
vn 0.0349 0.70668 -0.70668
vn 0.0349 0.70668 -0.70668
vn 0.0349 -0.70668 0.70668
vn 0.0349 -0.70668 0.70668
vn 0.0349 -0.70667 -0.70668
vn 0.0349 -0.70668 -0.70668
vn 0.0349 0.70668 0.70668
vn 0.0349 0.70667 0.70668
vn 0.0349 -0.70668 -0.70668
vn 0.0349 0.70668 0.70668
vn 0.0349 0.70668 0.70668
vn 0.0349 0.70668 0.70668
vn 0.0349 0.70668 0.70668
vn 0.0349 -0.70668 -0.70668
vn 0.0349 -0.70668 -0.70668
vn 0.0349 -0.70668 0.70667
vn 0.0349 -0.70668 0.70667
vn 0.0349 0.70668 -0.70668
vn 0.0349 0.70668 -0.70668
vn 0.0349 0.70668 -0.70668
vn 0.0349 -0.70668 0.70668
vn 0.0349 -0.70668 0.70668
vn 0.0349 -0.70668 -0.70668
vn 0.0349 -0.70668 -0.70668
vn 0.0349 0.70668 0.70668
vn 0.0349 0.70668 0.70667
vn 0.0349 0.70668 0.70667
vn 0.0349 -0.70668 -0.70668
vn 0.0349 -0.70668 -0.70668
vn 0.0263 -0.99965 0
vn 0.0263 -0.99965 0
vn 0.17189 -0.98512 0
vn 0.17189 -0.98512 0
vn 0.40116 -0.91601 0
vn 0.40116 -0.91601 0
vn 0.2632 -0.96466 0.01223
vn 0.11195 -0.99358 -0.01661
vn 0.08867 -0.99606 0
vn 0.87451 -0.485 0
vn 0.87451 -0.485 0
vn 0.93591 -0.35225 0
vn 0.93591 -0.35225 0
vn 0.99282 -0.11964 0
vn 0.99282 -0.11964 0
vn 0.91601 -0.40116 0
vn 0.91601 -0.40116 0
vn 0.98512 -0.17189 0
vn 0.98512 -0.17189 0
vn 0.99965 -0.02633 0
vn 0.99965 -0.02633 0
vn 0.91601 -0.40116 0
vn 0.98512 -0.17189 0
vn 0.11964 -0.99282 0
vn 0.11964 -0.99282 0
vn 0.35224 -0.93591 0
vn 0.35224 -0.93591 0
vn 0.48503 -0.87449 0
vn 0.48503 -0.87449 0
vn 0.7071 -0.70711 0
vn 0.7071 -0.70711 0
vn 0.96466 -0.2632 -0.01222
vn 0.99357 -0.11196 0.01662
vn 0.99606 -0.08866 0
vn 0.96466 -0.2632 0.01222
vn 0.99584 -0.08864 -0.02098
vn 0.99371 -0.11197 0
vn 0.98512 -0.17189 0
vn 0.2632 -0.96466 -0.01223
vn 0.08865 -0.99584 0.02097
vn 0.35224 -0.93591 0
vn 0.48503 -0.87449 0
vn 0.53189 -0.84649 -0.02355
vn 0.84649 -0.53189 0.02356
vn 0.90296 -0.42944 0.01569
vn 0.84649 -0.53188 -0.02356
vn 0.82365 -0.5671 0
vn 0.82365 -0.5671 0
vn 0.82365 -0.5671 0
vn 0.82365 -0.5671 0
vn 0.42944 -0.90296 -0.0157
vn 0.53189 -0.84649 0.02355
vn 0.56709 -0.82365 0
vn 0.56709 -0.82365 0
vn 0.56709 -0.82365 0
vn 0.56709 -0.82365 0
vn 0.33018 -0.9436 -0.02446
vn 0.90296 -0.42944 -0.0157
vn 0.9436 -0.33018 0.02447
vn 0.9436 -0.33018 -0.02447
vn 0.33018 -0.9436 0.02446
vn 0.42944 -0.90296 0.0157
vn 0.99282 0.11964 0
vn 0.99282 0.11964 0
vn 0.93591 0.35224 0
vn 0.93591 0.35224 0
vn 0.87451 0.48501 0
vn 0.87451 0.48501 0
vn 0.96466 0.2632 0.01222
vn 0.99357 0.11196 -0.01662
vn 0.99606 0.08866 0
vn 0.99965 0.02633 0
vn 0.99965 0.02633 0
vn 0.98512 0.17189 0
vn 0.98512 0.17189 0
vn 0.91601 0.40116 0
vn 0.91601 0.40116 0
vn 0.48501 0.87451 -0
vn 0.35224 0.93591 -0
vn 0.35224 0.93591 0
vn 0.11964 0.99282 -0
vn 0.40116 0.91601 0
vn 0.40116 0.91601 0
vn 0.17189 0.98512 -0
vn 0.17189 0.98512 0
vn 0.02633 0.99965 -0
vn 0.02633 0.99965 0
vn 0.40116 0.91601 0
vn 0.17189 0.98512 0
vn 0.2632 0.96466 -0.01222
vn 0.11196 0.99357 0.01662
vn 0.08866 0.99606 -0
vn 0.2632 0.96466 0.01222
vn 0.08864 0.99584 -0.02098
vn 0.11197 0.99371 0
vn 0.17189 0.98512 0
vn 0.96466 0.2632 -0.01222
vn 0.99584 0.08864 0.02098
vn 0.93591 0.35224 0
vn 0.84649 0.53189 -0.02356
vn 0.5671 0.82365 -0
vn 0.5671 0.82365 0
vn 0.53189 0.84649 -0.02356
vn 0.90296 0.42944 -0.01569
vn 0.84649 0.53189 0.02356
vn 0.82365 0.5671 0
vn 0.82365 0.5671 0
vn 0.9436 0.33018 -0.02447
vn 0.33018 0.9436 0.02447
vn 0.33018 0.9436 -0.02447
vn 0.9436 0.33018 0.02447
vn 0.90296 0.42944 0.01569
vn 0.42944 0.90296 -0.01569
vn 0.53189 0.84649 0.02356
vn 0.42944 0.90296 0.01569
vn -0.2632 0.96466 0.01222
vn -0.11196 0.99357 -0.01662
vn -0.08866 0.99606 0
vn -0.96466 0.2632 -0.01223
vn -0.99358 0.11195 0.01661
vn -0.99606 0.08867 0
vn -0.96466 0.2632 0.01223
vn -0.99584 0.08865 -0.02097
vn -0.99371 0.11196 0
vn -0.99371 0.11196 0
vn -0.87449 0.48503 0
vn -0.87449 0.48503 0
vn -0.93591 0.35224 0
vn -0.93591 0.35224 0
vn -0.99282 0.11964 0
vn -0.91601 0.40116 0
vn -0.91601 0.40116 0
vn -0.98512 0.17189 0
vn -0.98512 0.17189 0
vn -0.99965 0.0263 0
vn -0.99965 0.0263 0
vn -0.98512 0.17189 0
vn -0.91601 0.40116 0
vn -0.98512 0.17189 0
vn -0.98512 0.17189 0
vn -0.2632 0.96466 -0.01222
vn -0.08864 0.99584 0.02098
vn -0.11964 0.99282 0
vn -0.11964 0.99282 0
vn -0.35225 0.93591 0
vn -0.35225 0.93591 0
vn -0.485 0.87451 0
vn -0.485 0.87451 0
vn -0.35225 0.93591 0
vn -0.485 0.87451 0
vn -0.02633 0.99965 0
vn -0.02633 0.99965 0
vn -0.17189 0.98512 0
vn -0.17189 0.98512 0
vn -0.40116 0.91601 0
vn -0.40116 0.91601 0
vn -0.53189 0.84649 -0.02356
vn -0.84649 0.53189 0.02355
vn -0.90296 0.42944 0.0157
vn -0.84649 0.53189 -0.02355
vn -0.82365 0.56709 0
vn -0.82365 0.56709 0
vn -0.82365 0.56709 0
vn -0.82365 0.56709 0
vn -0.42944 0.90296 -0.01569
vn -0.53189 0.84649 0.02356
vn -0.5671 0.82365 0
vn -0.5671 0.82365 0
vn -0.33018 0.9436 -0.02447
vn -0.42944 0.90296 0.01569
vn -0.90296 0.42944 -0.0157
vn -0.9436 0.33018 0.02446
vn -0.9436 0.33018 -0.02446
vn -0.33018 0.9436 0.02447
vn -0.48502 -0.8745 0
vn -0.48502 -0.8745 0
vn -0.35225 -0.93591 0
vn -0.35225 -0.93591 0
vn -0.11964 -0.99282 0
vn -0.11964 -0.99282 0
vn -0.99282 -0.11964 0
vn -0.99282 -0.11964 -0
vn -0.93591 -0.35225 0
vn -0.93591 -0.35225 -0
vn -0.93591 -0.35225 0
vn -0.99965 -0.0263 0
vn -0.99965 -0.0263 -0
vn -0.98512 -0.17189 0
vn -0.98512 -0.17189 -0
vn -0.40116 -0.91601 0
vn -0.40116 -0.91601 -0
vn -0.17189 -0.98512 0
vn -0.17189 -0.98512 0
vn -0.0263 -0.99965 0
vn -0.0263 -0.99965 0
vn -0.96466 -0.2632 0.01223
vn -0.99358 -0.11195 -0.01661
vn -0.99606 -0.08867 -0
vn -0.17189 -0.98512 0
vn -0.40116 -0.91601 0
vn -0.17189 -0.98512 0
vn -0.17189 -0.98512 0
vn -0.2632 -0.96466 -0.01223
vn -0.11195 -0.99358 0.01661
vn -0.08867 -0.99606 0
vn -0.96466 -0.2632 -0.01223
vn -0.99584 -0.08865 0.02097
vn -0.99371 -0.11196 -0
vn -0.2632 -0.96466 0.01223
vn -0.08865 -0.99584 -0.02097
vn -0.11196 -0.99371 0
vn -0.11196 -0.99371 -0
vn -0.7071 -0.70711 0
vn -0.7071 -0.70711 0
vn -0.70711 -0.70711 0
vn -0.56709 -0.82365 0
vn -0.56709 -0.82365 0
vn -0.56709 -0.82365 0
vn -0.56709 -0.82365 0
vn -0.53189 -0.84649 -0.02355
vn -0.90296 -0.42944 -0.0157
vn -0.84649 -0.53189 0.02355
vn -0.8745 -0.48502 0
vn -0.8745 -0.48502 -0
vn -0.8745 -0.48502 -0
vn -0.91601 -0.40116 0
vn -0.91601 -0.40116 -0
vn -0.82366 -0.56709 0
vn -0.82366 -0.56709 0
vn -0.82366 -0.56709 0
vn -0.82365 -0.56709 0
vn -0.82365 -0.56709 0
vn -0.82365 -0.56709 0
vn -0.82365 -0.56709 0
vn -0.82365 -0.56709 0
vn -0.82365 -0.56709 0
vn -0.82365 -0.56709 0
vn -0.82365 -0.56709 0
vn -0.9436 -0.33019 -0.02446
vn -0.33018 -0.9436 0.02446
vn -0.9436 -0.33018 0.02446
vn -0.33018 -0.9436 -0.02446
vn -0.90296 -0.42944 0.0157
vn -0.84649 -0.53188 -0.02355
vn -0.42944 -0.90296 -0.0157
vn -0.53189 -0.84649 0.02355
vn -0.42944 -0.90296 0.0157
vn 0.98769 0.15644 0
vn 0.891 0.45399 0
vn 0.15644 0.98769 -0
vn 0.45399 0.891 0
vn -0.15644 0.98769 0
vn -0.454 0.891 0
vn -0.7071 0.70711 0
vn -0.98769 0.15644 0
vn -0.891 0.45399 0
vn -0.98769 -0.15644 -0
vn -0.891 -0.454 -0
vn -0.15644 -0.98769 0
vn -0.454 -0.891 -0
vn 0.15644 -0.98769 0
vn 0.45399 -0.891 0
vn 0.70711 -0.7071 0
vn 0.98769 -0.15644 0
vn 0.891 -0.454 0
vn -0.70711 -0.70711 0
vn -0.70711 0.70711 0
vn -0.70711 0.70711 0
vn -0.7071 -0.70711 0
vn -0.7071 0.70711 0
vn -0.70711 0.70711 0
vn -0.70711 -0.70711 0
vn -0.70711 0.70711 0
vn -0.70711 0.70711 0
vn 0.70711 0.70711 0
vn -0.70711 0.70711 0
vn -0.70711 0.70711 0
vn 0.70711 0.70711 0
vn -0.70711 -0.70711 0
vn -0.70711 0.70711 0
vn 0.7071 0.70711 0
vn 0.70711 0.70711 0
vn -0.70711 0.70711 0
vn -0.70711 0.70711 0
vn -0.70711 0.7071 0
vn 0.70711 -0.70711 0
vn -0.70711 0.70711 0
f 1//1 2//1 3//1
f 3//1 2//1 4//1
f 5//2 1//2 6//2
f 6//2 1//2 3//2
f 7//3 8//3 9//3
f 9//3 8//3 10//3
f 11//4 7//4 12//4
f 12//4 7//4 9//4
f 13//5 14//5 15//5
f 15//5 14//5 16//5
f 17//1 13//1 18//1
f 18//1 13//1 15//1
f 19//6 20//6 21//6
f 21//6 20//6 22//6
f 23//7 19//7 24//7
f 24//7 19//7 21//7
f 25//3 26//3 27//3
f 27//3 26//3 28//3
f 29//8 30//8 31//8
f 31//8 30//8 32//8
f 33//5 29//5 34//5
f 34//5 29//5 31//5
f 35//3 36//3 37//3
f 37//3 36//3 38//3
f 39//9 40//9 41//9
f 41//9 40//9 42//9
f 43//10 44//10 45//10
f 45//10 44//10 46//10
f 47//5 48//5 49//5
f 49//5 48//5 50//5
f 51//8 52//8 53//8
f 53//8 52//8 54//8
f 55//5 51//5 56//5
f 56//5 51//5 53//5
f 57//11 58//11 59//11
f 59//11 58//11 60//11
f 61//12 62//12 63//12
f 63//12 62//12 64//12
f 65//5 61//5 66//5
f 66//5 61//5 63//5
f 67//11 68//11 69//11
f 69//11 68//11 70//11
f 71//13 72//13 73//13
f 73//13 72//13 74//13
f 75//5 71//5 76//5
f 76//5 71//5 73//5
f 77//14 78//14 79//14
f 79//14 78//14 80//14
f 81//5 77//5 82//5
f 82//5 77//5 79//5
f 83//15 84//15 85//15
f 85//15 84//15 86//15
f 87//16 83//16 88//16
f 88//16 83//16 85//16
f 89//8 90//8 91//8
f 91//8 90//8 92//8
f 93//5 89//5 94//5
f 94//5 89//5 91//5
f 95//1 96//1 97//1
f 97//1 96//1 98//1
f 99//17 95//17 100//17
f 100//17 95//17 97//17
f 101//3 102//3 103//3
f 103//3 102//3 104//3
f 105//1 106//1 107//1
f 107//1 106//1 108//1
f 109//18 105//18 110//18
f 110//18 105//18 107//18
f 111//5 112//5 113//5
f 113//5 112//5 114//5
f 115//1 111//1 116//1
f 116//1 111//1 113//1
f 117//19 118//19 119//19
f 119//19 118//19 120//19
f 121//7 117//7 122//7
f 122//7 117//7 119//7
f 123//5 124//5 125//5
f 125//5 124//5 126//5
f 127//20 123//20 128//20
f 128//20 123//20 125//20
f 129//8 130//8 131//8
f 131//8 130//8 132//8
f 133//21 129//21 134//21
f 134//21 129//21 131//21
f 135//14 136//14 137//14
f 137//14 136//14 138//14
f 139//5 135//5 140//5
f 140//5 135//5 137//5
f 141//13 142//13 143//13
f 143//13 142//13 144//13
f 145//5 141//5 146//5
f 146//5 141//5 143//5
f 147//22 148//22 149//22
f 149//22 148//22 150//22
f 151//23 147//23 152//23
f 152//23 147//23 149//23
f 153//11 154//11 155//11
f 155//11 154//11 156//11
f 157//24 158//24 159//24
f 159//24 158//24 160//24
f 161//25 157//25 162//25
f 162//25 157//25 159//25
f 163//26 164//26 165//26
f 165//26 164//26 166//26
f 167//27 163//27 168//27
f 168//27 163//27 165//27
f 169//14 170//14 171//14
f 171//14 170//14 172//14
f 173//5 169//5 174//5
f 174//5 169//5 171//5
f 175//28 176//28 177//28
f 177//28 176//28 178//28
f 179//23 175//23 180//23
f 180//23 175//23 177//23
f 181//11 182//11 183//11
f 183//11 182//11 184//11
f 185//29 186//29 187//29
f 187//29 186//29 188//29
f 189//30 190//30 191//30
f 191//30 190//30 192//30
f 193//23 189//23 194//23
f 194//23 189//23 191//23
f 195//31 196//31 197//31
f 197//31 196//31 198//31
f 199//32 195//32 200//32
f 200//32 195//32 197//32
f 201//29 202//29 203//29
f 203//29 202//29 204//29
f 205//21 206//21 207//21
f 207//21 206//21 208//21
f 209//33 205//33 210//33
f 210//33 205//33 207//33
f 211//8 212//8 213//8
f 213//8 212//8 214//8
f 215//21 211//21 216//21
f 216//21 211//21 213//21
f 217//8 218//8 219//8
f 219//8 218//8 220//8
f 221//5 217//5 222//5
f 222//5 217//5 219//5
f 223//31 224//31 225//31
f 225//31 224//31 226//31
f 227//23 223//23 228//23
f 228//23 223//23 225//23
f 229//8 230//8 231//8
f 231//8 230//8 232//8
f 233//5 229//5 234//5
f 234//5 229//5 231//5
f 235//31 236//31 237//31
f 237//31 236//31 238//31
f 239//23 235//23 240//23
f 240//23 235//23 237//23
f 241//8 242//8 243//8
f 243//8 242//8 244//8
f 245//5 241//5 246//5
f 246//5 241//5 243//5
f 247//34 248//34 249//34
f 249//34 248//34 250//34
f 251//5 252//5 253//5
f 253//5 252//5 254//5
f 255//26 251//26 256//26
f 256//26 251//26 253//26
f 257//34 258//34 259//34
f 259//34 258//34 260//34
f 261//8 262//8 263//8
f 263//8 262//8 264//8
f 265//5 261//5 266//5
f 266//5 261//5 263//5
f 267//31 268//31 269//31
f 269//31 268//31 270//31
f 271//23 267//23 272//23
f 272//23 267//23 269//23
f 273//5 274//5 275//5
f 275//5 274//5 276//5
f 277//24 273//24 278//24
f 278//24 273//24 275//24
f 279//5 280//5 281//5
f 281//5 280//5 282//5
f 283//24 279//24 284//24
f 284//24 279//24 281//24
f 285//8 286//8 287//8
f 287//8 286//8 288//8
f 289//5 285//5 290//5
f 290//5 285//5 287//5
f 291//7 292//7 293//7
f 293//7 292//7 294//7
f 295//24 291//24 296//24
f 296//24 291//24 293//24
f 297//6 298//6 299//6
f 299//6 298//6 300//6
f 301//5 297//5 302//5
f 302//5 297//5 299//5
f 303//5 304//5 305//5
f 305//5 304//5 306//5
f 307//24 303//24 308//24
f 308//24 303//24 305//24
f 309//35 310//35 311//35
f 311//35 310//35 312//35
f 313//23 309//23 314//23
f 314//23 309//23 311//23
f 315//5 316//5 317//5
f 317//5 316//5 318//5
f 319//26 315//26 320//26
f 320//26 315//26 317//26
f 321//5 322//5 323//5
f 323//5 322//5 324//5
f 325//6 326//6 327//6
f 327//6 326//6 328//6
f 329//23 325//23 330//23
f 330//23 325//23 327//23
f 331//36 332//36 333//36
f 333//36 332//36 334//36
f 335//20 331//20 336//20
f 336//20 331//20 333//20
f 337//6 338//6 339//6
f 339//6 338//6 340//6
f 341//23 337//23 342//23
f 342//23 337//23 339//23
f 343//23 344//23 345//23
f 345//23 344//23 346//23
f 347//37 343//37 348//37
f 348//37 343//37 345//37
f 349//23 350//23 351//23
f 351//23 350//23 352//23
f 353//38 349//38 354//38
f 354//38 349//38 351//38
f 355//3 356//3 357//3
f 357//3 356//3 358//3
f 359//1 360//1 361//1
f 361//1 360//1 362//1
f 363//17 359//17 364//17
f 364//17 359//17 361//17
f 365//7 366//7 367//7
f 367//7 366//7 368//7
f 369//24 365//24 370//24
f 370//24 365//24 367//24
f 371//5 372//5 373//5
f 373//5 372//5 374//5
f 375//24 371//24 376//24
f 376//24 371//24 373//24
f 377//8 378//8 379//8
f 379//8 378//8 380//8
f 381//5 377//5 382//5
f 382//5 377//5 379//5
f 383//23 384//23 385//23
f 385//23 384//23 386//23
f 387//16 383//16 388//16
f 388//16 383//16 385//16
f 389//5 390//5 391//5
f 391//5 390//5 392//5
f 393//33 389//33 394//33
f 394//33 389//33 391//33
f 395//39 396//39 397//39
f 397//39 396//39 398//39
f 399//40 395//40 400//40
f 400//40 395//40 397//40
f 401//41 402//41 403//41
f 403//41 402//41 404//41
f 405//39 401//39 406//39
f 406//39 401//39 403//39
f 407//5 408//5 409//5
f 409//5 408//5 410//5
f 411//39 412//39 413//39
f 413//39 412//39 414//39
f 415//42 416//42 417//42
f 417//42 416//42 418//42
f 419//42 420//42 421//42
f 421//42 420//42 422//42
f 423//39 424//39 425//39
f 425//39 424//39 426//39
f 427//26 423//26 428//26
f 428//26 423//26 425//26
f 429//42 430//42 431//42
f 431//42 430//42 432//42
f 433//39 434//39 435//39
f 435//39 434//39 436//39
f 437//40 433//40 438//40
f 438//40 433//40 435//40
f 439//8 440//8 441//8
f 441//8 440//8 442//8
f 443//39 444//39 445//39
f 445//39 444//39 446//39
f 447//43 443//43 448//43
f 448//43 443//43 445//43
f 449//8 450//8 451//8
f 451//8 450//8 452//8
f 453//3 454//3 455//3
f 455//3 454//3 456//3
f 457//44 458//44 459//44
f 459//44 458//44 460//44
f 458//45 461//45 460//45
f 460//45 461//45 462//45
f 461//46 463//46 462//46
f 462//46 463//46 464//46
f 465//47 466//47 467//47
f 467//47 466//47 468//47
f 466//48 469//48 468//48
f 468//48 469//48 470//48
f 471//49 472//49 473//49
f 473//49 472//49 474//49
f 472//50 475//50 474//50
f 474//50 475//50 476//50
f 475//51 477//51 476//51
f 476//51 477//51 478//51
f 479//52 480//52 481//52
f 481//52 480//52 482//52
f 480//53 483//53 482//53
f 482//53 483//53 484//53
f 485//54 486//54 487//54
f 487//54 486//54 488//54
f 486//55 489//55 488//55
f 488//55 489//55 490//55
f 489//56 491//56 490//56
f 490//56 491//56 492//56
f 493//57 494//57 495//57
f 495//57 494//57 496//57
f 494//58 497//58 496//58
f 496//58 497//58 498//58
f 499//59 500//59 501//59
f 501//59 500//59 502//59
f 500//60 503//60 502//60
f 502//60 503//60 504//60
f 503//61 505//61 504//61
f 504//61 505//61 506//61
f 507//62 508//62 509//62
f 509//62 508//62 510//62
f 508//63 511//63 510//63
f 510//63 511//63 512//63
f 513//64 362//64 456//64
f 456//65 362//65 514//65
f 456//66 514//66 515//66
f 515//67 514//67 516//67
f 515//67 516//67 357//67
f 357//64 516//64 364//64
f 357//64 364//64 517//64
f 517//64 364//64 352//64
f 517//64 352//64 108//64
f 108//64 352//64 107//64
f 107//64 352//64 518//64
f 107//64 518//64 113//64
f 113//64 518//64 294//64
f 113//68 294//68 116//68
f 116//69 294//69 519//69
f 116//64 519//64 122//64
f 122//64 519//64 287//64
f 122//64 287//64 288//64
f 455//64 451//64 513//64
f 513//64 451//64 452//64
f 513//64 452//64 362//64
f 362//64 452//64 520//64
f 362//68 520//68 361//68
f 361//70 520//70 521//70
f 361//64 521//64 351//64
f 351//64 521//64 368//64
f 351//64 368//64 354//64
f 354//64 368//64 522//64
f 354//64 522//64 293//64
f 293//64 522//64 346//64
f 293//64 346//64 296//64
f 296//64 346//64 523//64
f 296//64 523//64 290//64
f 290//64 523//64 299//64
f 290//71 299//71 524//71
f 524//72 299//72 300//72
f 524//64 300//64 281//64
f 281//64 300//64 276//64
f 281//64 276//64 284//64
f 284//64 276//64 525//64
f 284//64 525//64 222//64
f 222//64 525//64 231//64
f 222//64 231//64 526//64
f 526//64 231//64 232//64
f 526//64 232//64 216//64
f 216//64 232//64 225//64
f 216//73 225//73 527//73
f 527//74 225//74 226//74
f 527//64 226//64 194//64
f 194//64 226//64 197//64
f 194//64 197//64 528//64
f 528//64 197//64 198//64
f 528//64 198//64 180//64
f 180//64 198//64 171//64
f 180//64 171//64 529//64
f 529//64 171//64 172//64
f 529//64 172//64 160//64
f 160//64 172//64 530//64
f 160//75 530//75 159//75
f 159//76 530//76 531//76
f 159//64 531//64 183//64
f 183//64 531//64 188//64
f 183//64 188//64 532//64
f 532//64 188//64 533//64
f 532//64 533//64 485//64
f 485//64 533//64 534//64
f 485//64 534//64 486//64
f 486//64 534//64 489//64
f 489//64 534//64 491//64
f 491//64 534//64 493//64
f 493//64 534//64 494//64
f 494//64 534//64 497//64
f 456//64 515//64 455//64
f 455//64 515//64 469//64
f 455//64 469//64 466//64
f 452//64 535//64 520//64
f 520//64 535//64 446//64
f 446//64 535//64 457//64
f 446//64 457//64 445//64
f 445//64 457//64 441//64
f 445//64 441//64 448//64
f 448//64 441//64 442//64
f 448//64 442//64 367//64
f 367//64 442//64 536//64
f 367//77 536//77 537//77
f 457//64 535//64 451//64
f 521//78 448//78 368//78
f 368//79 448//79 367//79
f 442//64 538//64 536//64
f 536//64 538//64 436//64
f 436//64 538//64 457//64
f 436//64 457//64 435//64
f 435//64 457//64 431//64
f 435//64 431//64 438//64
f 438//64 431//64 432//64
f 438//64 432//64 373//64
f 373//64 432//64 539//64
f 373//75 539//75 376//75
f 376//80 539//80 540//80
f 376//64 540//64 342//64
f 342//64 540//64 379//64
f 342//64 379//64 380//64
f 457//64 538//64 441//64
f 438//81 374//81 537//81
f 537//64 374//64 345//64
f 537//64 345//64 370//64
f 370//64 345//64 522//64
f 522//64 345//64 346//64
f 432//64 541//64 539//64
f 539//64 541//64 426//64
f 426//64 541//64 457//64
f 426//64 457//64 425//64
f 425//64 457//64 542//64
f 425//64 542//64 421//64
f 421//64 542//64 543//64
f 543//64 542//64 403//64
f 543//64 403//64 404//64
f 457//64 541//64 431//64
f 540//82 428//82 379//82
f 379//83 428//83 382//83
f 382//64 428//64 422//64
f 382//64 422//64 404//64
f 404//64 422//64 543//64
f 422//64 428//64 421//64
f 421//64 428//64 425//64
f 544//64 545//64 418//64
f 418//64 545//64 385//64
f 418//64 385//64 546//64
f 546//83 385//83 547//83
f 547//84 385//84 386//84
f 547//64 386//64 333//64
f 333//64 386//64 548//64
f 333//64 548//64 336//64
f 336//64 548//64 314//64
f 336//64 314//64 311//64
f 417//64 542//64 544//64
f 544//64 542//64 398//64
f 544//64 398//64 545//64
f 418//64 546//64 417//64
f 417//64 546//64 406//64
f 417//64 406//64 542//64
f 542//64 406//64 403//64
f 549//64 400//64 414//64
f 414//64 400//64 397//64
f 414//64 397//64 542//64
f 542//64 397//64 398//64
f 413//64 410//64 549//64
f 549//64 410//64 391//64
f 549//64 391//64 400//64
f 400//83 391//83 392//83
f 400//83 392//83 550//83
f 550//64 392//64 330//64
f 550//64 330//64 388//64
f 388//64 330//64 327//64
f 388//64 327//64 548//64
f 548//64 327//64 314//64
f 414//64 542//64 413//64
f 413//64 542//64 409//64
f 413//64 409//64 410//64
f 410//64 551//64 391//64
f 391//85 551//85 394//85
f 394//86 551//86 499//86
f 394//87 499//87 552//87
f 552//88 499//88 323//88
f 552//64 323//64 553//64
f 553//64 323//64 324//64
f 553//64 324//64 554//64
f 554//64 324//64 317//64
f 554//64 317//64 318//64
f 499//64 551//64 409//64
f 382//89 404//89 555//89
f 555//74 404//74 547//74
f 555//64 547//64 333//64
f 385//90 545//90 388//90
f 388//80 545//80 550//80
f 392//64 553//64 330//64
f 330//64 553//64 554//64
f 555//64 333//64 380//64
f 380//64 333//64 334//64
f 380//64 334//64 556//64
f 556//64 334//64 305//64
f 556//64 305//64 306//64
f 374//64 557//64 345//64
f 345//64 557//64 348//64
f 348//64 557//64 339//64
f 348//64 339//64 302//64
f 302//64 339//64 558//64
f 558//64 339//64 340//64
f 558//64 340//64 275//64
f 275//64 340//64 306//64
f 275//71 306//71 559//71
f 339//64 557//64 342//64
f 342//64 557//64 376//64
f 373//91 374//91 438//91
f 370//92 367//92 537//92
f 352//64 364//64 351//64
f 351//64 364//64 361//64
f 517//64 108//64 358//64
f 358//64 108//64 560//64
f 358//67 560//67 515//67
f 515//67 560//67 561//67
f 515//93 561//93 103//93
f 103//94 561//94 110//94
f 103//64 110//64 562//64
f 562//64 110//64 114//64
f 562//64 114//64 98//64
f 98//64 114//64 563//64
f 98//64 563//64 97//64
f 97//64 563//64 119//64
f 97//64 119//64 94//64
f 94//64 119//64 564//64
f 564//64 119//64 120//64
f 564//64 120//64 85//64
f 85//64 120//64 126//64
f 85//95 126//95 565//95
f 515//67 357//67 358//67
f 518//64 354//64 294//64
f 294//64 354//64 293//64
f 523//64 348//64 299//64
f 299//64 348//64 302//64
f 340//64 556//64 306//64
f 556//64 342//64 380//64
f 305//64 334//64 308//64
f 308//64 334//64 566//64
f 308//64 566//64 272//64
f 272//64 566//64 311//64
f 272//96 311//96 312//96
f 566//64 336//64 311//64
f 554//64 318//64 328//64
f 328//64 318//64 266//64
f 328//64 266//64 567//64
f 567//83 266//83 263//83
f 567//97 263//97 312//97
f 312//64 263//64 240//64
f 312//64 240//64 568//64
f 568//64 240//64 270//64
f 270//64 240//64 237//64
f 270//64 237//64 569//64
f 569//64 237//64 228//64
f 569//64 228//64 225//64
f 314//64 327//64 567//64
f 567//64 327//64 328//64
f 324//64 570//64 317//64
f 317//64 570//64 320//64
f 320//98 570//98 499//98
f 320//99 499//99 571//99
f 571//100 499//100 259//100
f 571//101 259//101 572//101
f 572//64 259//64 260//64
f 572//64 260//64 573//64
f 573//64 260//64 253//64
f 573//64 253//64 264//64
f 264//64 253//64 254//64
f 264//64 254//64 574//64
f 574//64 254//64 246//64
f 574//64 246//64 243//64
f 499//98 570//98 323//98
f 318//74 572//74 266//74
f 266//102 572//102 573//102
f 308//103 269//103 559//103
f 559//64 269//64 234//64
f 559//64 234//64 278//64
f 278//64 234//64 231//64
f 278//64 231//64 525//64
f 276//104 300//104 275//104
f 275//105 300//105 558//105
f 287//106 519//106 290//106
f 290//107 519//107 296//107
f 524//64 282//64 288//64
f 288//64 282//64 575//64
f 288//64 575//64 122//64
f 576//64 128//64 282//64
f 282//64 128//64 125//64
f 282//64 125//64 575//64
f 575//64 125//64 120//64
f 120//64 125//64 126//64
f 284//64 219//64 576//64
f 576//64 219//64 134//64
f 576//64 134//64 128//64
f 128//103 134//103 131//103
f 128//81 131//81 565//81
f 565//64 131//64 82//64
f 565//64 82//64 88//64
f 88//64 82//64 79//64
f 88//64 79//64 577//64
f 577//64 79//64 24//64
f 577//64 24//64 18//64
f 18//64 24//64 21//64
f 18//64 21//64 578//64
f 578//64 21//64 34//64
f 578//64 34//64 3//64
f 3//108 34//108 31//108
f 3//109 31//109 6//109
f 6//64 31//64 42//64
f 6//64 42//64 45//64
f 45//64 42//64 579//64
f 45//64 579//64 580//64
f 580//64 579//64 581//64
f 580//64 581//64 483//64
f 281//64 282//64 524//64
f 278//110 275//110 559//110
f 568//110 272//110 312//110
f 272//105 269//105 308//105
f 234//64 269//64 569//64
f 569//64 269//64 270//64
f 240//64 263//64 574//64
f 574//64 263//64 264//64
f 260//64 582//64 253//64
f 253//64 582//64 256//64
f 256//111 582//111 499//111
f 256//112 499//112 534//112
f 499//111 582//111 259//111
f 583//64 249//64 584//64
f 584//64 249//64 250//64
f 584//64 250//64 585//64
f 585//64 250//64 207//64
f 585//104 207//104 244//104
f 244//105 207//105 208//105
f 244//64 208//64 174//64
f 174//64 208//64 586//64
f 586//64 208//64 587//64
f 586//64 587//64 204//64
f 204//64 587//64 203//64
f 203//64 587//64 588//64
f 203//113 588//113 534//113
f 534//67 588//67 210//67
f 534//93 210//93 589//93
f 589//94 210//94 207//94
f 589//64 207//64 250//64
f 249//114 583//114 534//114
f 534//114 583//114 256//114
f 254//64 584//64 246//64
f 246//64 584//64 585//64
f 534//114 589//114 249//114
f 244//75 590//75 243//75
f 243//75 590//75 200//75
f 243//64 200//64 238//64
f 238//64 200//64 591//64
f 238//64 591//64 228//64
f 238//64 574//64 243//64
f 237//64 238//64 228//64
f 232//64 569//64 225//64
f 197//115 226//115 200//115
f 200//116 226//116 591//116
f 526//104 216//104 220//104
f 220//105 216//105 213//105
f 220//64 213//64 140//64
f 140//64 213//64 592//64
f 592//64 213//64 214//64
f 592//64 214//64 191//64
f 191//64 214//64 527//64
f 191//64 527//64 194//64
f 222//64 219//64 284//64
f 219//110 220//110 134//110
f 134//71 220//71 593//71
f 593//64 220//64 140//64
f 593//64 140//64 137//64
f 586//64 204//64 166//64
f 166//64 204//64 594//64
f 166//64 594//64 165//64
f 165//67 594//67 534//67
f 165//117 534//117 168//117
f 168//118 534//118 187//118
f 168//119 187//119 531//119
f 531//64 187//64 188//64
f 534//67 594//67 203//67
f 198//64 590//64 171//64
f 171//64 590//64 174//64
f 174//64 590//64 244//64
f 528//64 180//64 192//64
f 192//64 180//64 177//64
f 192//64 177//64 152//64
f 152//120 177//120 178//120
f 152//121 178//121 595//121
f 595//64 178//64 155//64
f 595//64 155//64 156//64
f 592//64 191//64 146//64
f 146//64 191//64 192//64
f 146//64 192//64 596//64
f 596//64 192//64 152//64
f 596//81 152//81 149//81
f 534//64 533//64 187//64
f 532//64 485//64 184//64
f 184//64 485//64 162//64
f 184//64 162//64 159//64
f 159//64 183//64 184//64
f 155//64 178//64 597//64
f 597//122 178//122 529//122
f 597//83 529//83 160//83
f 530//64 172//64 166//64
f 166//64 172//64 586//64
f 155//64 597//64 598//64
f 598//64 597//64 599//64
f 598//64 599//64 485//64
f 485//64 599//64 162//64
f 598//64 485//64 156//64
f 156//64 485//64 600//64
f 156//64 600//64 595//64
f 150//64 601//64 149//64
f 149//64 601//64 69//64
f 149//64 69//64 144//64
f 144//64 69//64 602//64
f 144//123 602//123 143//123
f 143//80 602//80 66//80
f 143//64 66//64 138//64
f 138//64 66//64 603//64
f 138//64 603//64 76//64
f 601//64 150//64 485//64
f 485//64 150//64 600//64
f 144//124 596//124 149//124
f 592//64 146//64 138//64
f 138//64 146//64 143//64
f 138//64 76//64 137//64
f 137//64 76//64 604//64
f 137//64 604//64 132//64
f 132//64 604//64 131//64
f 131//64 604//64 82//64
f 132//64 593//64 137//64
f 122//64 119//64 116//64
f 116//64 119//64 563//64
f 107//125 113//125 110//125
f 110//116 113//116 114//116
f 562//64 98//64 104//64
f 104//64 98//64 605//64
f 104//114 605//114 515//114
f 515//114 605//114 606//114
f 515//112 606//112 471//112
f 471//111 606//111 37//111
f 471//111 37//111 38//111
f 515//114 103//114 104//114
f 606//64 100//64 37//64
f 37//64 100//64 607//64
f 607//64 100//64 91//64
f 607//64 91//64 12//64
f 12//102 91//102 92//102
f 12//126 92//126 608//126
f 608//64 92//64 15//64
f 608//64 15//64 16//64
f 91//64 100//64 94//64
f 94//64 100//64 97//64
f 15//64 92//64 86//64
f 86//78 92//78 564//78
f 86//127 564//127 85//127
f 15//64 86//64 18//64
f 18//64 86//64 577//64
f 88//128 85//128 565//128
f 604//64 76//64 80//64
f 80//64 76//64 73//64
f 80//64 73//64 56//64
f 56//71 73//71 609//71
f 609//129 73//129 74//129
f 609//64 74//64 59//64
f 59//64 74//64 63//64
f 59//64 63//64 610//64
f 610//64 63//64 64//64
f 610//64 64//64 581//64
f 581//64 64//64 611//64
f 581//64 611//64 485//64
f 485//64 611//64 70//64
f 485//64 70//64 601//64
f 79//64 80//64 24//64
f 24//64 80//64 612//64
f 612//64 80//64 56//64
f 612//130 56//130 22//130
f 22//83 56//83 53//83
f 22//64 53//64 49//64
f 49//64 53//64 613//64
f 613//64 53//64 54//64
f 613//64 54//64 581//64
f 581//64 54//64 614//64
f 581//64 614//64 60//64
f 60//64 614//64 609//64
f 60//64 609//64 59//64
f 74//131 603//131 63//131
f 63//83 603//83 66//83
f 602//64 69//64 70//64
f 611//64 602//64 70//64
f 60//64 610//64 581//64
f 613//64 581//64 50//64
f 50//64 581//64 615//64
f 50//64 615//64 616//64
f 22//64 49//64 616//64
f 616//64 49//64 50//64
f 580//64 471//64 46//64
f 46//132 471//132 617//132
f 46//133 617//133 6//133
f 6//64 45//64 46//64
f 581//64 579//64 41//64
f 42//64 31//64 41//64
f 41//64 31//64 32//64
f 41//64 32//64 581//64
f 581//64 32//64 615//64
f 607//64 12//64 38//64
f 38//134 12//134 9//134
f 38//135 9//135 471//135
f 471//98 9//98 10//98
f 471//87 10//87 27//87
f 27//64 10//64 618//64
f 27//64 618//64 619//64
f 619//64 618//64 16//64
f 619//64 16//64 4//64
f 4//64 16//64 578//64
f 4//64 578//64 3//64
f 22//136 616//136 21//136
f 21//68 616//68 34//68
f 619//64 4//64 28//64
f 28//64 4//64 620//64
f 28//98 620//98 471//98
f 471//98 620//98 617//98
f 471//98 27//98 28//98
f 618//64 608//64 16//64
f 483//64 480//64 580//64
f 580//64 480//64 479//64
f 580//64 479//64 477//64
f 477//64 475//64 580//64
f 580//64 475//64 472//64
f 580//64 472//64 471//64
f 466//64 465//64 455//64
f 455//64 465//64 463//64
f 455//64 463//64 461//64
f 461//64 458//64 455//64
f 455//64 458//64 457//64
f 455//64 457//64 451//64
f 409//64 542//64 499//64
f 499//64 542//64 511//64
f 499//64 511//64 508//64
f 508//64 507//64 499//64
f 499//64 507//64 505//64
f 499//64 505//64 503//64
f 503//64 500//64 499//64
f 621//137 622//137 623//137
f 623//137 622//137 624//137
f 623//137 624//137 625//137
f 625//137 624//137 626//137
f 626//137 624//137 627//137
f 628//137 629//137 630//137
f 630//137 629//137 631//137
f 631//137 629//137 632//137
f 631//137 632//137 633//137
f 633//137 634//137 631//137
f 635//137 636//137 637//137
f 637//137 636//137 638//137
f 637//137 638//137 639//137
f 639//137 638//137 640//137
f 640//137 638//137 641//137
f 642//137 643//137 644//137
f 644//137 643//137 645//137
f 644//137 645//137 646//137
f 644//137 647//137 642//137
f 642//137 647//137 648//137
f 649//137 650//137 651//137
f 651//137 650//137 652//137
f 651//137 652//137 653//137
f 653//137 652//137 654//137
f 654//137 652//137 655//137
f 656//137 657//137 658//137
f 658//137 657//137 659//137
f 659//137 657//137 660//137
f 659//137 660//137 661//137
f 661//137 662//137 659//137
f 663//5 664//5 665//5
f 665//32 664//32 666//32
f 667//5 668//5 669//5
f 669//5 668//5 670//5
f 671//5 672//5 673//5
f 673//5 672//5 674//5
f 675//5 676//5 677//5
f 677//5 676//5 678//5
f 679//5 680//5 681//5
f 681//5 680//5 682//5
f 683//32 684//32 685//32
f 685//32 684//32 686//32
f 687//138 688//138 689//138
f 689//139 688//139 690//139
f 691//139 692//139 693//139
f 693//138 692//138 694//138
f 695//139 696//139 697//139
f 697//138 696//138 698//138
f 699//139 700//139 701//139
f 701//138 700//138 702//138
f 703//139 704//139 705//139
f 705//140 704//140 706//140
f 707//141 708//141 709//141
f 709//139 708//139 710//139
f 711//39 712//39 713//39
f 713//39 712//39 714//39
f 713//39 714//39 715//39
f 716//39 717//39 711//39
f 711//39 717//39 718//39
f 711//39 718//39 719//39
f 719//39 718//39 720//39
f 719//39 720//39 721//39
f 721//39 720//39 722//39
f 721//39 722//39 723//39
f 723//39 722//39 724//39
f 723//39 724//39 725//39
f 725//39 724//39 726//39
f 726//39 724//39 727//39
f 726//39 727//39 728//39
f 717//39 716//39 715//39
f 715//39 716//39 713//39
f 729//39 730//39 731//39
f 731//39 730//39 732//39
f 731//39 732//39 712//39
f 712//39 732//39 733//39
f 712//39 733//39 714//39
f 734//39 735//39 732//39
f 732//39 735//39 736//39
f 732//39 736//39 737//39
f 737//39 736//39 738//39
f 738//39 736//39 739//39
f 738//39 739//39 740//39
f 740//39 739//39 741//39
f 740//39 741//39 742//39
f 742//39 741//39 743//39
f 742//39 743//39 744//39
f 744//39 743//39 745//39
f 744//39 745//39 746//39
f 746//39 745//39 747//39
f 746//39 747//39 748//39
f 748//39 747//39 749//39
f 748//39 749//39 750//39
f 750//39 749//39 751//39
f 750//39 751//39 752//39
f 752//39 751//39 753//39
f 752//39 753//39 754//39
f 755//39 756//39 734//39
f 734//39 756//39 757//39
f 734//39 757//39 758//39
f 758//39 757//39 759//39
f 759//39 757//39 760//39
f 759//39 760//39 761//39
f 761//39 760//39 762//39
f 761//39 762//39 763//39
f 763//39 762//39 764//39
f 763//39 764//39 765//39
f 765//39 764//39 757//39
f 765//39 757//39 766//39
f 766//39 757//39 767//39
f 766//39 767//39 751//39
f 751//39 767//39 753//39
f 755//39 768//39 756//39
f 757//39 756//39 769//39
f 769//39 756//39 770//39
f 769//39 770//39 581//39
f 581//39 770//39 771//39
f 769//39 581//39 772//39
f 772//39 581//39 485//39
f 772//39 485//39 773//39
f 773//39 485//39 487//39
f 773//39 487//39 774//39
f 772//39 773//39 775//39
f 775//39 773//39 776//39
f 775//39 776//39 777//39
f 777//39 776//39 778//39
f 777//39 778//39 779//39
f 779//39 778//39 780//39
f 779//39 780//39 781//39
f 781//39 780//39 782//39
f 781//39 782//39 783//39
f 783//39 782//39 784//39
f 783//39 784//39 785//39
f 785//39 784//39 786//39
f 785//39 786//39 787//39
f 787//39 786//39 788//39
f 787//39 788//39 789//39
f 789//39 788//39 790//39
f 789//39 790//39 791//39
f 791//39 790//39 792//39
f 791//39 792//39 793//39
f 793//39 792//39 794//39
f 793//39 794//39 795//39
f 795//39 794//39 796//39
f 795//39 796//39 797//39
f 797//39 796//39 798//39
f 798//39 796//39 799//39
f 798//39 799//39 800//39
f 800//39 799//39 801//39
f 800//39 801//39 802//39
f 776//39 803//39 778//39
f 778//39 803//39 804//39
f 805//39 806//39 778//39
f 778//39 806//39 807//39
f 778//39 807//39 808//39
f 809//39 810//39 805//39
f 805//39 810//39 811//39
f 805//39 811//39 812//39
f 812//39 811//39 813//39
f 813//39 811//39 814//39
f 813//39 814//39 815//39
f 815//39 814//39 816//39
f 815//39 816//39 817//39
f 817//39 816//39 818//39
f 817//39 818//39 819//39
f 819//39 818//39 820//39
f 819//39 820//39 821//39
f 821//39 820//39 822//39
f 821//39 822//39 823//39
f 823//39 822//39 824//39
f 823//39 824//39 825//39
f 825//39 824//39 826//39
f 825//39 826//39 827//39
f 809//39 828//39 810//39
f 811//39 810//39 829//39
f 829//39 810//39 830//39
f 829//39 830//39 831//39
f 831//39 830//39 832//39
f 831//39 832//39 833//39
f 833//39 832//39 834//39
f 833//39 834//39 835//39
f 835//39 834//39 836//39
f 835//39 836//39 837//39
f 837//39 836//39 838//39
f 837//39 838//39 839//39
f 839//39 838//39 840//39
f 839//39 840//39 841//39
f 841//39 840//39 842//39
f 841//39 842//39 843//39
f 843//39 842//39 844//39
f 830//39 845//39 832//39
f 832//39 845//39 846//39
f 834//39 847//39 836//39
f 836//39 847//39 848//39
f 838//39 849//39 840//39
f 840//39 849//39 850//39
f 851//39 852//39 843//39
f 843//39 852//39 853//39
f 843//39 853//39 854//39
f 854//39 853//39 855//39
f 855//39 853//39 856//39
f 855//39 856//39 857//39
f 857//39 856//39 858//39
f 857//39 858//39 859//39
f 859//39 858//39 860//39
f 859//39 860//39 861//39
f 861//39 860//39 862//39
f 861//39 862//39 863//39
f 863//39 862//39 864//39
f 864//39 862//39 865//39
f 864//39 865//39 866//39
f 866//39 865//39 867//39
f 866//39 867//39 868//39
f 868//39 867//39 852//39
f 868//39 852//39 851//39
f 869//39 870//39 851//39
f 851//39 870//39 871//39
f 851//39 871//39 872//39
f 871//39 870//39 873//39
f 873//39 870//39 874//39
f 873//39 874//39 875//39
f 875//39 874//39 876//39
f 875//39 876//39 877//39
f 877//39 876//39 878//39
f 877//39 878//39 879//39
f 879//39 878//39 880//39
f 879//39 880//39 881//39
f 881//39 880//39 882//39
f 881//39 882//39 883//39
f 883//39 882//39 884//39
f 883//39 884//39 712//39
f 712//39 884//39 731//39
f 874//39 885//39 876//39
f 876//39 885//39 886//39
f 878//39 887//39 880//39
f 880//39 887//39 888//39
f 882//39 889//39 884//39
f 884//39 889//39 890//39
f 839//39 891//39 837//39
f 837//39 891//39 892//39
f 892//39 891//39 893//39
f 892//39 893//39 894//39
f 894//39 893//39 895//39
f 894//39 895//39 896//39
f 896//39 895//39 897//39
f 896//39 897//39 898//39
f 898//39 897//39 855//39
f 898//39 855//39 857//39
f 893//39 891//39 899//39
f 899//39 891//39 900//39
f 899//39 900//39 843//39
f 843//39 900//39 841//39
f 901//39 902//39 903//39
f 903//39 902//39 904//39
f 903//39 904//39 905//39
f 905//39 904//39 906//39
f 905//39 906//39 894//39
f 894//39 906//39 892//39
f 907//39 908//39 901//39
f 901//39 908//39 909//39
f 901//39 909//39 902//39
f 902//39 909//39 829//39
f 902//39 829//39 831//39
f 910//39 911//39 907//39
f 907//39 911//39 912//39
f 907//39 912//39 908//39
f 911//39 910//39 913//39
f 913//39 910//39 914//39
f 913//39 914//39 915//39
f 915//39 914//39 916//39
f 915//39 916//39 917//39
f 917//39 916//39 918//39
f 917//39 918//39 919//39
f 919//39 918//39 920//39
f 919//39 920//39 921//39
f 921//39 920//39 922//39
f 921//39 922//39 923//39
f 923//39 922//39 861//39
f 861//39 922//39 859//39
f 922//39 920//39 924//39
f 924//39 920//39 903//39
f 924//39 903//39 905//39
f 925//39 926//39 927//39
f 927//39 926//39 928//39
f 927//39 928//39 929//39
f 929//39 928//39 930//39
f 929//39 930//39 931//39
f 931//39 930//39 932//39
f 931//39 932//39 794//39
f 794//39 932//39 796//39
f 926//39 925//39 933//39
f 933//39 925//39 934//39
f 933//39 934//39 935//39
f 935//39 934//39 936//39
f 935//39 936//39 937//39
f 937//39 936//39 938//39
f 937//39 938//39 939//39
f 939//39 938//39 940//39
f 940//39 938//39 941//39
f 940//39 941//39 942//39
f 942//39 941//39 943//39
f 942//39 943//39 944//39
f 944//39 943//39 945//39
f 944//39 945//39 946//39
f 946//39 945//39 947//39
f 946//39 947//39 806//39
f 806//39 947//39 807//39
f 941//39 792//39 943//39
f 943//39 792//39 790//39
f 815//39 817//39 948//39
f 948//39 817//39 940//39
f 948//39 940//39 942//39
f 937//39 939//39 949//39
f 949//39 939//39 950//39
f 949//39 950//39 951//39
f 951//39 950//39 952//39
f 952//39 950//39 953//39
f 952//39 953//39 954//39
f 954//39 953//39 955//39
f 954//39 955//39 956//39
f 956//39 955//39 957//39
f 956//39 957//39 823//39
f 823//39 957//39 821//39
f 911//39 958//39 912//39
f 912//39 958//39 959//39
f 959//39 958//39 824//39
f 824//39 958//39 826//39
f 960//39 961//39 827//39
f 827//39 961//39 962//39
f 827//39 962//39 825//39
f 961//39 960//39 963//39
f 963//39 960//39 964//39
f 963//39 964//39 965//39
f 965//39 964//39 966//39
f 965//39 966//39 967//39
f 967//39 966//39 968//39
f 968//39 966//39 969//39
f 968//39 969//39 970//39
f 970//39 969//39 971//39
f 970//39 971//39 972//39
f 972//39 971//39 973//39
f 972//39 973//39 802//39
f 802//39 973//39 800//39
f 798//39 800//39 974//39
f 974//39 800//39 975//39
f 974//39 975//39 976//39
f 976//39 975//39 977//39
f 977//39 975//39 978//39
f 977//39 978//39 979//39
f 979//39 978//39 980//39
f 979//39 980//39 981//39
f 981//39 980//39 982//39
f 981//39 982//39 983//39
f 983//39 982//39 984//39
f 983//39 984//39 985//39
f 985//39 984//39 986//39
f 985//39 986//39 987//39
f 987//39 986//39 742//39
f 987//39 742//39 744//39
f 988//39 989//39 975//39
f 975//39 989//39 990//39
f 975//39 990//39 978//39
f 989//39 988//39 991//39
f 991//39 988//39 992//39
f 991//39 992//39 993//39
f 993//39 992//39 994//39
f 993//39 994//39 995//39
f 995//39 994//39 996//39
f 995//39 996//39 997//39
f 997//39 996//39 998//39
f 997//39 998//39 999//39
f 996//39 1000//39 998//39
f 998//39 1000//39 1001//39
f 1001//39 1000//39 1002//39
f 1001//39 1002//39 728//39
f 728//39 1002//39 726//39
f 725//39 1003//39 723//39
f 723//39 1003//39 1004//39
f 1004//39 1003//39 1005//39
f 1005//39 1003//39 1006//39
f 1005//39 1006//39 1007//39
f 1007//39 1006//39 1008//39
f 1007//39 1008//39 1009//39
f 1009//39 1008//39 1010//39
f 1009//39 1010//39 1011//39
f 1011//39 1010//39 1012//39
f 1012//39 1010//39 1013//39
f 1012//39 1013//39 1014//39
f 1014//39 1013//39 1015//39
f 1014//39 1015//39 1016//39
f 1016//39 1015//39 1017//39
f 1016//39 1017//39 1018//39
f 1018//39 1017//39 1019//39
f 1018//39 1019//39 1020//39
f 861//39 863//39 1020//39
f 1020//39 863//39 1021//39
f 1020//39 1021//39 1022//39
f 1022//39 1021//39 1023//39
f 1023//39 1021//39 1024//39
f 1023//39 1024//39 1025//39
f 1025//39 1024//39 1026//39
f 1025//39 1026//39 1027//39
f 1027//39 1026//39 1028//39
f 1027//39 1028//39 851//39
f 851//39 1028//39 868//39
f 815//39 948//39 1029//39
f 1029//39 948//39 1030//39
f 1029//39 1030//39 805//39
f 805//39 1030//39 1031//39
f 805//39 1031//39 1032//39
f 1032//39 1031//39 944//39
f 1032//39 944//39 946//39
f 945//39 788//39 947//39
f 947//39 788//39 786//39
f 778//39 808//39 1033//39
f 1033//39 808//39 784//39
f 1033//39 784//39 782//39
f 783//39 1034//39 781//39
f 781//39 1034//39 1035//39
f 1035//39 1034//39 1036//39
f 1035//39 1036//39 1037//39
f 1037//39 1036//39 1038//39
f 1038//39 1036//39 1039//39
f 1038//39 1039//39 775//39
f 775//39 1039//39 1040//39
f 775//39 1040//39 1041//39
f 1041//39 1040//39 1042//39
f 1041//39 1042//39 1043//39
f 1043//39 1042//39 1044//39
f 1043//39 1044//39 1045//39
f 1045//39 1044//39 1046//39
f 1045//39 1046//39 775//39
f 775//39 1046//39 1047//39
f 775//39 1047//39 757//39
f 757//39 1047//39 754//39
f 757//39 754//39 767//39
f 1036//39 1034//39 1048//39
f 1048//39 1034//39 1049//39
f 1048//39 1049//39 1050//39
f 1050//39 1049//39 1051//39
f 1050//39 1051//39 1052//39
f 1052//39 1051//39 1053//39
f 1052//39 1053//39 1054//39
f 1054//39 1053//39 1055//39
f 1054//39 1055//39 1056//39
f 1056//39 1055//39 1057//39
f 1056//39 1057//39 1058//39
f 1058//39 1057//39 1059//39
f 1058//39 1059//39 983//39
f 983//39 1059//39 981//39
f 1049//39 785//39 1051//39
f 1051//39 785//39 787//39
f 1037//39 1060//39 1035//39
f 1035//39 1060//39 1061//39
f 1061//39 1060//39 775//39
f 1061//39 775//39 777//39
f 775//39 1060//39 1038//39
f 1050//39 1062//39 1048//39
f 1048//39 1062//39 1042//39
f 1042//39 1062//39 1044//39
f 1044//39 1062//39 1063//39
f 1063//39 1062//39 1064//39
f 1063//39 1064//39 1065//39
f 1065//39 1064//39 1066//39
f 1065//39 1066//39 1067//39
f 1067//39 1066//39 1068//39
f 1067//39 1068//39 1069//39
f 1069//39 1068//39 1070//39
f 1069//39 1070//39 987//39
f 987//39 1070//39 985//39
f 1064//39 1052//39 1066//39
f 1066//39 1052//39 1054//39
f 1053//39 789//39 1055//39
f 1055//39 789//39 791//39
f 1057//39 793//39 1059//39
f 1059//39 793//39 795//39
f 856//39 867//39 858//39
f 858//39 867//39 865//39
f 1005//39 1071//39 1072//39
f 1072//39 1071//39 1073//39
f 1072//39 1073//39 1074//39
f 1074//39 1073//39 881//39
f 1074//39 881//39 883//39
f 721//39 1075//39 719//39
f 719//39 1075//39 1076//39
f 1076//39 1075//39 1074//39
f 1074//39 1075//39 1072//39
f 720//39 1077//39 722//39
f 722//39 1077//39 1078//39
f 1078//39 1077//39 1079//39
f 1078//39 1079//39 1080//39
f 1080//39 1079//39 1081//39
f 1080//39 1081//39 1082//39
f 1082//39 1081//39 1083//39
f 1082//39 1083//39 1084//39
f 1084//39 1083//39 999//39
f 999//39 1083//39 1085//39
f 999//39 1085//39 1086//39
f 1086//39 1085//39 1087//39
f 1086//39 1087//39 1088//39
f 1085//39 1089//39 1087//39
f 1087//39 1089//39 1090//39
f 1090//39 1089//39 1091//39
f 1090//39 1091//39 1092//39
f 1092//39 1091//39 738//39
f 1092//39 738//39 740//39
f 1091//39 1089//39 1093//39
f 1093//39 1089//39 717//39
f 1093//39 717//39 715//39
f 1090//39 1092//39 984//39
f 984//39 1092//39 986//39
f 1094//39 1095//39 1096//39
f 1096//39 1095//39 761//39
f 1096//39 761//39 763//39
f 745//39 1097//39 1094//39
f 1094//39 1097//39 1098//39
f 1094//39 1098//39 1095//39
f 1095//39 1098//39 1099//39
f 1095//39 1099//39 1100//39
f 1100//39 1099//39 734//39
f 1100//39 734//39 758//39
f 747//39 1096//39 749//39
f 749//39 1096//39 763//39
f 1101//39 1102//39 1103//39
f 1103//39 1102//39 1104//39
f 1103//39 1104//39 1105//39
f 1105//39 1104//39 873//39
f 1105//39 873//39 875//39
f 1106//39 1018//39 1101//39
f 1101//39 1018//39 1107//39
f 1101//39 1107//39 1108//39
f 1108//39 1107//39 1109//39
f 1108//39 1109//39 1110//39
f 1110//39 1109//39 1111//39
f 1110//39 1111//39 851//39
f 851//39 1111//39 1027//39
f 1112//39 1113//39 1106//39
f 1106//39 1113//39 1016//39
f 1106//39 1016//39 1018//39
f 1103//39 1105//39 1112//39
f 1112//39 1105//39 1114//39
f 1112//39 1114//39 1113//39
f 1113//39 1114//39 1115//39
f 1113//39 1115//39 1071//39
f 1071//39 1115//39 1073//39
f 1107//39 1023//39 1109//39
f 1109//39 1023//39 1025//39
f 1022//39 1018//39 1020//39
f 1104//39 1102//39 872//39
f 872//39 1102//39 1116//39
f 872//39 1116//39 851//39
f 851//39 1116//39 1110//39
f 980//39 1117//39 982//39
f 982//39 1117//39 1118//39
f 1118//39 1117//39 1119//39
f 1118//39 1119//39 1120//39
f 1120//39 1119//39 1121//39
f 1120//39 1121//39 1122//39
f 1122//39 1121//39 1123//39
f 1122//39 1123//39 1124//39
f 1124//39 1123//39 1125//39
f 1124//39 1125//39 1126//39
f 1126//39 1125//39 1127//39
f 1126//39 1127//39 1088//39
f 1088//39 1127//39 1086//39
f 1086//39 997//39 999//39
f 757//39 764//39 760//39
f 1024//39 864//39 1026//39
f 1026//39 864//39 866//39
f 797//39 1128//39 795//39
f 795//39 1128//39 1129//39
f 795//39 1129//39 981//39
f 981//39 1129//39 979//39
f 1129//39 1128//39 976//39
f 976//39 1128//39 974//39
f 1065//39 750//39 1063//39
f 1063//39 750//39 752//39
f 748//39 1067//39 746//39
f 746//39 1067//39 1069//39
f 1058//39 1070//39 1056//39
f 1056//39 1070//39 1068//39
f 1108//39 1102//39 1101//39
f 734//39 1099//39 1130//39
f 1098//39 1097//39 1130//39
f 1130//39 1097//39 1131//39
f 1130//39 1131//39 734//39
f 734//39 1131//39 1132//39
f 734//39 1132//39 735//39
f 735//39 1132//39 741//39
f 735//39 741//39 739//39
f 743//39 1097//39 745//39
f 715//39 1133//39 1093//39
f 1093//39 1133//39 1134//39
f 1134//39 1133//39 732//39
f 1134//39 732//39 737//39
f 1133//39 733//39 732//39
f 1007//39 1071//39 1005//39
f 1047//39 752//39 754//39
f 775//39 1041//39 1045//39
f 897//39 895//39 1135//39
f 1135//39 895//39 1136//39
f 1135//39 1136//39 843//39
f 843//39 1136//39 899//39
f 896//39 898//39 924//39
f 924//39 898//39 922//39
f 854//39 1135//39 843//39
f 812//39 1029//39 805//39
f 820//39 818//39 811//39
f 811//39 818//39 814//39
f 822//39 820//39 1137//39
f 1137//39 820//39 1138//39
f 1137//39 1138//39 908//39
f 908//39 1138//39 909//39
f 1032//39 806//39 805//39
f 1033//39 780//39 778//39
f 937//39 949//39 967//39
f 967//39 949//39 965//39
f 904//39 833//39 906//39
f 906//39 833//39 835//39
f 1114//39 877//39 1115//39
f 1115//39 877//39 879//39
f 719//39 712//39 711//39
f 1139//142 669//142 734//142
f 734//143 669//143 755//143
f 670//144 755//144 669//144
f 670//145 1140//145 755//145
f 670//146 1141//146 1140//146
f 666//147 1142//147 1143//147
f 666//148 768//148 1142//148
f 664//149 768//149 666//149
f 1144//150 756//150 664//150
f 664//151 756//151 768//151
f 705//152 1145//152 703//152
f 705//153 1146//153 1145//153
f 705//154 804//154 1146//154
f 1147//142 778//142 705//142
f 705//143 778//143 804//143
f 1148//150 708//150 776//150
f 776//151 708//151 803//151
f 708//155 1149//155 803//155
f 708//156 1150//156 1149//156
f 707//157 1150//157 708//157
f 729//158 731//158 671//158
f 671//159 731//159 1151//159
f 673//160 729//160 671//160
f 673//161 1152//161 729//161
f 1153//162 1152//162 673//162
f 1154//163 732//163 667//163
f 667//164 732//164 730//164
f 668//165 1155//165 1156//165
f 668//166 730//166 1155//166
f 668//167 667//167 730//167
f 889//158 882//158 675//158
f 675//159 882//159 1157//159
f 677//160 889//160 675//160
f 677//161 1158//161 889//161
f 1159//162 1158//162 677//162
f 1160//163 884//163 672//163
f 672//164 884//164 890//164
f 674//168 1161//168 1162//168
f 674//166 890//166 1161//166
f 674//167 672//167 890//167
f 887//158 878//158 681//158
f 681//159 878//159 1163//159
f 682//160 887//160 681//160
f 682//161 1164//161 887//161
f 1165//162 1164//162 682//162
f 1166//163 880//163 676//163
f 676//164 880//164 888//164
f 678//168 1167//168 1168//168
f 678//166 888//166 1167//166
f 678//167 676//167 888//167
f 885//169 874//169 685//169
f 685//170 874//170 1169//170
f 686//171 885//171 685//171
f 686//172 1170//172 885//172
f 1171//173 1170//173 686//173
f 1172//174 876//174 679//174
f 679//175 876//175 886//175
f 680//176 1173//176 1174//176
f 680//177 886//177 1173//177
f 680//178 679//178 886//178
f 850//169 689//169 840//169
f 840//179 689//179 1175//179
f 689//180 1176//180 687//180
f 689//181 1177//181 1176//181
f 850//182 1177//182 689//182
f 849//175 838//175 694//175
f 694//183 838//183 1178//183
f 694//184 1179//184 849//184
f 694//185 1180//185 1179//185
f 694//186 692//186 1180//186
f 848//158 693//158 836//158
f 836//158 693//158 1181//158
f 693//187 1182//187 691//187
f 693//188 1183//188 1182//188
f 848//189 1183//189 693//189
f 847//164 834//164 696//164
f 696//164 834//164 1184//164
f 696//190 1185//190 847//190
f 696//191 1186//191 1185//191
f 696//192 695//192 1186//192
f 846//158 698//158 832//158
f 832//158 698//158 1187//158
f 698//187 1188//187 697//187
f 698//188 1189//188 1188//188
f 846//189 1189//189 698//189
f 845//164 830//164 700//164
f 700//164 830//164 1190//164
f 700//190 1191//190 845//190
f 700//191 1192//191 1191//191
f 700//192 699//192 1192//192
f 828//158 702//158 810//158
f 810//158 702//158 1193//158
f 702//187 1194//187 701//187
f 702//188 1195//188 1194//188
f 828//189 1195//189 702//189
f 809//164 805//164 706//164
f 706//164 805//164 1196//164
f 706//190 1197//190 809//190
f 706//191 1198//191 1197//191
f 706//192 704//192 1198//192
f 710//137 1199//137 709//137
f 1200//137 773//137 710//137
f 710//137 773//137 774//137
f 710//137 774//137 1199//137
f 1199//137 774//137 1201//137
f 665//137 771//137 663//137
f 663//137 771//137 770//137
f 663//137 770//137 1202//137
f 665//137 1203//137 771//137
f 665//137 1204//137 1203//137
f 1205//3 1206//3 1207//3
f 1207//3 1206//3 1208//3
f 1208//3 1206//3 1209//3
f 1208//3 1209//3 1210//3
f 1210//3 1209//3 1211//3
f 1210//3 1211//3 1212//3
f 1212//3 1211//3 1213//3
f 1212//3 1213//3 1214//3
f 1214//3 1213//3 1215//3
f 1214//3 1215//3 1216//3
f 1216//3 1215//3 1217//3
f 1216//3 1217//3 1218//3
f 1209//3 1206//3 1219//3
f 1219//3 1206//3 1220//3
f 1219//3 1220//3 1221//3
f 1221//3 1220//3 1222//3
f 1221//3 1222//3 1223//3
f 1223//3 1222//3 1224//3
f 1223//3 1224//3 1225//3
f 1225//3 1224//3 1226//3
f 1225//3 1226//3 1227//3
f 1227//3 1226//3 1228//3
f 1227//3 1228//3 1229//3
f 1229//3 1228//3 1230//3
f 1220//3 1231//3 1222//3
f 1222//3 1231//3 1232//3
f 1224//3 1233//3 1226//3
f 1226//3 1233//3 1234//3
f 1235//3 1236//3 1229//3
f 1229//3 1236//3 1237//3
f 1229//3 1237//3 1238//3
f 1238//3 1237//3 1239//3
f 1239//3 1237//3 1240//3
f 1239//3 1240//3 1241//3
f 1241//3 1240//3 1242//3
f 1241//3 1242//3 1243//3
f 1243//3 1242//3 1244//3
f 1243//3 1244//3 1245//3
f 1245//3 1244//3 1246//3
f 1245//3 1246//3 1247//3
f 1247//3 1246//3 1248//3
f 1248//3 1246//3 1249//3
f 1248//3 1249//3 1250//3
f 1250//3 1249//3 1251//3
f 1250//3 1251//3 1252//3
f 1252//3 1251//3 1236//3
f 1252//3 1236//3 1235//3
f 1253//3 1254//3 1235//3
f 1235//3 1254//3 1255//3
f 1235//3 1255//3 1256//3
f 1255//3 1254//3 1257//3
f 1257//3 1254//3 1258//3
f 1257//3 1258//3 1259//3
f 1259//3 1258//3 1260//3
f 1259//3 1260//3 1261//3
f 1261//3 1260//3 1262//3
f 1261//3 1262//3 1263//3
f 1263//3 1262//3 1264//3
f 1263//3 1264//3 1265//3
f 1265//3 1264//3 1266//3
f 1265//3 1266//3 1267//3
f 1267//3 1266//3 1268//3
f 1267//3 1268//3 1269//3
f 1269//3 1268//3 1270//3
f 1269//3 1270//3 1271//3
f 1271//3 1270//3 1272//3
f 1272//3 1270//3 1273//3
f 1258//3 1274//3 1260//3
f 1260//3 1274//3 1275//3
f 1262//3 1276//3 1264//3
f 1264//3 1276//3 1277//3
f 1266//3 1278//3 1268//3
f 1268//3 1278//3 1279//3
f 1280//3 1281//3 1271//3
f 1271//3 1281//3 1282//3
f 1271//3 1282//3 1283//3
f 1283//3 1282//3 1284//3
f 1284//3 1282//3 1285//3
f 1284//3 1285//3 1286//3
f 1286//3 1285//3 1287//3
f 1286//3 1287//3 1288//3
f 1288//3 1287//3 1289//3
f 1288//3 1289//3 1290//3
f 1290//3 1289//3 1291//3
f 1290//3 1291//3 1292//3
f 1292//3 1291//3 1293//3
f 1292//3 1293//3 1294//3
f 1294//3 1293//3 1295//3
f 1294//3 1295//3 1296//3
f 1296//3 1295//3 1297//3
f 1296//3 1297//3 1298//3
f 1298//3 1297//3 1299//3
f 1298//3 1299//3 1300//3
f 1301//3 1302//3 1280//3
f 1280//3 1302//3 1303//3
f 1280//3 1303//3 1304//3
f 1304//3 1303//3 1305//3
f 1305//3 1303//3 1306//3
f 1305//3 1306//3 1307//3
f 1307//3 1306//3 1308//3
f 1307//3 1308//3 1309//3
f 1309//3 1308//3 1310//3
f 1309//3 1310//3 1311//3
f 1311//3 1310//3 1303//3
f 1311//3 1303//3 1312//3
f 1312//3 1303//3 1313//3
f 1312//3 1313//3 1297//3
f 1297//3 1313//3 1299//3
f 1301//3 1314//3 1302//3
f 1303//3 1302//3 1315//3
f 1315//3 1302//3 630//3
f 1315//3 630//3 534//3
f 534//3 630//3 631//3
f 1315//3 534//3 1316//3
f 1316//3 534//3 499//3
f 1316//3 499//3 622//3
f 622//3 499//3 501//3
f 622//3 501//3 624//3
f 1316//3 622//3 1317//3
f 1317//3 622//3 1318//3
f 1317//3 1318//3 1319//3
f 1319//3 1318//3 1320//3
f 1319//3 1320//3 1321//3
f 1321//3 1320//3 1322//3
f 1321//3 1322//3 1323//3
f 1323//3 1322//3 1324//3
f 1323//3 1324//3 1325//3
f 1325//3 1324//3 1326//3
f 1325//3 1326//3 1327//3
f 1327//3 1326//3 1328//3
f 1327//3 1328//3 1329//3
f 1329//3 1328//3 1330//3
f 1329//3 1330//3 1331//3
f 1331//3 1330//3 1332//3
f 1331//3 1332//3 1333//3
f 1333//3 1332//3 1334//3
f 1333//3 1334//3 1335//3
f 1335//3 1334//3 1336//3
f 1335//3 1336//3 1337//3
f 1337//3 1336//3 1338//3
f 1337//3 1338//3 1339//3
f 1339//3 1338//3 1340//3
f 1340//3 1338//3 1341//3
f 1340//3 1341//3 1342//3
f 1342//3 1341//3 1343//3
f 1342//3 1343//3 1344//3
f 1318//3 1345//3 1320//3
f 1320//3 1345//3 1346//3
f 1347//3 1348//3 1320//3
f 1320//3 1348//3 1349//3
f 1320//3 1349//3 1350//3
f 1351//3 1352//3 1347//3
f 1347//3 1352//3 1353//3
f 1347//3 1353//3 1354//3
f 1354//3 1353//3 1355//3
f 1355//3 1353//3 1356//3
f 1355//3 1356//3 1357//3
f 1357//3 1356//3 1358//3
f 1357//3 1358//3 1359//3
f 1359//3 1358//3 1360//3
f 1359//3 1360//3 1361//3
f 1361//3 1360//3 1362//3
f 1361//3 1362//3 1363//3
f 1363//3 1362//3 1364//3
f 1363//3 1364//3 1365//3
f 1365//3 1364//3 1366//3
f 1365//3 1366//3 1367//3
f 1367//3 1366//3 1368//3
f 1367//3 1368//3 1369//3
f 1351//3 1370//3 1352//3
f 1353//3 1352//3 1210//3
f 1210//3 1352//3 1208//3
f 1213//3 1211//3 1371//3
f 1371//3 1211//3 1372//3
f 1371//3 1372//3 1373//3
f 1373//3 1372//3 1374//3
f 1373//3 1374//3 1375//3
f 1375//3 1374//3 1376//3
f 1375//3 1376//3 1377//3
f 1377//3 1376//3 1378//3
f 1377//3 1378//3 1379//3
f 1379//3 1378//3 1380//3
f 1379//3 1380//3 1229//3
f 1229//3 1380//3 1227//3
f 1372//3 1219//3 1374//3
f 1374//3 1219//3 1221//3
f 1304//3 1381//3 1280//3
f 1280//3 1381//3 1382//3
f 1280//3 1382//3 1383//3
f 1381//3 1384//3 1382//3
f 1382//3 1384//3 1385//3
f 1385//3 1384//3 1386//3
f 1385//3 1386//3 1387//3
f 1387//3 1386//3 1291//3
f 1387//3 1291//3 1289//3
f 1386//3 1384//3 1388//3
f 1388//3 1384//3 1307//3
f 1388//3 1307//3 1309//3
f 1389//3 1390//3 1391//3
f 1391//3 1390//3 1392//3
f 1391//3 1392//3 1393//3
f 1393//3 1392//3 1394//3
f 1394//3 1392//3 1337//3
f 1394//3 1337//3 1395//3
f 1395//3 1337//3 1339//3
f 1390//3 1389//3 1396//3
f 1396//3 1389//3 1397//3
f 1396//3 1397//3 1398//3
f 1398//3 1397//3 1399//3
f 1398//3 1399//3 1400//3
f 1400//3 1399//3 1401//3
f 1400//3 1401//3 1402//3
f 1402//3 1401//3 1403//3
f 1402//3 1403//3 1404//3
f 1404//3 1403//3 1405//3
f 1404//3 1405//3 1406//3
f 1406//3 1405//3 1407//3
f 1406//3 1407//3 1408//3
f 1408//3 1407//3 1409//3
f 1408//3 1409//3 1410//3
f 1409//3 1407//3 1411//3
f 1411//3 1407//3 1412//3
f 1411//3 1412//3 1413//3
f 1413//3 1412//3 1414//3
f 1413//3 1414//3 1415//3
f 1412//3 1416//3 1414//3
f 1414//3 1416//3 1417//3
f 1417//3 1416//3 1418//3
f 1417//3 1418//3 1419//3
f 1419//3 1418//3 1420//3
f 1419//3 1420//3 1421//3
f 1421//3 1420//3 1422//3
f 1421//3 1422//3 1423//3
f 1423//3 1422//3 1424//3
f 1423//3 1424//3 1425//3
f 1391//3 1393//3 1425//3
f 1425//3 1393//3 1426//3
f 1425//3 1426//3 1423//3
f 1423//3 1426//3 1427//3
f 1423//3 1427//3 1428//3
f 1428//3 1427//3 1395//3
f 1395//3 1427//3 1394//3
f 1429//3 1430//3 1431//3
f 1431//3 1430//3 1392//3
f 1431//3 1392//3 1390//3
f 1432//3 1433//3 1429//3
f 1429//3 1433//3 1434//3
f 1429//3 1434//3 1430//3
f 1430//3 1434//3 1335//3
f 1430//3 1335//3 1337//3
f 1435//3 1436//3 1432//3
f 1432//3 1436//3 1437//3
f 1432//3 1437//3 1438//3
f 1438//3 1437//3 1439//3
f 1438//3 1439//3 1440//3
f 1440//3 1439//3 1441//3
f 1440//3 1441//3 1442//3
f 1442//3 1441//3 1443//3
f 1442//3 1443//3 1444//3
f 1444//3 1443//3 1445//3
f 1444//3 1445//3 1446//3
f 1446//3 1445//3 1447//3
f 1446//3 1447//3 1448//3
f 1431//3 1449//3 1435//3
f 1435//3 1449//3 1450//3
f 1435//3 1450//3 1436//3
f 1436//3 1450//3 1288//3
f 1436//3 1288//3 1290//3
f 1333//3 1451//3 1331//3
f 1331//3 1451//3 1452//3
f 1452//3 1451//3 1453//3
f 1452//3 1453//3 1454//3
f 1454//3 1453//3 1440//3
f 1454//3 1440//3 1442//3
f 1453//3 1451//3 1433//3
f 1433//3 1451//3 1434//3
f 1250//3 1455//3 1248//3
f 1248//3 1455//3 1456//3
f 1456//3 1455//3 1457//3
f 1456//3 1457//3 1458//3
f 1458//3 1457//3 1459//3
f 1458//3 1459//3 1460//3
f 1460//3 1459//3 1461//3
f 1460//3 1461//3 1462//3
f 1462//3 1461//3 1463//3
f 1462//3 1463//3 1464//3
f 1464//3 1463//3 1465//3
f 1464//3 1465//3 1466//3
f 1466//3 1465//3 1257//3
f 1466//3 1257//3 1259//3
f 1457//3 1455//3 1467//3
f 1467//3 1455//3 1468//3
f 1467//3 1468//3 1235//3
f 1235//3 1468//3 1252//3
f 1245//3 1247//3 1469//3
f 1469//3 1247//3 1470//3
f 1469//3 1470//3 1471//3
f 1471//3 1470//3 1458//3
f 1458//3 1470//3 1456//3
f 1460//3 1462//3 1472//3
f 1472//3 1462//3 1473//3
f 1472//3 1473//3 1474//3
f 1474//3 1473//3 1475//3
f 1475//3 1473//3 1476//3
f 1475//3 1476//3 1477//3
f 1477//3 1476//3 1466//3
f 1466//3 1476//3 1464//3
f 1471//3 1472//3 1469//3
f 1469//3 1472//3 1478//3
f 1478//3 1472//3 1479//3
f 1479//3 1472//3 1474//3
f 1479//3 1474//3 1480//3
f 1480//3 1474//3 1481//3
f 1480//3 1481//3 1482//3
f 1482//3 1481//3 1483//3
f 1482//3 1483//3 1484//3
f 1484//3 1483//3 1485//3
f 1484//3 1485//3 1486//3
f 1486//3 1485//3 1487//3
f 1486//3 1487//3 1488//3
f 1488//3 1487//3 1489//3
f 1488//3 1489//3 1490//3
f 1490//3 1489//3 1491//3
f 1490//3 1491//3 1492//3
f 1492//3 1491//3 1493//3
f 1492//3 1493//3 1494//3
f 1494//3 1493//3 1265//3
f 1494//3 1265//3 1267//3
f 1495//3 1496//3 1497//3
f 1497//3 1496//3 1498//3
f 1497//3 1498//3 1499//3
f 1499//3 1498//3 1500//3
f 1499//3 1500//3 1501//3
f 1501//3 1500//3 1502//3
f 1501//3 1502//3 1503//3
f 1503//3 1502//3 1504//3
f 1503//3 1504//3 1348//3
f 1348//3 1504//3 1349//3
f 1505//3 1506//3 1495//3
f 1495//3 1506//3 1507//3
f 1495//3 1507//3 1496//3
f 1496//3 1507//3 1508//3
f 1508//3 1507//3 1509//3
f 1508//3 1509//3 1510//3
f 1510//3 1509//3 1511//3
f 1510//3 1511//3 1512//3
f 1512//3 1511//3 1513//3
f 1512//3 1513//3 1514//3
f 1514//3 1513//3 1515//3
f 1514//3 1515//3 1516//3
f 1516//3 1515//3 1517//3
f 1516//3 1517//3 1518//3
f 1518//3 1517//3 1519//3
f 1518//3 1519//3 1336//3
f 1336//3 1519//3 1338//3
f 1520//3 1521//3 1505//3
f 1505//3 1521//3 1522//3
f 1505//3 1522//3 1506//3
f 1521//3 1520//3 1523//3
f 1523//3 1520//3 1524//3
f 1523//3 1524//3 1525//3
f 1525//3 1524//3 1526//3
f 1525//3 1526//3 1365//3
f 1365//3 1526//3 1363//3
f 1357//3 1359//3 1527//3
f 1527//3 1359//3 1497//3
f 1527//3 1497//3 1499//3
f 1320//3 1350//3 1528//3
f 1528//3 1350//3 1326//3
f 1528//3 1326//3 1324//3
f 1328//3 1504//3 1330//3
f 1330//3 1504//3 1502//3
f 1348//3 1347//3 1529//3
f 1529//3 1347//3 1530//3
f 1529//3 1530//3 1501//3
f 1501//3 1503//3 1529//3
f 1531//3 1532//3 1533//3
f 1533//3 1532//3 1534//3
f 1533//3 1534//3 1535//3
f 1535//3 1534//3 1536//3
f 1536//3 1534//3 1537//3
f 1536//3 1537//3 1538//3
f 1538//3 1537//3 1539//3
f 1538//3 1539//3 1540//3
f 1540//3 1539//3 1541//3
f 1540//3 1541//3 1344//3
f 1344//3 1541//3 1342//3
f 1532//3 1531//3 1542//3
f 1542//3 1531//3 1543//3
f 1542//3 1543//3 1369//3
f 1369//3 1543//3 1544//3
f 1369//3 1544//3 1367//3
f 1507//3 1506//3 1535//3
f 1535//3 1506//3 1533//3
f 1441//3 1296//3 1443//3
f 1443//3 1296//3 1298//3
f 1294//3 1439//3 1292//3
f 1292//3 1439//3 1437//3
f 1447//3 1445//3 1545//3
f 1545//3 1445//3 1546//3
f 1545//3 1546//3 1317//3
f 1317//3 1546//3 1547//3
f 1317//3 1547//3 1303//3
f 1303//3 1547//3 1300//3
f 1303//3 1300//3 1313//3
f 1547//3 1298//3 1300//3
f 1452//3 1454//3 1548//3
f 1548//3 1454//3 1549//3
f 1548//3 1549//3 1550//3
f 1550//3 1549//3 1551//3
f 1550//3 1551//3 1552//3
f 1552//3 1551//3 1553//3
f 1552//3 1553//3 1554//3
f 1554//3 1553//3 1555//3
f 1554//3 1555//3 1556//3
f 1329//3 1548//3 1327//3
f 1327//3 1548//3 1550//3
f 1461//3 1459//3 1557//3
f 1557//3 1459//3 1558//3
f 1557//3 1558//3 1235//3
f 1235//3 1558//3 1467//3
f 1362//3 1360//3 1353//3
f 1353//3 1360//3 1356//3
f 1238//3 1559//3 1229//3
f 1229//3 1559//3 1560//3
f 1229//3 1560//3 1379//3
f 1560//3 1559//3 1561//3
f 1561//3 1559//3 1562//3
f 1561//3 1562//3 1563//3
f 1563//3 1562//3 1564//3
f 1563//3 1564//3 1565//3
f 1565//3 1564//3 1566//3
f 1565//3 1566//3 1567//3
f 1567//3 1566//3 1568//3
f 1567//3 1568//3 1569//3
f 1562//3 1239//3 1564//3
f 1564//3 1239//3 1241//3
f 1243//3 1245//3 1566//3
f 1566//3 1245//3 1570//3
f 1566//3 1570//3 1568//3
f 1545//3 1317//3 1448//3
f 1448//3 1317//3 1571//3
f 1448//3 1571//3 1446//3
f 1325//3 1552//3 1323//3
f 1323//3 1552//3 1554//3
f 1215//3 1572//3 1217//3
f 1217//3 1572//3 1573//3
f 1573//3 1572//3 1574//3
f 1573//3 1574//3 1575//3
f 1575//3 1574//3 1576//3
f 1575//3 1576//3 1577//3
f 1577//3 1576//3 1578//3
f 1577//3 1578//3 1569//3
f 1569//3 1578//3 1567//3
f 1567//3 1371//3 1565//3
f 1565//3 1371//3 1373//3
f 1286//3 1579//3 1284//3
f 1284//3 1579//3 1580//3
f 1580//3 1579//3 1581//3
f 1580//3 1581//3 1410//3
f 1410//3 1581//3 1408//3
f 1581//3 1579//3 1449//3
f 1449//3 1579//3 1450//3
f 1493//3 1491//3 1582//3
f 1582//3 1491//3 1475//3
f 1582//3 1475//3 1477//3
f 1303//3 1310//3 1306//3
f 1283//3 1583//3 1271//3
f 1271//3 1583//3 1584//3
f 1271//3 1584//3 1585//3
f 1583//3 1586//3 1584//3
f 1584//3 1586//3 1587//3
f 1587//3 1586//3 1588//3
f 1587//3 1588//3 1589//3
f 1589//3 1588//3 1590//3
f 1590//3 1588//3 1591//3
f 1590//3 1591//3 1592//3
f 1592//3 1591//3 1593//3
f 1592//3 1593//3 1594//3
f 1594//3 1593//3 1595//3
f 1594//3 1595//3 1596//3
f 1596//3 1595//3 1597//3
f 1596//3 1597//3 1598//3
f 1598//3 1597//3 1599//3
f 1599//3 1597//3 1600//3
f 1599//3 1600//3 1601//3
f 1588//3 1586//3 1410//3
f 1410//3 1586//3 1580//3
f 1589//3 1602//3 1587//3
f 1587//3 1602//3 1603//3
f 1603//3 1602//3 1269//3
f 1603//3 1269//3 1585//3
f 1585//3 1269//3 1271//3
f 1269//3 1602//3 1590//3
f 1385//3 1387//3 1383//3
f 1383//3 1387//3 1604//3
f 1383//3 1604//3 1280//3
f 1280//3 1604//3 1605//3
f 1280//3 1605//3 1281//3
f 1281//3 1605//3 1287//3
f 1281//3 1287//3 1285//3
f 1563//3 1375//3 1561//3
f 1561//3 1375//3 1377//3
f 1225//3 1378//3 1223//3
f 1223//3 1378//3 1376//3
f 1557//3 1235//3 1606//3
f 1606//3 1235//3 1256//3
f 1606//3 1256//3 1463//3
f 1463//3 1256//3 1465//3
f 1477//3 1261//3 1582//3
f 1582//3 1261//3 1263//3
f 1492//3 1494//3 1607//3
f 1607//3 1494//3 1608//3
f 1607//3 1608//3 1592//3
f 1592//3 1269//3 1590//3
f 1354//3 1609//3 1347//3
f 1347//3 1609//3 1610//3
f 1347//3 1610//3 1530//3
f 1610//3 1609//3 1527//3
f 1527//3 1609//3 1357//3
f 1488//3 1490//3 1611//3
f 1611//3 1490//3 1612//3
f 1611//3 1612//3 1596//3
f 1594//3 1607//3 1592//3
f 1409//3 1411//3 1613//3
f 1613//3 1411//3 1614//3
f 1613//3 1614//3 1615//3
f 1613//3 1615//3 1616//3
f 1616//3 1615//3 1617//3
f 1616//3 1617//3 1618//3
f 1618//3 1617//3 1619//3
f 1618//3 1619//3 1620//3
f 1620//3 1619//3 1595//3
f 1620//3 1595//3 1593//3
f 1599//3 1601//3 1621//3
f 1621//3 1601//3 1622//3
f 1621//3 1622//3 1415//3
f 1415//3 1622//3 1413//3
f 1293//3 1388//3 1295//3
f 1295//3 1388//3 1309//3
f 1212//3 1214//3 1623//3
f 1623//3 1214//3 1624//3
f 1623//3 1624//3 1362//3
f 1362//3 1624//3 1364//3
f 1368//3 1366//3 1218//3
f 1218//3 1366//3 1625//3
f 1218//3 1625//3 1216//3
f 1332//3 1500//3 1334//3
f 1334//3 1500//3 1498//3
f 1626//3 1317//3 1556//3
f 1556//3 1317//3 1627//3
f 1556//3 1627//3 1554//3
f 1555//3 1553//3 1626//3
f 1626//3 1553//3 1628//3
f 1626//3 1628//3 1317//3
f 1317//3 1628//3 1571//3
f 1446//3 1551//3 1444//3
f 1444//3 1551//3 1549//3
f 1249//3 1242//3 1251//3
f 1251//3 1242//3 1240//3
f 1319//3 1627//3 1317//3
f 1438//3 1433//3 1432//3
f 1423//3 1428//3 1342//3
f 1342//3 1428//3 1340//3
f 1528//3 1322//3 1320//3
f 1598//3 1611//3 1596//3
f 1390//3 1449//3 1431//3
f 1629//27 1630//27 1631//27
f 1631//27 1630//27 1632//27
f 1632//27 1630//27 1633//27
f 1632//27 1633//27 1634//27
f 1634//27 1633//27 1635//27
f 1634//27 1635//27 1636//27
f 1636//27 1635//27 1637//27
f 1636//27 1637//27 1638//27
f 1638//27 1637//27 1639//27
f 1638//27 1639//27 1640//27
f 1640//27 1639//27 1641//27
f 1640//27 1641//27 1642//27
f 1633//27 1630//27 1643//27
f 1643//27 1630//27 1644//27
f 1643//27 1644//27 1645//27
f 1645//27 1644//27 1646//27
f 1645//27 1646//27 1647//27
f 1647//27 1646//27 1648//27
f 1647//27 1648//27 1649//27
f 1649//27 1648//27 1650//27
f 1649//27 1650//27 1651//27
f 1651//27 1650//27 1652//27
f 1651//27 1652//27 1653//27
f 1653//27 1652//27 1654//27
f 1644//27 1655//27 1646//27
f 1646//27 1655//27 1656//27
f 1648//27 1657//27 1650//27
f 1650//27 1657//27 1658//27
f 1659//27 1660//27 1653//27
f 1653//27 1660//27 1661//27
f 1653//27 1661//27 1662//27
f 1662//27 1661//27 1663//27
f 1663//27 1661//27 1664//27
f 1663//27 1664//27 1665//27
f 1665//27 1664//27 1666//27
f 1665//27 1666//27 1667//27
f 1667//27 1666//27 1668//27
f 1667//27 1668//27 1669//27
f 1669//27 1668//27 1670//27
f 1669//27 1670//27 1671//27
f 1671//27 1670//27 1672//27
f 1672//27 1670//27 1673//27
f 1672//27 1673//27 1674//27
f 1674//27 1673//27 1675//27
f 1674//27 1675//27 1676//27
f 1676//27 1675//27 1660//27
f 1676//27 1660//27 1659//27
f 1677//27 1678//27 1659//27
f 1659//27 1678//27 1679//27
f 1659//27 1679//27 1680//27
f 1679//27 1678//27 1681//27
f 1681//27 1678//27 1682//27
f 1681//27 1682//27 1683//27
f 1683//27 1682//27 1684//27
f 1683//27 1684//27 1685//27
f 1685//27 1684//27 1686//27
f 1685//27 1686//27 1687//27
f 1687//27 1686//27 1688//27
f 1687//27 1688//27 1689//27
f 1689//27 1688//27 1690//27
f 1689//27 1690//27 1691//27
f 1691//27 1690//27 1692//27
f 1691//27 1692//27 1693//27
f 1693//27 1692//27 1694//27
f 1693//27 1694//27 1695//27
f 1695//27 1694//27 1696//27
f 1696//27 1694//27 1697//27
f 1682//27 1698//27 1684//27
f 1684//27 1698//27 1699//27
f 1686//27 1700//27 1688//27
f 1688//27 1700//27 1701//27
f 1690//27 1702//27 1692//27
f 1692//27 1702//27 1703//27
f 1704//27 1705//27 1695//27
f 1695//27 1705//27 1706//27
f 1695//27 1706//27 1707//27
f 1707//27 1706//27 1708//27
f 1708//27 1706//27 1709//27
f 1708//27 1709//27 1710//27
f 1710//27 1709//27 1711//27
f 1710//27 1711//27 1712//27
f 1712//27 1711//27 1713//27
f 1712//27 1713//27 1714//27
f 1714//27 1713//27 1715//27
f 1714//27 1715//27 1716//27
f 1716//27 1715//27 1717//27
f 1716//27 1717//27 1718//27
f 1718//27 1717//27 1719//27
f 1718//27 1719//27 1720//27
f 1720//27 1719//27 1721//27
f 1720//27 1721//27 1722//27
f 1722//27 1721//27 1723//27
f 1722//27 1723//27 1724//27
f 1725//27 1726//27 1704//27
f 1704//27 1726//27 1727//27
f 1704//27 1727//27 1728//27
f 1728//27 1727//27 1729//27
f 1729//27 1727//27 1730//27
f 1729//27 1730//27 1731//27
f 1731//27 1730//27 1732//27
f 1731//27 1732//27 1733//27
f 1733//27 1732//27 1734//27
f 1733//27 1734//27 1735//27
f 1735//27 1734//27 1727//27
f 1735//27 1727//27 1736//27
f 1736//27 1727//27 1737//27
f 1736//27 1737//27 1721//27
f 1721//27 1737//27 1723//27
f 1725//27 1738//27 1726//27
f 1727//27 1726//27 1739//27
f 1739//27 1726//27 658//27
f 1739//27 658//27 515//27
f 515//27 658//27 659//27
f 1739//27 515//27 1740//27
f 1740//27 515//27 471//27
f 1740//27 471//27 650//27
f 650//27 471//27 473//27
f 650//27 473//27 652//27
f 1740//27 650//27 1741//27
f 1741//27 650//27 1742//27
f 1741//27 1742//27 1743//27
f 1743//27 1742//27 1744//27
f 1743//27 1744//27 1745//27
f 1745//27 1744//27 1746//27
f 1745//27 1746//27 1747//27
f 1747//27 1746//27 1748//27
f 1747//27 1748//27 1749//27
f 1749//27 1748//27 1750//27
f 1749//27 1750//27 1751//27
f 1751//27 1750//27 1752//27
f 1751//27 1752//27 1753//27
f 1753//27 1752//27 1754//27
f 1753//27 1754//27 1755//27
f 1755//27 1754//27 1756//27
f 1755//27 1756//27 1757//27
f 1757//27 1756//27 1758//27
f 1757//27 1758//27 1759//27
f 1759//27 1758//27 1760//27
f 1759//27 1760//27 1761//27
f 1761//27 1760//27 1762//27
f 1761//27 1762//27 1763//27
f 1763//27 1762//27 1764//27
f 1764//27 1762//27 1765//27
f 1764//27 1765//27 1766//27
f 1766//27 1765//27 1767//27
f 1766//27 1767//27 1768//27
f 1742//27 1769//27 1744//27
f 1744//27 1769//27 1770//27
f 1771//27 1772//27 1744//27
f 1744//27 1772//27 1773//27
f 1744//27 1773//27 1774//27
f 1775//27 1776//27 1771//27
f 1771//27 1776//27 1777//27
f 1771//27 1777//27 1778//27
f 1778//27 1777//27 1779//27
f 1779//27 1777//27 1780//27
f 1779//27 1780//27 1781//27
f 1781//27 1780//27 1782//27
f 1781//27 1782//27 1783//27
f 1783//27 1782//27 1784//27
f 1783//27 1784//27 1785//27
f 1785//27 1784//27 1786//27
f 1785//27 1786//27 1787//27
f 1787//27 1786//27 1788//27
f 1787//27 1788//27 1789//27
f 1789//27 1788//27 1790//27
f 1789//27 1790//27 1791//27
f 1791//27 1790//27 1792//27
f 1791//27 1792//27 1793//27
f 1775//27 1794//27 1776//27
f 1777//27 1776//27 1634//27
f 1634//27 1776//27 1632//27
f 1637//27 1635//27 1795//27
f 1795//27 1635//27 1796//27
f 1795//27 1796//27 1797//27
f 1797//27 1796//27 1798//27
f 1797//27 1798//27 1799//27
f 1799//27 1798//27 1800//27
f 1799//27 1800//27 1801//27
f 1801//27 1800//27 1802//27
f 1801//27 1802//27 1803//27
f 1803//27 1802//27 1804//27
f 1803//27 1804//27 1653//27
f 1653//27 1804//27 1651//27
f 1796//27 1643//27 1798//27
f 1798//27 1643//27 1645//27
f 1728//27 1805//27 1704//27
f 1704//27 1805//27 1806//27
f 1704//27 1806//27 1807//27
f 1805//27 1808//27 1806//27
f 1806//27 1808//27 1809//27
f 1809//27 1808//27 1810//27
f 1809//27 1810//27 1811//27
f 1811//27 1810//27 1715//27
f 1811//27 1715//27 1713//27
f 1810//27 1808//27 1812//27
f 1812//27 1808//27 1731//27
f 1812//27 1731//27 1733//27
f 1664//27 1675//27 1666//27
f 1666//27 1675//27 1673//27
f 1669//27 1671//27 1813//27
f 1813//27 1671//27 1814//27
f 1813//27 1814//27 1815//27
f 1815//27 1814//27 1816//27
f 1816//27 1814//27 1817//27
f 1816//27 1817//27 1818//27
f 1818//27 1817//27 1819//27
f 1818//27 1819//27 1820//27
f 1820//27 1819//27 1821//27
f 1820//27 1821//27 1659//27
f 1659//27 1821//27 1676//27
f 1817//27 1672//27 1819//27
f 1819//27 1672//27 1674//27
f 1763//27 1822//27 1761//27
f 1761//27 1822//27 1823//27
f 1761//27 1823//27 1824//27
f 1824//27 1823//27 1825//27
f 1824//27 1825//27 1826//27
f 1826//27 1825//27 1827//27
f 1827//27 1825//27 1828//27
f 1827//27 1828//27 1829//27
f 1829//27 1828//27 1830//27
f 1829//27 1830//27 1831//27
f 1831//27 1830//27 1822//27
f 1822//27 1830//27 1823//27
f 1829//27 1831//27 1766//27
f 1766//27 1831//27 1764//27
f 1757//27 1832//27 1755//27
f 1755//27 1832//27 1833//27
f 1833//27 1832//27 1834//27
f 1833//27 1834//27 1835//27
f 1835//27 1834//27 1836//27
f 1835//27 1836//27 1837//27
f 1837//27 1836//27 1838//27
f 1837//27 1838//27 1839//27
f 1839//27 1838//27 1720//27
f 1839//27 1720//27 1722//27
f 1834//27 1832//27 1840//27
f 1840//27 1832//27 1841//27
f 1840//27 1841//27 1842//27
f 1842//27 1841//27 1843//27
f 1842//27 1843//27 1844//27
f 1844//27 1843//27 1824//27
f 1844//27 1824//27 1845//27
f 1845//27 1824//27 1826//27
f 1845//27 1826//27 1846//27
f 1841//27 1759//27 1843//27
f 1843//27 1759//27 1761//27
f 1847//27 1848//27 1849//27
f 1849//27 1848//27 1850//27
f 1849//27 1850//27 1851//27
f 1851//27 1850//27 1852//27
f 1851//27 1852//27 1853//27
f 1853//27 1852//27 1854//27
f 1854//27 1852//27 1855//27
f 1854//27 1855//27 1856//27
f 1856//27 1855//27 1857//27
f 1856//27 1857//27 1858//27
f 1858//27 1857//27 1859//27
f 1859//27 1857//27 1860//27
f 1859//27 1860//27 1861//27
f 1861//27 1860//27 1862//27
f 1862//27 1860//27 1863//27
f 1862//27 1863//27 1864//27
f 1864//27 1863//27 1865//27
f 1864//27 1865//27 1866//27
f 1866//27 1865//27 1867//27
f 1866//27 1867//27 1868//27
f 1868//27 1867//27 1869//27
f 1868//27 1869//27 1870//27
f 1870//27 1869//27 1871//27
f 1870//27 1871//27 1872//27
f 1872//27 1871//27 1873//27
f 1872//27 1873//27 1813//27
f 1874//27 1875//27 1847//27
f 1847//27 1875//27 1876//27
f 1847//27 1876//27 1848//27
f 1877//27 1878//27 1874//27
f 1874//27 1878//27 1879//27
f 1874//27 1879//27 1880//27
f 1880//27 1879//27 1881//27
f 1880//27 1881//27 1882//27
f 1877//27 1883//27 1878//27
f 1878//27 1883//27 1884//27
f 1884//27 1883//27 1885//27
f 1884//27 1885//27 1886//27
f 1886//27 1885//27 1887//27
f 1886//27 1887//27 1888//27
f 1888//27 1887//27 1889//27
f 1888//27 1889//27 1890//27
f 1890//27 1889//27 1891//27
f 1890//27 1891//27 1892//27
f 1892//27 1891//27 1893//27
f 1892//27 1893//27 1894//27
f 1894//27 1893//27 1895//27
f 1895//27 1893//27 1896//27
f 1895//27 1896//27 1897//27
f 1897//27 1896//27 1898//27
f 1897//27 1898//27 1899//27
f 1899//27 1898//27 1900//27
f 1899//27 1900//27 1901//27
f 1901//27 1900//27 1902//27
f 1901//27 1902//27 1903//27
f 1903//27 1902//27 1904//27
f 1903//27 1904//27 1905//27
f 1905//27 1904//27 1906//27
f 1905//27 1906//27 1680//27
f 1680//27 1906//27 1907//27
f 1680//27 1907//27 1659//27
f 1659//27 1907//27 1908//27
f 1659//27 1908//27 1909//27
f 1909//27 1908//27 1910//27
f 1910//27 1908//27 1911//27
f 1910//27 1911//27 1912//27
f 1912//27 1911//27 1913//27
f 1912//27 1913//27 1872//27
f 1872//27 1913//27 1914//27
f 1872//27 1914//27 1870//27
f 1870//27 1914//27 1900//27
f 1900//27 1914//27 1902//27
f 1891//27 1889//27 1856//27
f 1856//27 1889//27 1854//27
f 1752//27 1915//27 1754//27
f 1754//27 1915//27 1916//27
f 1916//27 1915//27 1917//27
f 1916//27 1917//27 1918//27
f 1918//27 1917//27 1919//27
f 1918//27 1919//27 1920//27
f 1920//27 1919//27 1771//27
f 1920//27 1771//27 1921//27
f 1921//27 1771//27 1922//27
f 1921//27 1922//27 1923//27
f 1923//27 1922//27 1781//27
f 1923//27 1781//27 1783//27
f 1917//27 1915//27 1772//27
f 1772//27 1915//27 1773//27
f 1744//27 1774//27 1924//27
f 1924//27 1774//27 1750//27
f 1924//27 1750//27 1748//27
f 1924//27 1746//27 1744//27
f 1916//27 1918//27 1925//27
f 1925//27 1918//27 1926//27
f 1925//27 1926//27 1927//27
f 1927//27 1926//27 1928//27
f 1927//27 1928//27 1929//27
f 1929//27 1928//27 1930//27
f 1929//27 1930//27 1931//27
f 1931//27 1930//27 1932//27
f 1931//27 1932//27 1933//27
f 1933//27 1932//27 1934//27
f 1933//27 1934//27 1935//27
f 1935//27 1934//27 1936//27
f 1936//27 1934//27 1937//27
f 1936//27 1937//27 1938//27
f 1938//27 1937//27 1939//27
f 1938//27 1939//27 1793//27
f 1793//27 1939//27 1940//27
f 1793//27 1940//27 1791//27
f 1926//27 1923//27 1928//27
f 1928//27 1923//27 1783//27
f 1941//27 1942//27 1943//27
f 1943//27 1942//27 1944//27
f 1943//27 1944//27 1945//27
f 1945//27 1944//27 1876//27
f 1945//27 1876//27 1875//27
f 1942//27 1941//27 1946//27
f 1946//27 1941//27 1947//27
f 1946//27 1947//27 1829//27
f 1829//27 1947//27 1948//27
f 1829//27 1948//27 1827//27
f 1845//27 1846//27 1949//27
f 1949//27 1846//27 1950//27
f 1949//27 1950//27 1951//27
f 1951//27 1950//27 1952//27
f 1951//27 1952//27 1953//27
f 1953//27 1952//27 1954//27
f 1953//27 1954//27 1955//27
f 1955//27 1954//27 1956//27
f 1955//27 1956//27 1957//27
f 1957//27 1956//27 1958//27
f 1957//27 1958//27 1882//27
f 1882//27 1958//27 1880//27
f 1880//27 1875//27 1874//27
f 1714//27 1959//27 1712//27
f 1712//27 1959//27 1960//27
f 1960//27 1959//27 1961//27
f 1960//27 1961//27 1962//27
f 1962//27 1961//27 1844//27
f 1962//27 1844//27 1845//27
f 1961//27 1959//27 1963//27
f 1963//27 1959//27 1964//27
f 1963//27 1964//27 1965//27
f 1965//27 1964//27 1966//27
f 1965//27 1966//27 1836//27
f 1836//27 1966//27 1838//27
f 1964//27 1716//27 1966//27
f 1966//27 1716//27 1718//27
f 1710//27 1967//27 1708//27
f 1708//27 1967//27 1968//27
f 1968//27 1967//27 1969//27
f 1968//27 1969//27 1970//27
f 1970//27 1969//27 1881//27
f 1970//27 1881//27 1879//27
f 1969//27 1967//27 1962//27
f 1962//27 1967//27 1960//27
f 1968//27 1970//27 1971//27
f 1971//27 1970//27 1972//27
f 1971//27 1972//27 1973//27
f 1973//27 1972//27 1974//27
f 1973//27 1974//27 1975//27
f 1707//27 1976//27 1695//27
f 1695//27 1976//27 1977//27
f 1695//27 1977//27 1978//27
f 1976//27 1971//27 1977//27
f 1977//27 1971//27 1973//27
f 1861//27 1898//27 1859//27
f 1859//27 1898//27 1896//27
f 1727//27 1734//27 1730//27
f 1743//27 1979//27 1741//27
f 1741//27 1979//27 1980//27
f 1741//27 1980//27 1981//27
f 1979//27 1982//27 1980//27
f 1980//27 1982//27 1983//27
f 1983//27 1982//27 1984//27
f 1983//27 1984//27 1981//27
f 1981//27 1984//27 1985//27
f 1981//27 1985//27 1741//27
f 1741//27 1985//27 1986//27
f 1741//27 1986//27 1987//27
f 1987//27 1986//27 1988//27
f 1987//27 1988//27 1989//27
f 1989//27 1988//27 1990//27
f 1989//27 1990//27 1991//27
f 1991//27 1990//27 1992//27
f 1991//27 1992//27 1741//27
f 1741//27 1992//27 1993//27
f 1741//27 1993//27 1727//27
f 1727//27 1993//27 1724//27
f 1727//27 1724//27 1737//27
f 1984//27 1982//27 1994//27
f 1994//27 1982//27 1747//27
f 1994//27 1747//27 1749//27
f 1930//27 1995//27 1932//27
f 1932//27 1995//27 1996//27
f 1996//27 1995//27 1997//27
f 1997//27 1995//27 1998//27
f 1997//27 1998//27 1999//27
f 1999//27 1998//27 2000//27
f 1999//27 2000//27 2001//27
f 2001//27 2000//27 2002//27
f 2001//27 2002//27 1789//27
f 1789//27 2002//27 1787//27
f 1753//27 2003//27 1751//27
f 1751//27 2003//27 2004//27
f 2004//27 2003//27 2005//27
f 2004//27 2005//27 2006//27
f 2006//27 2005//27 2007//27
f 2006//27 2007//27 1988//27
f 1988//27 2007//27 1990//27
f 2005//27 2003//27 1835//27
f 1835//27 2003//27 1833//27
f 1984//27 1994//27 2006//27
f 2006//27 1994//27 2004//27
f 1837//27 1839//27 2007//27
f 2007//27 1839//27 1990//27
f 1993//27 1722//27 1724//27
f 1741//27 1987//27 1991//27
f 1778//27 1922//27 1771//27
f 1965//27 1840//27 1963//27
f 1963//27 1840//27 1842//27
f 1815//27 1872//27 1813//27
f 1912//27 1816//27 1910//27
f 1910//27 1816//27 1818//27
f 1909//27 1820//27 1659//27
f 1973//27 1975//27 2008//27
f 2008//27 1975//27 1693//27
f 2008//27 1693//27 1978//27
f 1978//27 1693//27 1695//27
f 1797//27 2009//27 1795//27
f 1795//27 2009//27 2010//27
f 2010//27 2009//27 2011//27
f 2010//27 2011//27 2012//27
f 2012//27 2011//27 2013//27
f 2013//27 2011//27 1669//27
f 1669//27 2011//27 1667//27
f 2011//27 2009//27 2014//27
f 2014//27 2009//27 2015//27
f 2014//27 2015//27 2016//27
f 2016//27 2015//27 2017//27
f 2016//27 2017//27 2018//27
f 2018//27 2017//27 2019//27
f 2018//27 2019//27 1653//27
f 1653//27 2019//27 1803//27
f 2015//27 1799//27 2017//27
f 2017//27 1799//27 1801//27
f 1639//27 2020//27 1641//27
f 1641//27 2020//27 2021//27
f 2021//27 2020//27 2022//27
f 2021//27 2022//27 2023//27
f 2023//27 2022//27 2024//27
f 2023//27 2024//27 2025//27
f 2025//27 2024//27 2026//27
f 2025//27 2026//27 2027//27
f 2027//27 2026//27 2010//27
f 2027//27 2010//27 2012//27
f 1636//27 1638//27 2028//27
f 2028//27 1638//27 2029//27
f 2028//27 2029//27 1786//27
f 1786//27 2029//27 1788//27
f 1792//27 1790//27 1642//27
f 1642//27 1790//27 2030//27
f 1642//27 2030//27 1640//27
f 1649//27 1802//27 1647//27
f 1647//27 1802//27 1800//27
f 1904//27 1913//27 1906//27
f 1906//27 1913//27 1911//27
f 1905//27 1681//27 1903//27
f 1903//27 1681//27 1683//27
f 1901//27 1685//27 1899//27
f 1899//27 1685//27 1687//27
f 1897//27 1689//27 1895//27
f 1895//27 1689//27 1691//27
f 1693//27 2031//27 1892//27
f 1892//27 2031//27 2032//27
f 1892//27 2032//27 1890//27
f 1809//27 1811//27 1807//27
f 1807//27 1811//27 2033//27
f 1807//27 2033//27 1704//27
f 1704//27 2033//27 2034//27
f 1704//27 2034//27 1705//27
f 1705//27 2034//27 1711//27
f 1705//27 1711//27 1709//27
f 1693//27 1975//27 2031//27
f 2032//27 2031//27 1972//27
f 1972//27 2031//27 1974//27
f 1662//27 2018//27 1653//27
f 2016//27 1663//27 2014//27
f 2014//27 1663//27 1665//27
f 1786//27 1784//27 1777//27
f 1777//27 1784//27 1780//27
f 1733//27 1719//27 1812//27
f 1812//27 1719//27 1717//27
f 1929//27 1931//27 2035//27
f 2035//27 1931//27 2036//27
f 2035//27 2036//27 2037//27
f 2037//27 2036//27 2038//27
f 2037//27 2038//27 2039//27
f 2039//27 2038//27 2040//27
f 2039//27 2040//27 2041//27
f 2041//27 2040//27 2042//27
f 2041//27 2042//27 2043//27
f 2043//27 2042//27 2044//27
f 2043//27 2044//27 2045//27
f 2045//27 2044//27 2046//27
f 2045//27 2046//27 1760//27
f 1760//27 2046//27 1762//27
f 1927//27 1758//27 1925//27
f 1925//27 1758//27 1756//27
f 1766//27 1768//27 2047//27
f 2047//27 1768//27 2048//27
f 2047//27 2048//27 2049//27
f 2049//27 2048//27 2050//27
f 2049//27 2050//27 2051//27
f 2051//27 2050//27 2052//27
f 2051//27 2052//27 1935//27
f 1935//27 2052//27 1933//27
f 1919//27 1772//27 1771//27
f 2053//193 2054//193 2055//193
f 2055//193 2054//193 2056//193
f 2055//193 2056//193 2057//193
f 2057//193 2056//193 2058//193
f 2057//193 2058//193 2059//193
f 2060//193 2061//193 2053//193
f 2053//193 2061//193 2062//193
f 2053//193 2062//193 2054//193
f 2054//193 2062//193 2063//193
f 2054//193 2063//193 2064//193
f 2064//193 2063//193 2065//193
f 2064//193 2065//193 2066//193
f 2066//193 2065//193 2067//193
f 2066//193 2067//193 2068//193
f 2068//193 2067//193 2069//193
f 2068//193 2069//193 2070//193
f 2060//193 2071//193 2061//193
f 2062//193 2061//193 2072//193
f 2072//193 2061//193 2073//193
f 2072//193 2073//193 2074//193
f 2074//193 2073//193 2075//193
f 2074//193 2075//193 2076//193
f 2076//193 2075//193 2077//193
f 2076//193 2077//193 2078//193
f 2078//193 2077//193 2079//193
f 2078//193 2079//193 2080//193
f 2080//193 2079//193 2081//193
f 2080//193 2081//193 2082//193
f 2082//193 2081//193 2083//193
f 2073//193 2084//193 2075//193
f 2075//193 2084//193 2085//193
f 2077//193 2086//193 2079//193
f 2079//193 2086//193 2087//193
f 2088//193 2089//193 2082//193
f 2082//193 2089//193 2090//193
f 2082//193 2090//193 2091//193
f 2091//193 2090//193 2092//193
f 2092//193 2090//193 2093//193
f 2092//193 2093//193 2094//193
f 2094//193 2093//193 2095//193
f 2094//193 2095//193 2096//193
f 2096//193 2095//193 2097//193
f 2096//193 2097//193 2098//193
f 2098//193 2097//193 2099//193
f 2098//193 2099//193 2100//193
f 2100//193 2099//193 2101//193
f 2101//193 2099//193 2102//193
f 2101//193 2102//193 2103//193
f 2103//193 2102//193 2104//193
f 2103//193 2104//193 2105//193
f 2105//193 2104//193 2089//193
f 2105//193 2089//193 2088//193
f 2106//193 2107//193 2088//193
f 2088//193 2107//193 2108//193
f 2088//193 2108//193 2109//193
f 2108//193 2107//193 2110//193
f 2110//193 2107//193 2111//193
f 2110//193 2111//193 2112//193
f 2112//193 2111//193 2113//193
f 2112//193 2113//193 2114//193
f 2114//193 2113//193 2115//193
f 2114//193 2115//193 2116//193
f 2116//193 2115//193 2117//193
f 2116//193 2117//193 2118//193
f 2118//193 2117//193 2119//193
f 2118//193 2119//193 2120//193
f 2120//193 2119//193 2121//193
f 2120//193 2121//193 2122//193
f 2122//193 2121//193 2123//193
f 2122//193 2123//193 2124//193
f 2124//193 2123//193 2125//193
f 2125//193 2123//193 2126//193
f 2111//193 2127//193 2113//193
f 2113//193 2127//193 2128//193
f 2115//193 2129//193 2117//193
f 2117//193 2129//193 2130//193
f 2119//193 2131//193 2121//193
f 2121//193 2131//193 2132//193
f 2133//193 2134//193 2124//193
f 2124//193 2134//193 2135//193
f 2124//193 2135//193 2136//193
f 2136//193 2135//193 2137//193
f 2137//193 2135//193 2138//193
f 2137//193 2138//193 2139//193
f 2139//193 2138//193 2140//193
f 2139//193 2140//193 2141//193
f 2141//193 2140//193 2142//193
f 2141//193 2142//193 2143//193
f 2143//193 2142//193 2144//193
f 2143//193 2144//193 2145//193
f 2145//193 2144//193 2146//193
f 2145//193 2146//193 2147//193
f 2147//193 2146//193 2148//193
f 2147//193 2148//193 2149//193
f 2149//193 2148//193 2150//193
f 2149//193 2150//193 2151//193
f 2151//193 2150//193 2152//193
f 2151//193 2152//193 2153//193
f 2154//193 2155//193 2133//193
f 2133//193 2155//193 2156//193
f 2133//193 2156//193 2157//193
f 2157//193 2156//193 2158//193
f 2158//193 2156//193 2159//193
f 2158//193 2159//193 2160//193
f 2160//193 2159//193 2161//193
f 2160//193 2161//193 2162//193
f 2162//193 2161//193 2163//193
f 2162//193 2163//193 2164//193
f 2164//193 2163//193 2156//193
f 2164//193 2156//193 2165//193
f 2165//193 2156//193 2166//193
f 2165//193 2166//193 2150//193
f 2150//193 2166//193 2152//193
f 2154//193 2167//193 2155//193
f 2156//193 2155//193 2168//193
f 2168//193 2155//193 647//193
f 2168//193 647//193 542//193
f 542//193 647//193 644//193
f 2168//193 542//193 2169//193
f 2169//193 542//193 457//193
f 2169//193 457//193 636//193
f 636//193 457//193 459//193
f 636//193 459//193 638//193
f 2169//193 636//193 2170//193
f 2170//193 636//193 2171//193
f 2170//193 2171//193 2172//193
f 2172//193 2171//193 2173//193
f 2172//193 2173//193 2174//193
f 2174//193 2173//193 2175//193
f 2174//193 2175//193 2176//193
f 2176//193 2175//193 2177//193
f 2176//193 2177//193 2178//193
f 2178//193 2177//193 2179//193
f 2178//193 2179//193 2180//193
f 2180//193 2179//193 2181//193
f 2180//193 2181//193 2182//193
f 2182//193 2181//193 2183//193
f 2182//193 2183//193 2184//193
f 2184//193 2183//193 2185//193
f 2184//193 2185//193 2186//193
f 2186//193 2185//193 2187//193
f 2186//193 2187//193 2188//193
f 2188//193 2187//193 2189//193
f 2188//193 2189//193 2190//193
f 2190//193 2189//193 2191//193
f 2190//193 2191//193 2192//193
f 2192//193 2191//193 2193//193
f 2193//193 2191//193 2194//193
f 2193//193 2194//193 2195//193
f 2195//193 2194//193 2196//193
f 2195//193 2196//193 2197//193
f 2171//193 2198//193 2173//193
f 2173//193 2198//193 2199//193
f 2057//193 2200//193 2173//193
f 2173//193 2200//193 2201//193
f 2173//193 2201//193 2202//193
f 2057//193 2203//193 2055//193
f 2055//193 2203//193 2204//193
f 2205//193 2206//193 2207//193
f 2207//193 2206//193 2208//193
f 2207//193 2208//193 2056//193
f 2056//193 2208//193 2058//193
f 2206//193 2205//193 2209//193
f 2209//193 2205//193 2210//193
f 2209//193 2210//193 2211//193
f 2211//193 2210//193 2212//193
f 2211//193 2212//193 2213//193
f 2213//193 2212//193 2214//193
f 2213//193 2214//193 2215//193
f 2215//193 2214//193 2216//193
f 2215//193 2216//193 2217//193
f 2217//193 2216//193 2218//193
f 2217//193 2218//193 2219//193
f 2212//193 2210//193 2056//193
f 2056//193 2210//193 2207//193
f 2074//193 2220//193 2072//193
f 2072//193 2220//193 2221//193
f 2221//193 2220//193 2222//193
f 2221//193 2222//193 2223//193
f 2223//193 2222//193 2224//193
f 2223//193 2224//193 2225//193
f 2225//193 2224//193 2226//193
f 2225//193 2226//193 2227//193
f 2227//193 2226//193 2228//193
f 2228//193 2226//193 2098//193
f 2098//193 2226//193 2096//193
f 2222//193 2220//193 2229//193
f 2229//193 2220//193 2230//193
f 2229//193 2230//193 2231//193
f 2231//193 2230//193 2232//193
f 2231//193 2232//193 2233//193
f 2233//193 2232//193 2234//193
f 2233//193 2234//193 2082//193
f 2082//193 2234//193 2080//193
f 2230//193 2076//193 2232//193
f 2232//193 2076//193 2078//193
f 2235//193 2236//193 2237//193
f 2237//193 2236//193 2238//193
f 2237//193 2238//193 2239//193
f 2239//193 2238//193 2240//193
f 2239//193 2240//193 2241//193
f 2241//193 2240//193 2242//193
f 2241//193 2242//193 2243//193
f 2243//193 2242//193 2244//193
f 2244//193 2242//193 2245//193
f 2244//193 2245//193 2246//193
f 2246//193 2245//193 2247//193
f 2246//193 2247//193 2219//193
f 2219//193 2247//193 2248//193
f 2219//193 2248//193 2217//193
f 2187//193 2249//193 2235//193
f 2235//193 2249//193 2250//193
f 2235//193 2250//193 2236//193
f 2236//193 2250//193 2251//193
f 2236//193 2251//193 2209//193
f 2209//193 2251//193 2206//193
f 2191//193 2189//193 2252//193
f 2252//193 2189//193 2253//193
f 2252//193 2253//193 2254//193
f 2254//193 2253//193 2255//193
f 2254//193 2255//193 2256//193
f 2256//193 2255//193 2257//193
f 2256//193 2257//193 2258//193
f 2258//193 2257//193 2259//193
f 2258//193 2259//193 2260//193
f 2260//193 2259//193 2261//193
f 2260//193 2261//193 2262//193
f 2262//193 2261//193 2263//193
f 2262//193 2263//193 2239//193
f 2239//193 2263//193 2237//193
f 2264//193 2265//193 2266//193
f 2266//193 2265//193 2267//193
f 2266//193 2267//193 2268//193
f 2268//193 2267//193 2269//193
f 2268//193 2269//193 2270//193
f 2271//193 2272//193 2264//193
f 2264//193 2272//193 2273//193
f 2264//193 2273//193 2265//193
f 2265//193 2273//193 2188//193
f 2265//193 2188//193 2190//193
f 2274//193 2275//193 2271//193
f 2271//193 2275//193 2276//193
f 2271//193 2276//193 2277//193
f 2277//193 2276//193 2278//193
f 2277//193 2278//193 2279//193
f 2279//193 2278//193 2280//193
f 2279//193 2280//193 2281//193
f 2281//193 2280//193 2282//193
f 2281//193 2282//193 2283//193
f 2283//193 2282//193 2284//193
f 2283//193 2284//193 2285//193
f 2285//193 2284//193 2286//193
f 2285//193 2286//193 2287//193
f 2266//193 2288//193 2274//193
f 2274//193 2288//193 2289//193
f 2274//193 2289//193 2275//193
f 2275//193 2289//193 2141//193
f 2275//193 2141//193 2143//193
f 2290//193 2291//193 2292//193
f 2292//193 2291//193 2293//193
f 2292//193 2293//193 2294//193
f 2294//193 2293//193 2295//193
f 2294//193 2295//193 2296//193
f 2296//193 2295//193 2297//193
f 2296//193 2297//193 2298//193
f 2298//193 2297//193 2299//193
f 2298//193 2299//193 2300//193
f 2300//193 2299//193 2301//193
f 2300//193 2301//193 2088//193
f 2088//193 2301//193 2105//193
f 2295//193 2293//193 2100//193
f 2100//193 2293//193 2098//193
f 2227//193 2302//193 2225//193
f 2225//193 2302//193 2303//193
f 2303//193 2302//193 2304//193
f 2303//193 2304//193 2305//193
f 2305//193 2304//193 2306//193
f 2305//193 2306//193 2307//193
f 2307//193 2306//193 2308//193
f 2307//193 2308//193 2309//193
f 2309//193 2308//193 2069//193
f 2309//193 2069//193 2067//193
f 2218//193 2216//193 2070//193
f 2070//193 2216//193 2310//193
f 2070//193 2310//193 2068//193
f 2241//193 2243//193 2311//193
f 2311//193 2243//193 2312//193
f 2311//193 2312//193 2313//193
f 2313//193 2312//193 2314//193
f 2313//193 2314//193 2315//193
f 2315//193 2314//193 2316//193
f 2315//193 2316//193 2197//193
f 2197//193 2316//193 2195//193
f 2193//193 2195//193 2317//193
f 2317//193 2195//193 2318//193
f 2317//193 2318//193 2319//193
f 2319//193 2318//193 2320//193
f 2320//193 2318//193 2321//193
f 2320//193 2321//193 2322//193
f 2322//193 2321//193 2269//193
f 2322//193 2269//193 2267//193
f 2323//193 2324//193 2318//193
f 2318//193 2324//193 2325//193
f 2318//193 2325//193 2321//193
f 2324//193 2323//193 2326//193
f 2326//193 2323//193 2327//193
f 2326//193 2327//193 2328//193
f 2328//193 2327//193 2329//193
f 2328//193 2329//193 2330//193
f 2330//193 2329//193 2331//193
f 2330//193 2331//193 2332//193
f 2332//193 2331//193 2333//193
f 2332//193 2333//193 2334//193
f 2331//193 2335//193 2333//193
f 2333//193 2335//193 2336//193
f 2336//193 2335//193 2337//193
f 2336//193 2337//193 2338//193
f 2338//193 2337//193 2339//193
f 2338//193 2339//193 2340//193
f 2340//193 2339//193 2341//193
f 2341//193 2339//193 2342//193
f 2341//193 2342//193 2343//193
f 2343//193 2342//193 2344//193
f 2343//193 2344//193 2345//193
f 2345//193 2344//193 2346//193
f 2346//193 2344//193 2347//193
f 2346//193 2347//193 2348//193
f 2348//193 2347//193 2349//193
f 2349//193 2347//193 2350//193
f 2349//193 2350//193 2351//193
f 2351//193 2350//193 2352//193
f 2351//193 2352//193 2353//193
f 2353//193 2352//193 2354//193
f 2353//193 2354//193 2355//193
f 2355//193 2354//193 2356//193
f 2355//193 2356//193 2357//193
f 2357//193 2356//193 2290//193
f 2357//193 2290//193 2292//193
f 2213//193 2215//193 2358//193
f 2358//193 2215//193 2359//193
f 2358//193 2359//193 2360//193
f 2360//193 2359//193 2361//193
f 2360//193 2361//193 2362//193
f 2362//193 2361//193 2363//193
f 2362//193 2363//193 2364//193
f 2364//193 2363//193 2365//193
f 2364//193 2365//193 2240//193
f 2192//193 2366//193 2190//193
f 2190//193 2366//193 2367//193
f 2190//193 2367//193 2267//193
f 2267//193 2367//193 2322//193
f 2367//193 2366//193 2319//193
f 2319//193 2366//193 2317//193
f 2368//193 2369//193 2370//193
f 2370//193 2369//193 2371//193
f 2370//193 2371//193 2372//193
f 2372//193 2371//193 2373//193
f 2372//193 2373//193 2272//193
f 2272//193 2373//193 2273//193
f 2283//193 2374//193 2368//193
f 2368//193 2374//193 2375//193
f 2368//193 2375//193 2369//193
f 2369//193 2375//193 2180//193
f 2369//193 2180//193 2182//193
f 2281//193 2370//193 2279//193
f 2279//193 2370//193 2372//193
f 2277//193 2272//193 2271//193
f 2091//193 2376//193 2082//193
f 2082//193 2376//193 2377//193
f 2082//193 2377//193 2233//193
f 2377//193 2376//193 2378//193
f 2378//193 2376//193 2379//193
f 2378//193 2379//193 2380//193
f 2380//193 2379//193 2381//193
f 2380//193 2381//193 2224//193
f 2224//193 2381//193 2226//193
f 2379//193 2092//193 2381//193
f 2381//193 2092//193 2094//193
f 2382//193 2170//193 2287//193
f 2287//193 2170//193 2383//193
f 2287//193 2383//193 2285//193
f 2286//193 2284//193 2382//193
f 2382//193 2284//193 2384//193
f 2382//193 2384//193 2170//193
f 2170//193 2384//193 2385//193
f 2170//193 2385//193 2156//193
f 2156//193 2385//193 2153//193
f 2156//193 2153//193 2166//193
f 2385//193 2151//193 2153//193
f 2151//193 2282//193 2149//193
f 2149//193 2282//193 2280//193
f 2332//193 2334//193 2386//193
f 2386//193 2334//193 2387//193
f 2386//193 2387//193 2388//193
f 2388//193 2387//193 2389//193
f 2388//193 2389//193 2390//193
f 2390//193 2389//193 2391//193
f 2390//193 2391//193 2392//193
f 2392//193 2391//193 2137//193
f 2392//193 2137//193 2139//193
f 2268//193 2270//193 2393//193
f 2393//193 2270//193 2394//193
f 2393//193 2394//193 2395//193
f 2395//193 2394//193 2396//193
f 2395//193 2396//193 2397//193
f 2397//193 2396//193 2398//193
f 2397//193 2398//193 2399//193
f 2399//193 2398//193 2400//193
f 2399//193 2400//193 2401//193
f 2401//193 2400//193 2402//193
f 2401//193 2402//193 2403//193
f 2403//193 2402//193 2386//193
f 2403//193 2386//193 2388//193
f 2268//193 2288//193 2266//193
f 2289//193 2288//193 2392//193
f 2392//193 2288//193 2390//193
f 2146//193 2404//193 2148//193
f 2148//193 2404//193 2162//193
f 2162//193 2404//193 2160//193
f 2160//193 2404//193 2405//193
f 2405//193 2404//193 2406//193
f 2405//193 2406//193 2407//193
f 2407//193 2406//193 2408//193
f 2407//193 2408//193 2409//193
f 2409//193 2408//193 2410//193
f 2409//193 2410//193 2133//193
f 2133//193 2410//193 2411//193
f 2133//193 2411//193 2134//193
f 2134//193 2411//193 2140//193
f 2134//193 2140//193 2138//193
f 2406//193 2144//193 2408//193
f 2408//193 2144//193 2142//193
f 2391//193 2389//193 2412//193
f 2412//193 2389//193 2413//193
f 2412//193 2413//193 2414//193
f 2414//193 2413//193 2415//193
f 2414//193 2415//193 2416//193
f 2136//193 2417//193 2124//193
f 2124//193 2417//193 2418//193
f 2124//193 2418//193 2419//193
f 2417//193 2412//193 2418//193
f 2418//193 2412//193 2414//193
f 2341//193 2343//193 2420//193
f 2420//193 2343//193 2421//193
f 2420//193 2421//193 2422//193
f 2422//193 2421//193 2423//193
f 2422//193 2423//193 2424//193
f 2424//193 2423//193 2425//193
f 2424//193 2425//193 2413//193
f 2413//193 2425//193 2415//193
f 2421//193 2426//193 2423//193
f 2423//193 2426//193 2427//193
f 2427//193 2426//193 2428//193
f 2428//193 2426//193 2429//193
f 2428//193 2429//193 2430//193
f 2430//193 2429//193 2431//193
f 2430//193 2431//193 2432//193
f 2432//193 2431//193 2433//193
f 2432//193 2433//193 2434//193
f 2434//193 2433//193 2435//193
f 2434//193 2435//193 2436//193
f 2436//193 2435//193 2437//193
f 2436//193 2437//193 2438//193
f 2438//193 2437//193 2439//193
f 2438//193 2439//193 2109//193
f 2109//193 2439//193 2440//193
f 2109//193 2440//193 2088//193
f 2088//193 2440//193 2441//193
f 2088//193 2441//193 2442//193
f 2442//193 2441//193 2443//193
f 2443//193 2441//193 2444//193
f 2443//193 2444//193 2445//193
f 2445//193 2444//193 2446//193
f 2445//193 2446//193 2292//193
f 2292//193 2446//193 2447//193
f 2292//193 2447//193 2357//193
f 2357//193 2447//193 2433//193
f 2433//193 2447//193 2435//193
f 2429//193 2346//193 2431//193
f 2431//193 2346//193 2348//193
f 2425//193 2122//193 2416//193
f 2416//193 2122//193 2448//193
f 2416//193 2448//193 2414//193
f 2407//193 2449//193 2405//193
f 2405//193 2449//193 2450//193
f 2450//193 2449//193 2133//193
f 2450//193 2133//193 2157//193
f 2133//193 2449//193 2409//193
f 2298//193 2443//193 2296//193
f 2296//193 2443//193 2445//193
f 2442//193 2300//193 2088//193
f 2375//193 2374//193 2451//193
f 2451//193 2374//193 2452//193
f 2451//193 2452//193 2453//193
f 2453//193 2452//193 2454//193
f 2453//193 2454//193 2455//193
f 2178//193 2451//193 2176//193
f 2176//193 2451//193 2453//193
f 2181//193 2456//193 2183//193
f 2183//193 2456//193 2457//193
f 2457//193 2456//193 2458//193
f 2457//193 2458//193 2459//193
f 2459//193 2458//193 2460//193
f 2459//193 2460//193 2461//193
f 2461//193 2460//193 2057//193
f 2461//193 2057//193 2462//193
f 2462//193 2057//193 2059//193
f 2462//193 2059//193 2251//193
f 2251//193 2059//193 2206//193
f 2458//193 2456//193 2200//193
f 2200//193 2456//193 2201//193
f 2173//193 2202//193 2463//193
f 2463//193 2202//193 2179//193
f 2463//193 2179//193 2177//193
f 2238//193 2364//193 2240//193
f 2057//193 2460//193 2200//193
f 2172//193 2464//193 2170//193
f 2170//193 2464//193 2455//193
f 2170//193 2455//193 2465//193
f 2464//193 2453//193 2455//193
f 2454//193 2452//193 2465//193
f 2465//193 2452//193 2466//193
f 2465//193 2466//193 2170//193
f 2170//193 2466//193 2383//193
f 2380//193 2229//193 2378//193
f 2378//193 2229//193 2231//193
f 2064//193 2066//193 2467//193
f 2467//193 2066//193 2468//193
f 2467//193 2468//193 2212//193
f 2212//193 2468//193 2214//193
f 2221//193 2223//193 2063//193
f 2063//193 2223//193 2065//193
f 2437//193 2446//193 2439//193
f 2439//193 2446//193 2444//193
f 2438//193 2110//193 2436//193
f 2436//193 2110//193 2112//193
f 2434//193 2114//193 2432//193
f 2432//193 2114//193 2116//193
f 2430//193 2118//193 2428//193
f 2428//193 2118//193 2120//193
f 2423//193 2122//193 2425//193
f 2457//193 2459//193 2249//193
f 2249//193 2459//193 2250//193
f 2173//193 2463//193 2175//193
f 2185//193 2249//193 2187//193
f 2103//193 2299//193 2101//193
f 2101//193 2299//193 2297//193
f 2124//193 2419//193 2122//193
f 2122//193 2419//193 2448//193
f 2156//193 2163//193 2159//193
f 2147//193 2278//193 2145//193
f 2145//193 2278//193 2276//193
f 2422//193 2469//193 2420//193
f 2420//193 2469//193 2470//193
f 2470//193 2469//193 2471//193
f 2470//193 2471//193 2472//193
f 2472//193 2471//193 2473//193
f 2472//193 2473//193 2474//193
f 2474//193 2473//193 2475//193
f 2474//193 2475//193 2476//193
f 2476//193 2475//193 2334//193
f 2334//193 2475//193 2387//193
f 2285//193 2374//193 2283//193
f 2102//193 2095//193 2104//193
f 2104//193 2095//193 2093//193
f 2371//193 2184//193 2373//193
f 2373//193 2184//193 2186//193
f 657//194 2477//194 660//194
f 660//195 2477//195 2478//195
f 2479//196 2480//196 2481//196
f 2481//194 2480//194 2482//194
f 2483//197 2484//197 2485//197
f 2485//194 2484//194 2486//194
f 2487//197 2488//197 2489//197
f 2489//194 2488//194 2490//194
f 2491//197 2492//197 2493//197
f 2493//194 2492//194 2494//194
f 2495//194 2496//194 2497//194
f 2497//197 2496//197 2498//197
f 2499//198 2500//198 2501//198
f 2501//198 2500//198 2502//198
f 2503//2 2504//2 2505//2
f 2505//2 2504//2 2506//2
f 2507//2 2508//2 2509//2
f 2509//2 2508//2 2510//2
f 2511//2 2512//2 2513//2
f 2513//2 2512//2 2514//2
f 2515//2 2516//2 2517//2
f 2517//2 2516//2 2518//2
f 2519//198 2520//198 653//198
f 653//2 2520//2 651//2
f 2521//199 2481//199 1704//199
f 1704//200 2481//200 1725//200
f 2482//201 1725//201 2481//201
f 2482//202 2522//202 1725//202
f 2482//203 2523//203 2522//203
f 2478//204 2524//204 2525//204
f 2478//205 1738//205 2524//205
f 2477//206 1738//206 2478//206
f 2526//207 1726//207 2477//207
f 2477//208 1726//208 1738//208
f 2517//209 2527//209 2515//209
f 2517//210 2528//210 2527//210
f 2517//211 1770//211 2528//211
f 2529//199 1744//199 2517//199
f 2517//200 1744//200 1770//200
f 2530//207 2520//207 1742//207
f 1742//208 2520//208 1769//208
f 2520//212 2531//212 1769//212
f 2520//213 2532//213 2531//213
f 2519//214 2532//214 2520//214
f 1697//215 1694//215 2483//215
f 2483//215 1694//215 2533//215
f 2485//216 1697//216 2483//216
f 2485//217 2534//217 1697//217
f 2535//218 2534//218 2485//218
f 2536//219 1695//219 2479//219
f 2479//219 1695//219 1696//219
f 2480//220 2537//220 2538//220
f 2480//221 1696//221 2537//221
f 2480//222 2479//222 1696//222
f 1702//215 1690//215 2487//215
f 2487//215 1690//215 2539//215
f 2489//216 1702//216 2487//216
f 2489//217 2540//217 1702//217
f 2541//218 2540//218 2489//218
f 2542//219 1692//219 2484//219
f 2484//219 1692//219 1703//219
f 2486//223 2543//223 2544//223
f 2486//221 1703//221 2543//221
f 2486//222 2484//222 1703//222
f 1700//215 1686//215 2493//215
f 2493//215 1686//215 2545//215
f 2494//216 1700//216 2493//216
f 2494//217 2546//217 1700//217
f 2547//218 2546//218 2494//218
f 2548//219 1688//219 2488//219
f 2488//219 1688//219 1701//219
f 2490//223 2549//223 2550//223
f 2490//221 1701//221 2549//221
f 2490//222 2488//222 1701//222
f 1698//224 1682//224 2497//224
f 2497//225 1682//225 2551//225
f 2498//226 1698//226 2497//226
f 2498//227 2552//227 1698//227
f 2553//228 2552//228 2498//228
f 2554//229 1684//229 2491//229
f 2491//230 1684//230 1699//230
f 2492//231 2555//231 2556//231
f 2492//232 1699//232 2555//232
f 2492//233 2491//233 1699//233
f 1658//224 2501//224 1650//224
f 1650//234 2501//234 2557//234
f 2501//235 2558//235 2499//235
f 2501//236 2559//236 2558//236
f 1658//237 2559//237 2501//237
f 1657//230 1648//230 2506//230
f 2506//238 1648//238 2560//238
f 2506//239 2561//239 1657//239
f 2506//240 2562//240 2561//240
f 2506//241 2504//241 2562//241
f 1656//215 2505//215 1646//215
f 1646//242 2505//242 2563//242
f 2505//243 2564//243 2503//243
f 2505//244 2565//244 2564//244
f 1656//245 2565//245 2505//245
f 1655//219 1644//219 2508//219
f 2508//246 1644//246 2566//246
f 2508//247 2567//247 1655//247
f 2508//248 2568//248 2567//248
f 2508//249 2507//249 2568//249
f 1629//215 2510//215 1630//215
f 1630//242 2510//242 2569//242
f 2510//243 2570//243 2509//243
f 2510//244 2571//244 2570//244
f 1629//245 2571//245 2510//245
f 1631//219 1632//219 2512//219
f 2512//246 1632//246 2572//246
f 2512//247 2573//247 1631//247
f 2512//248 2574//248 2573//248
f 2512//249 2511//249 2574//249
f 1794//215 2514//215 1776//215
f 1776//242 2514//242 2575//242
f 2514//243 2576//243 2513//243
f 2514//244 2577//244 2576//244
f 1794//245 2577//245 2514//245
f 1775//219 1771//219 2518//219
f 2518//246 1771//246 2578//246
f 2518//247 2579//247 1775//247
f 2518//248 2580//248 2579//248
f 2518//249 2516//249 2580//249
f 642//250 2581//250 643//250
f 643//251 2581//251 2582//251
f 2583//252 2584//252 2585//252
f 2585//251 2584//251 2586//251
f 2587//252 2588//252 2589//252
f 2589//251 2588//251 2590//251
f 2591//252 2592//252 2593//252
f 2593//251 2592//251 2594//251
f 2595//253 2596//253 2597//253
f 2597//252 2596//252 2598//252
f 2599//251 2600//251 2601//251
f 2601//254 2600//254 2602//254
f 2603//255 2604//255 2605//255
f 2605//255 2604//255 2606//255
f 2607//255 2608//255 2609//255
f 2609//255 2608//255 2610//255
f 2611//256 2612//256 2613//256
f 2613//257 2612//257 2614//257
f 2615//256 2616//256 2617//256
f 2617//257 2616//257 2618//257
f 2619//257 2620//257 2621//257
f 2621//255 2620//255 2622//255
f 2623//255 2624//255 639//255
f 639//255 2624//255 637//255
f 2625//258 2585//258 2133//258
f 2133//259 2585//259 2154//259
f 2586//260 2154//260 2585//260
f 2586//261 2626//261 2154//261
f 2586//262 2627//262 2626//262
f 2582//263 2628//263 2629//263
f 2582//264 2167//264 2628//264
f 2581//265 2167//265 2582//265
f 2630//266 2155//266 2581//266
f 2581//267 2155//267 2167//267
f 2621//268 2631//268 2619//268
f 2621//269 2632//269 2631//269
f 2621//270 2199//270 2632//270
f 2633//258 2173//258 2621//258
f 2621//259 2173//259 2199//259
f 2634//266 2624//266 2171//266
f 2171//267 2624//267 2198//267
f 2624//271 2635//271 2198//271
f 2624//272 2636//272 2635//272
f 2623//273 2636//273 2624//273
f 2126//274 2123//274 2587//274
f 2587//274 2123//274 2637//274
f 2589//275 2126//275 2587//275
f 2589//276 2638//276 2126//276
f 2639//277 2638//277 2589//277
f 2640//278 2124//278 2583//278
f 2583//278 2124//278 2125//278
f 2584//279 2641//279 2642//279
f 2584//280 2125//280 2641//280
f 2584//281 2583//281 2125//281
f 2131//274 2119//274 2591//274
f 2591//274 2119//274 2643//274
f 2593//275 2131//275 2591//275
f 2593//276 2644//276 2131//276
f 2645//277 2644//277 2593//277
f 2646//278 2121//278 2588//278
f 2588//278 2121//278 2132//278
f 2590//282 2647//282 2648//282
f 2590//280 2132//280 2647//280
f 2590//281 2588//281 2132//281
f 2129//274 2115//274 2597//274
f 2597//274 2115//274 2649//274
f 2598//275 2129//275 2597//275
f 2598//276 2650//276 2129//276
f 2651//277 2650//277 2598//277
f 2652//278 2117//278 2592//278
f 2592//278 2117//278 2130//278
f 2594//282 2653//282 2654//282
f 2594//280 2130//280 2653//280
f 2594//281 2592//281 2130//281
f 2127//283 2111//283 2601//283
f 2601//284 2111//284 2655//284
f 2602//285 2127//285 2601//285
f 2602//286 2656//286 2127//286
f 2657//287 2656//287 2602//287
f 2658//288 2113//288 2595//288
f 2595//289 2113//289 2128//289
f 2596//290 2659//290 2660//290
f 2596//291 2128//291 2659//291
f 2596//292 2595//292 2128//292
f 2087//283 2605//283 2079//283
f 2079//293 2605//293 2661//293
f 2605//294 2662//294 2603//294
f 2605//295 2663//295 2662//295
f 2087//296 2663//296 2605//296
f 2086//289 2077//289 2610//289
f 2610//297 2077//297 2664//297
f 2610//298 2665//298 2086//298
f 2610//299 2666//299 2665//299
f 2610//300 2608//300 2666//300
f 2085//274 2609//274 2075//274
f 2075//301 2609//301 2667//301
f 2609//302 2668//302 2607//302
f 2609//303 2669//303 2668//303
f 2085//304 2669//304 2609//304
f 2084//278 2073//278 2612//278
f 2612//305 2073//305 2670//305
f 2612//306 2671//306 2084//306
f 2612//307 2672//307 2671//307
f 2612//308 2611//308 2672//308
f 2071//274 2614//274 2061//274
f 2061//301 2614//301 2673//301
f 2614//302 2674//302 2613//302
f 2614//303 2675//303 2674//303
f 2071//304 2675//304 2614//304
f 2060//278 2053//278 2616//278
f 2616//305 2053//305 2676//305
f 2616//306 2677//306 2060//306
f 2616//307 2678//307 2677//307
f 2616//308 2615//308 2678//308
f 2204//274 2618//274 2055//274
f 2055//301 2618//301 2679//301
f 2618//302 2680//302 2617//302
f 2618//303 2681//303 2680//303
f 2204//304 2681//304 2618//304
f 2203//278 2057//278 2622//278
f 2622//305 2057//305 2682//305
f 2622//306 2683//306 2203//306
f 2622//307 2684//307 2683//307
f 2622//308 2620//308 2684//308
f 629//309 2685//309 632//309
f 632//309 2685//309 2686//309
f 2687//309 2688//309 2689//309
f 2689//310 2688//310 2690//310
f 2691//310 2692//310 2693//310
f 2693//311 2692//311 2694//311
f 2695//310 2696//310 2697//310
f 2697//311 2696//311 2698//311
f 2699//309 2700//309 2701//309
f 2701//309 2700//309 2702//309
f 2703//309 2704//309 2705//309
f 2705//309 2704//309 2706//309
f 2707//312 2708//312 2709//312
f 2709//313 2708//313 2710//313
f 2711//314 2712//314 2713//314
f 2713//315 2712//315 2714//315
f 2715//313 2716//313 2717//313
f 2717//314 2716//314 2718//314
f 2719//313 2720//313 2721//313
f 2721//314 2720//314 2722//314
f 2723//313 2724//313 2725//313
f 2725//314 2724//314 2726//314
f 2727//313 2728//313 625//313
f 625//316 2728//316 623//316
f 2729//317 2689//317 1280//317
f 1280//318 2689//318 1301//318
f 2690//319 1301//319 2689//319
f 2690//320 2730//320 1301//320
f 2690//321 2731//321 2730//321
f 2686//322 2732//322 2733//322
f 2686//323 1314//323 2732//323
f 2685//324 1314//324 2686//324
f 2734//325 1302//325 2685//325
f 2685//326 1302//326 1314//326
f 2725//327 2735//327 2723//327
f 2725//328 2736//328 2735//328
f 2725//329 1346//329 2736//329
f 2737//317 1320//317 2725//317
f 2725//318 1320//318 1346//318
f 2738//325 2728//325 1318//325
f 1318//326 2728//326 1345//326
f 2728//330 2739//330 1345//330
f 2728//331 2740//331 2739//331
f 2727//332 2740//332 2728//332
f 1273//333 1270//333 2691//333
f 2691//334 1270//334 2741//334
f 2693//335 1273//335 2691//335
f 2693//336 2742//336 1273//336
f 2743//337 2742//337 2693//337
f 2744//338 1271//338 2687//338
f 2687//339 1271//339 1272//339
f 2688//340 2745//340 2746//340
f 2688//341 1272//341 2745//341
f 2688//342 2687//342 1272//342
f 1278//333 1266//333 2695//333
f 2695//334 1266//334 2747//334
f 2697//335 1278//335 2695//335
f 2697//336 2748//336 1278//336
f 2749//337 2748//337 2697//337
f 2750//338 1268//338 2692//338
f 2692//339 1268//339 1279//339
f 2694//343 2751//343 2752//343
f 2694//341 1279//341 2751//341
f 2694//342 2692//342 1279//342
f 1276//333 1262//333 2701//333
f 2701//334 1262//334 2753//334
f 2702//335 1276//335 2701//335
f 2702//336 2754//336 1276//336
f 2755//337 2754//337 2702//337
f 2756//338 1264//338 2696//338
f 2696//339 1264//339 1277//339
f 2698//343 2757//343 2758//343
f 2698//341 1277//341 2757//341
f 2698//342 2696//342 1277//342
f 1274//344 1258//344 2705//344
f 2705//345 1258//345 2759//345
f 2706//346 1274//346 2705//346
f 2706//347 2760//347 1274//347
f 2761//348 2760//348 2706//348
f 2762//349 1260//349 2699//349
f 2699//350 1260//350 1275//350
f 2700//351 2763//351 2764//351
f 2700//352 1275//352 2763//352
f 2700//353 2699//353 1275//353
f 1234//344 2709//344 1226//344
f 1226//354 2709//354 2765//354
f 2709//355 2766//355 2707//355
f 2709//356 2767//356 2766//356
f 1234//357 2767//357 2709//357
f 1233//350 1224//350 2714//350
f 2714//358 1224//358 2768//358
f 2714//359 2769//359 1233//359
f 2714//360 2770//360 2769//360
f 2714//361 2712//361 2770//361
f 1232//333 2713//333 1222//333
f 1222//333 2713//333 2771//333
f 2713//362 2772//362 2711//362
f 2713//363 2773//363 2772//363
f 1232//364 2773//364 2713//364
f 1231//339 1220//339 2716//339
f 2716//339 1220//339 2774//339
f 2716//365 2775//365 1231//365
f 2716//366 2776//366 2775//366
f 2716//367 2715//367 2776//367
f 1205//333 2718//333 1206//333
f 1206//333 2718//333 2777//333
f 2718//362 2778//362 2717//362
f 2718//363 2779//363 2778//363
f 1205//364 2779//364 2718//364
f 1207//339 1208//339 2720//339
f 2720//339 1208//339 2780//339
f 2720//365 2781//365 1207//365
f 2720//366 2782//366 2781//366
f 2720//367 2719//367 2782//367
f 1370//333 2722//333 1352//333
f 1352//333 2722//333 2783//333
f 2722//362 2784//362 2721//362
f 2722//363 2785//363 2784//363
f 1370//364 2785//364 2722//364
f 1351//339 1347//339 2726//339
f 2726//339 1347//339 2786//339
f 2726//365 2787//365 1351//365
f 2726//366 2788//366 2787//366
f 2726//367 2724//367 2788//367
f 2789//64 870//64 683//64
f 683//64 870//64 869//64
f 683//64 869//64 684//64
f 684//64 869//64 2790//64
f 2790//64 869//64 2791//64
f 690//64 688//64 844//64
f 844//64 688//64 2792//64
f 844//64 2792//64 2793//64
f 844//64 842//64 690//64
f 690//64 842//64 2794//64
f 2795//64 1678//64 2495//64
f 2495//64 1678//64 1677//64
f 2495//64 1677//64 2496//64
f 2496//64 1677//64 2796//64
f 2796//64 1677//64 2797//64
f 2798//64 2502//64 1652//64
f 1652//64 2502//64 1654//64
f 1654//64 2502//64 2500//64
f 1654//64 2500//64 2799//64
f 2799//64 2800//64 1654//64
f 2801//64 2107//64 2599//64
f 2599//64 2107//64 2106//64
f 2599//64 2106//64 2600//64
f 2600//64 2106//64 2802//64
f 2802//64 2106//64 2803//64
f 2606//64 2604//64 2083//64
f 2083//64 2604//64 2804//64
f 2083//64 2804//64 2805//64
f 2083//64 2081//64 2606//64
f 2606//64 2081//64 2806//64
f 2807//64 1254//64 2703//64
f 2703//64 1254//64 1253//64
f 2703//64 1253//64 2704//64
f 2704//64 1253//64 2808//64
f 2808//64 1253//64 2809//64
f 2810//64 2710//64 1228//64
f 1228//64 2710//64 1230//64
f 1230//64 2710//64 2708//64
f 1230//64 2708//64 2811//64
f 2811//64 2812//64 1230//64
f 2813//137 1235//137 2814//137
f 2814//137 1235//137 1229//137
f 2814//137 1229//137 2815//137
f 2815//137 1229//137 2816//137
f 2816//137 1229//137 2817//137
f 2817//137 1229//137 2818//137
f 2817//137 2818//137 2819//137
f 2813//137 2820//137 1235//137
f 1235//137 2820//137 2821//137
f 2821//137 2820//137 2822//137
f 2822//137 2820//137 2823//137
f 2823//137 2820//137 2824//137
f 2824//137 2820//137 2825//137
f 2824//137 2825//137 2826//137
f 2826//137 2825//137 2827//137
f 2827//137 2825//137 843//137
f 843//137 2825//137 2828//137
f 843//137 2828//137 2829//137
f 843//137 2829//137 851//137
f 851//137 2829//137 2830//137
f 851//137 2830//137 2831//137
f 2831//137 2832//137 851//137
f 851//137 2832//137 2833//137
f 2833//137 2832//137 2834//137
f 2834//137 2832//137 2835//137
f 2835//137 2832//137 2836//137
f 2835//137 2836//137 2837//137
f 2837//137 2836//137 2838//137
f 2838//137 2836//137 2839//137
f 2839//137 2836//137 1653//137
f 1653//137 2836//137 2840//137
f 1653//137 2840//137 2841//137
f 2841//137 2842//137 1653//137
f 1653//137 2842//137 1659//137
f 1659//137 2842//137 2843//137
f 1659//137 2843//137 2844//137
f 2845//137 2846//137 2844//137
f 2844//137 2846//137 2847//137
f 2844//137 2847//137 2848//137
f 2849//137 2082//137 2845//137
f 2845//137 2082//137 2850//137
f 2845//137 2850//137 2851//137
f 2849//137 2852//137 2082//137
f 2082//137 2852//137 2853//137
f 2082//137 2853//137 2088//137
f 2088//137 2853//137 2854//137
f 2088//137 2854//137 2855//137
f 2817//137 2856//137 2855//137
f 2855//137 2856//137 2857//137
f 2855//137 2857//137 2858//137
f 2819//137 2859//137 2817//137
f 2817//137 2859//137 2856//137
f 2858//137 2088//137 2855//137
f 2851//137 2846//137 2845//137
f 2848//137 2860//137 2844//137
f 2844//137 2860//137 1659//137
f 2861//137 2862//137 1316//137
f 1316//137 2862//137 1315//137
f 2863//137 2864//137 2169//137
f 2169//137 2864//137 2168//137
f 1739//137 1740//137 2865//137
f 2865//137 1740//137 2866//137
f 2867//368 948//368 942//368
f 2868//369 948//369 2867//369
f 2869//370 940//370 817//370
f 2870//371 940//371 2869//371
f 2871//372 1031//372 2872//372
f 2872//373 1031//373 1030//373
f 2873//374 819//374 2874//374
f 2874//375 819//375 821//375
f 2875//376 715//376 714//376
f 2876//377 715//377 2875//377
f 2877//378 713//378 716//378
f 2878//379 713//379 2877//379
f 2879//380 711//380 2878//380
f 2878//381 711//381 713//381
f 1133//382 2880//382 733//382
f 733//383 2880//383 2881//383
f 2882//384 806//384 2883//384
f 2883//384 806//384 1032//384
f 2884//39 2885//39 2886//39
f 2886//39 2885//39 2887//39
f 2886//39 2887//39 2888//39
f 2888//39 2887//39 2889//39
f 2885//39 2884//39 2890//39
f 2890//39 2884//39 2891//39
f 2890//39 2891//39 2892//39
f 2892//39 2891//39 2893//39
f 2893//39 2891//39 2894//39
f 2886//385 825//385 962//385
f 2888//386 825//386 2886//386
f 962//387 2884//387 2886//387
f 961//388 2884//388 962//388
f 961//389 2891//389 2884//389
f 963//390 2891//390 961//390
f 963//391 2894//391 2891//391
f 965//392 2894//392 963//392
f 956//393 2885//393 954//393
f 2887//394 2885//394 956//394
f 823//395 2887//395 956//395
f 2889//396 2887//396 823//396
f 2890//397 954//397 2885//397
f 2890//398 952//398 954//398
f 2892//399 952//399 2890//399
f 2892//400 951//400 952//400
f 2893//401 951//401 2892//401
f 951//402 2893//402 949//402
f 955//403 2895//403 2896//403
f 950//404 2897//404 953//404
f 953//405 2895//405 955//405
f 953//406 2897//406 2895//406
f 955//407 2898//407 957//407
f 955//408 2896//408 2898//408
f 2874//409 821//409 957//409
f 2874//410 957//410 2898//410
f 2899//411 2897//411 950//411
f 2899//412 950//412 939//412
f 2900//413 813//413 815//413
f 2901//414 813//414 2900//414
f 2902//415 816//415 814//415
f 2903//416 816//416 2902//416
f 2904//417 1032//417 946//417
f 2883//418 1032//418 2904//418
f 2871//419 944//419 1031//419
f 2905//420 944//420 2871//420
f 2906//421 2907//421 735//421
f 735//421 2907//421 736//421
f 2908//39 2909//39 2910//39
f 2910//39 2909//39 2911//39
f 2910//39 2911//39 2912//39
f 2912//39 2911//39 2913//39
f 2912//39 2913//39 2914//39
f 2909//39 2908//39 2915//39
f 2915//39 2908//39 2916//39
f 2915//39 2916//39 2917//39
f 2914//39 2918//39 2912//39
f 998//422 2912//422 2918//422
f 1001//423 2912//423 998//423
f 1001//424 2910//424 2912//424
f 728//425 2910//425 1001//425
f 728//426 2908//426 2910//426
f 727//427 2908//427 728//427
f 727//428 2916//428 2908//428
f 724//429 2916//429 727//429
f 1084//430 2911//430 1082//430
f 2913//431 2911//431 1084//431
f 999//432 2913//432 1084//432
f 2914//433 2913//433 999//433
f 2909//434 1082//434 2911//434
f 2909//435 1080//435 1082//435
f 2915//436 1080//436 2909//436
f 2915//437 1078//437 1080//437
f 2917//438 1078//438 2915//438
f 1078//439 2917//439 722//439
f 1081//440 2919//440 2920//440
f 1077//441 2921//441 1079//441
f 1079//442 2919//442 1081//442
f 1079//443 2921//443 2919//443
f 1081//444 2922//444 1083//444
f 1081//445 2920//445 2922//445
f 2923//446 2921//446 1077//446
f 2923//447 1077//447 720//447
f 2924//448 1085//448 1083//448
f 2924//449 1083//449 2922//449
f 2925//450 1091//450 1093//450
f 2926//451 1091//451 2925//451
f 2927//452 717//452 1089//452
f 2928//453 717//453 2927//453
f 2929//454 737//454 738//454
f 2930//455 737//455 2929//455
f 2907//456 739//456 736//456
f 2931//457 739//457 2907//457
f 1036//458 1048//458 2932//458
f 2932//459 1048//459 2933//459
f 1049//460 1034//460 2934//460
f 2934//461 1034//461 2935//461
f 1040//462 1039//462 2936//462
f 2936//462 1039//462 2937//462
f 2938//373 808//373 2939//373
f 2939//463 808//463 807//463
f 2940//464 783//464 785//464
f 2941//465 783//465 2940//465
f 786//452 784//452 2942//452
f 2942//466 784//466 2943//466
f 2944//467 1044//467 1063//467
f 2945//468 1044//468 2944//468
f 2946//469 1064//469 1062//469
f 2947//470 1064//470 2946//470
f 2948//471 1047//471 2949//471
f 2949//462 1047//462 1046//462
f 2950//464 1050//464 1052//464
f 2951//472 1050//472 2950//472
f 2952//473 1053//473 1051//473
f 2953//474 1053//474 2952//474
f 1029//475 812//475 2954//475
f 2954//463 812//463 2955//463
f 2956//476 787//476 789//476
f 2957//477 787//477 2956//477
f 2958//478 790//478 788//478
f 2959//479 790//479 2958//479
f 2960//383 2961//383 1099//383
f 1099//383 2961//383 1130//383
f 2962//480 1099//480 1098//480
f 2960//481 1099//481 2962//481
f 2963//482 1095//482 1100//482
f 2964//483 1095//483 2963//483
f 2965//484 759//484 761//484
f 2966//485 759//485 2965//485
f 2967//486 762//486 760//486
f 2968//487 762//487 2967//487
f 760//462 764//462 2967//462
f 2967//488 764//488 2969//488
f 767//462 754//462 2970//462
f 2970//488 754//488 2971//488
f 2972//489 2973//489 1131//489
f 1131//421 2973//421 1132//421
f 2974//490 1097//490 2975//490
f 2975//370 1097//370 743//370
f 2976//491 745//491 1094//491
f 2977//492 745//492 2976//492
f 2978//493 1096//493 2979//493
f 2979//494 1096//494 747//494
f 2980//495 749//495 2981//495
f 2981//496 749//496 763//496
f 2982//497 766//497 751//497
f 2983//498 766//498 2982//498
f 2970//499 753//499 767//499
f 2984//500 753//500 2970//500
f 2985//464 1065//464 1067//464
f 2986//465 1065//465 2985//465
f 2987//473 1068//473 1066//473
f 2988//470 1068//470 2987//470
f 2989//471 765//471 2983//471
f 2983//462 765//462 766//462
f 2990//476 1054//476 1056//476
f 2991//477 1054//477 2990//477
f 2992//478 1057//478 1055//478
f 2993//479 1057//479 2992//479
f 2994//380 2902//380 818//380
f 818//381 2902//381 814//381
f 2995//450 791//450 793//450
f 2996//501 791//501 2995//501
f 2997//502 794//502 792//502
f 2998//503 794//503 2997//503
f 2999//504 1041//504 1043//504
f 3000//505 1041//505 2999//505
f 2936//506 1042//506 1040//506
f 3001//507 1042//507 2936//507
f 777//463 779//463 3002//463
f 3002//384 779//384 3003//384
f 3004//488 1045//488 3000//488
f 3000//462 1045//462 1041//462
f 3005//164 3006//164 981//164
f 981//380 3006//380 795//380
f 3007//508 1060//508 1037//508
f 3008//509 1060//509 3007//509
f 3009//510 1035//510 1061//510
f 3010//511 1035//511 3009//511
f 3011//488 1038//488 3008//488
f 3008//462 1038//462 1060//462
f 758//421 3012//421 1100//421
f 1100//383 3012//383 2963//383
f 3013//381 3014//381 1118//381
f 1118//381 3014//381 982//381
f 3015//476 1069//476 987//476
f 3016//512 1069//512 3015//512
f 3017//478 985//478 1070//478
f 3018//513 985//513 3017//513
f 3009//514 1061//514 3002//514
f 3002//462 1061//462 777//462
f 3019//381 2923//381 718//381
f 718//375 2923//375 720//375
f 3020//39 3021//39 3022//39
f 3022//39 3021//39 3023//39
f 3023//39 3021//39 3024//39
f 3023//39 3024//39 3025//39
f 3025//39 3024//39 3026//39
f 3025//39 3026//39 3027//39
f 3027//39 3026//39 3028//39
f 3027//39 3028//39 3029//39
f 3029//39 3028//39 3030//39
f 3030//39 3028//39 3031//39
f 3030//39 3031//39 3032//39
f 3032//39 3031//39 3033//39
f 3033//39 3031//39 3034//39
f 799//164 3034//164 801//164
f 801//164 3034//164 3031//164
f 1128//515 797//515 3035//515
f 3035//516 797//516 3036//516
f 3037//39 3038//39 3036//39
f 3036//39 3038//39 3035//39
f 974//381 3038//381 798//381
f 798//380 3038//380 3037//380
f 3039//516 979//516 3040//516
f 3040//515 979//515 1129//515
f 3041//39 3042//39 3040//39
f 3040//39 3042//39 3039//39
f 3042//380 3041//380 977//380
f 977//381 3041//381 976//381
f 3043//158 1117//158 3044//158
f 3044//158 1117//158 980//158
f 3045//39 3046//39 3047//39
f 3047//39 3046//39 3048//39
f 3049//39 3050//39 3051//39
f 3051//39 3050//39 3052//39
f 905//515 3051//515 924//515
f 924//516 3051//516 3052//516
f 893//170 3047//170 895//170
f 895//169 3047//169 3048//169
f 3050//175 3049//175 896//175
f 896//174 3049//174 894//174
f 3053//39 3054//39 3055//39
f 3055//39 3054//39 3056//39
f 3057//39 3058//39 3059//39
f 3059//39 3058//39 3060//39
f 922//516 3059//516 859//516
f 859//515 3059//515 3060//515
f 897//170 3055//170 855//170
f 855//517 3055//517 3056//517
f 3058//518 3057//518 857//518
f 857//174 3057//174 898//174
f 3061//39 3062//39 3063//39
f 3063//39 3062//39 3064//39
f 3065//39 3066//39 3067//39
f 3067//39 3066//39 3068//39
f 862//515 860//515 3068//515
f 3068//516 860//516 3067//516
f 867//170 856//170 3064//170
f 3064//169 856//169 3063//169
f 3065//175 858//175 3066//175
f 3066//174 858//174 865//174
f 3069//39 3070//39 3071//39
f 3071//39 3070//39 3072//39
f 3073//39 3074//39 3075//39
f 3075//39 3074//39 3076//39
f 863//515 3075//515 1021//515
f 1021//516 3075//516 3076//516
f 866//170 3071//170 1026//170
f 1026//169 3071//169 3072//169
f 3074//175 3073//175 1024//175
f 1024//174 3073//174 864//174
f 3077//39 3078//39 3079//39
f 3079//39 3078//39 3080//39
f 3081//39 3082//39 3083//39
f 3083//39 3082//39 3084//39
f 1022//516 3083//516 1018//516
f 1018//515 3083//515 3084//515
f 1025//170 3079//170 1109//170
f 1109//517 3079//517 3080//517
f 3082//518 3081//518 1107//518
f 1107//174 3081//174 1023//174
f 3085//39 3086//39 3087//39
f 3087//39 3086//39 3088//39
f 3089//39 3090//39 3091//39
f 3091//39 3090//39 3092//39
f 3093//39 3094//39 3095//39
f 3095//39 3094//39 3096//39
f 3095//39 3096//39 3097//39
f 3097//39 3096//39 3098//39
f 3098//39 3096//39 3099//39
f 3100//39 3101//39 3102//39
f 3102//39 3101//39 3103//39
f 3102//39 3103//39 3104//39
f 3104//39 3103//39 3105//39
f 3106//39 3107//39 3108//39
f 3108//39 3107//39 3109//39
f 3110//39 3111//39 3112//39
f 3112//39 3111//39 3113//39
f 3114//39 3115//39 3044//39
f 3044//39 3115//39 3043//39
f 3043//39 3115//39 3116//39
f 3116//39 3115//39 3117//39
f 3116//39 3117//39 3118//39
f 3118//39 3117//39 3119//39
f 3119//39 3117//39 3120//39
f 3119//39 3120//39 3121//39
f 3121//39 3120//39 3122//39
f 3121//39 3122//39 3123//39
f 3123//39 3122//39 3124//39
f 3123//39 3124//39 3125//39
f 3125//39 3124//39 3126//39
f 3127//39 3128//39 3129//39
f 3129//39 3128//39 3130//39
f 3130//39 3128//39 3131//39
f 3130//39 3131//39 3132//39
f 3132//39 3133//39 3130//39
f 3134//39 3135//39 3136//39
f 3136//39 3135//39 3137//39
f 3136//39 3137//39 3138//39
f 3138//39 3139//39 3136//39
f 723//519 3139//519 721//519
f 721//158 3139//158 3138//158
f 2916//381 724//381 2917//381
f 2917//381 724//381 722//381
f 1071//515 1007//515 3129//515
f 3129//519 1007//519 3127//519
f 3135//381 3134//381 1072//381
f 1072//381 3134//381 1005//381
f 1106//515 3108//515 1112//515
f 1112//516 3108//516 3109//516
f 1114//516 3112//516 877//516
f 877//158 3112//158 3113//158
f 3130//380 3133//380 1113//380
f 1113//375 3133//375 1016//375
f 3096//380 903//380 3099//380
f 3099//374 903//374 920//374
f 824//519 822//519 3105//519
f 3105//158 822//158 3104//158
f 2888//381 2889//381 825//381
f 825//381 2889//381 823//381
f 901//515 3094//515 907//515
f 907//519 3094//519 3093//519
f 3101//381 3100//381 912//381
f 912//381 3100//381 908//381
f 1108//170 3087//170 1102//170
f 1102//169 3087//169 3088//169
f 1104//169 3091//169 873//169
f 873//179 3091//179 3092//179
f 3107//175 3106//175 1103//175
f 1103//174 3106//174 1101//174
f 3111//183 3110//183 875//183
f 875//175 3110//175 1105//175
f 700//39 1190//39 702//39
f 702//39 1190//39 1193//39
f 1193//421 1190//421 810//421
f 810//383 1190//383 830//383
f 696//39 1184//39 698//39
f 698//39 1184//39 1187//39
f 1187//421 1184//421 832//421
f 832//383 1184//383 834//383
f 694//39 1178//39 693//39
f 693//39 1178//39 1181//39
f 836//383 1181//383 838//383
f 838//383 1181//383 1178//383
f 690//39 2794//39 689//39
f 689//39 2794//39 1175//39
f 840//383 1175//383 842//383
f 842//383 1175//383 2794//383
f 2789//39 683//39 1169//39
f 1169//39 683//39 685//39
f 878//463 876//463 1163//463
f 1163//463 876//463 1172//463
f 1172//39 679//39 1163//39
f 1163//39 679//39 681//39
f 1157//384 882//384 1166//384
f 1166//463 882//463 880//463
f 1166//39 676//39 1157//39
f 1157//39 676//39 675//39
f 1151//384 731//384 1160//384
f 1160//463 731//463 884//463
f 1160//39 672//39 1151//39
f 1151//39 672//39 671//39
f 1139//463 734//463 1154//463
f 1154//384 734//384 732//384
f 873//383 3092//383 871//383
f 871//383 3092//383 3090//383
f 3140//39 3141//39 3142//39
f 3142//39 3141//39 3143//39
f 835//463 837//463 3144//463
f 3144//463 837//463 3145//463
f 3146//39 3147//39 3148//39
f 3148//39 3147//39 3149//39
f 3150//384 811//384 3151//384
f 3151//463 811//463 829//463
f 910//520 3095//520 914//520
f 914//521 3097//521 916//521
f 914//522 3095//522 3097//522
f 916//523 3098//523 918//523
f 916//524 3097//524 3098//524
f 3099//525 920//525 918//525
f 3099//526 918//526 3098//526
f 3093//527 3095//527 910//527
f 3093//528 910//528 907//528
f 3152//39 3150//39 3153//39
f 3153//39 3150//39 3151//39
f 3153//39 3151//39 3154//39
f 3155//463 780//463 3156//463
f 3156//463 780//463 1033//463
f 824//529 3103//529 959//529
f 3105//530 3103//530 824//530
f 877//383 3113//383 875//383
f 875//383 3113//383 3111//383
f 3145//39 3157//39 3144//39
f 3144//39 3157//39 3158//39
f 3148//384 831//384 3146//384
f 3146//463 831//463 833//463
f 1014//531 3132//531 1012//531
f 1012//532 3131//532 1011//532
f 1012//533 3132//533 3131//533
f 1011//534 3128//534 1009//534
f 1011//535 3131//535 3128//535
f 3127//536 1007//536 1009//536
f 3127//537 1009//537 3128//537
f 3133//538 3132//538 1014//538
f 3133//539 1014//539 1016//539
f 3159//421 3160//421 881//421
f 881//383 3160//383 879//383
f 3161//39 3160//39 3162//39
f 3162//39 3160//39 3159//39
f 3136//384 1004//384 3134//384
f 3134//463 1004//463 1005//463
f 3163//421 3164//421 712//421
f 712//383 3164//383 883//383
f 995//540 3126//540 3124//540
f 997//541 3126//541 995//541
f 3124//542 993//542 995//542
f 3122//543 993//543 3124//543
f 3122//544 991//544 993//544
f 3120//545 991//545 3122//545
f 3120//546 989//546 991//546
f 3117//547 989//547 3120//547
f 3117//548 990//548 989//548
f 3115//549 990//549 3117//549
f 706//39 1196//39 705//39
f 705//39 1196//39 1147//39
f 1147//383 1196//383 778//383
f 778//421 1196//421 805//421
f 3165//39 3166//39 3163//39
f 3163//39 3166//39 3164//39
f 3164//39 3166//39 3167//39
f 2930//489 3168//489 737//489
f 737//489 3168//489 1134//489
f 839//463 841//463 3142//463
f 3142//463 841//463 3140//463
f 1154//39 667//39 1139//39
f 1139//39 667//39 669//39
f 874//463 870//463 1169//463
f 1169//463 870//463 2789//463
f 708//39 1148//39 710//39
f 710//39 1148//39 1200//39
f 3169//39 3170//39 3171//39
f 3171//39 3170//39 3172//39
f 3173//193 3174//193 3175//193
f 3175//193 3174//193 3176//193
f 3175//193 3176//193 3177//193
f 3177//193 3176//193 3178//193
f 3177//193 3178//193 3179//193
f 3179//193 3178//193 3180//193
f 3179//193 3180//193 3181//193
f 3173//193 3182//193 3174//193
f 3174//193 3182//193 3183//193
f 3183//193 3182//193 3184//193
f 3183//193 3184//193 3185//193
f 3185//193 3184//193 3186//193
f 3185//193 3186//193 3187//193
f 3188//193 3189//193 3187//193
f 3187//193 3189//193 3190//193
f 3187//193 3190//193 3191//193
f 3191//193 3190//193 3192//193
f 3191//193 3192//193 3193//193
f 3193//193 3192//193 3194//193
f 3193//193 3194//193 3195//193
f 3195//193 3194//193 3196//193
f 3195//193 3196//193 3197//193
f 3197//193 3196//193 3198//193
f 3197//193 3198//193 3199//193
f 3199//193 3198//193 3200//193
f 3199//193 3200//193 3201//193
f 3202//193 3203//193 3188//193
f 3188//193 3203//193 3204//193
f 3188//193 3204//193 3189//193
f 3189//193 3204//193 3205//193
f 3189//193 3205//193 3206//193
f 3206//193 3205//193 3207//193
f 3206//193 3207//193 3208//193
f 3208//193 3207//193 3209//193
f 3208//193 3209//193 3210//193
f 3210//193 3209//193 3211//193
f 3210//193 3211//193 3212//193
f 3212//193 3211//193 3213//193
f 3212//193 3213//193 3214//193
f 3214//193 3213//193 3215//193
f 3214//193 3215//193 3216//193
f 3216//193 3215//193 3217//193
f 3216//193 3217//193 3218//193
f 3179//193 3181//193 3202//193
f 3202//193 3181//193 3219//193
f 3202//193 3219//193 3203//193
f 3203//193 3219//193 3220//193
f 3203//193 3220//193 3221//193
f 3221//193 3220//193 3222//193
f 3221//193 3222//193 3223//193
f 3223//193 3222//193 3224//193
f 3223//193 3224//193 3225//193
f 3225//193 3224//193 3226//193
f 3225//193 3226//193 3227//193
f 3227//193 3226//193 3228//193
f 3227//193 3228//193 3229//193
f 3229//193 3228//193 3230//193
f 3229//193 3230//193 3231//193
f 3231//193 3230//193 3232//193
f 3231//193 3232//193 3233//193
f 3233//193 3232//193 3234//193
f 3233//193 3234//193 3235//193
f 3235//193 3234//193 3236//193
f 3235//193 3236//193 3237//193
f 3238//193 3239//193 3240//193
f 3240//193 3239//193 3241//193
f 3240//193 3241//193 3242//193
f 3242//193 3241//193 3243//193
f 3242//193 3243//193 3244//193
f 3244//193 3243//193 3245//193
f 3244//193 3245//193 3246//193
f 3246//193 3245//193 3214//193
f 3246//193 3214//193 3216//193
f 3247//193 3248//193 3238//193
f 3238//193 3248//193 3249//193
f 3238//193 3249//193 3250//193
f 3250//193 3249//193 3251//193
f 3250//193 3251//193 3201//193
f 3201//193 3251//193 3252//193
f 3201//193 3252//193 3253//193
f 3253//193 3252//193 3254//193
f 3253//193 3254//193 3255//193
f 3255//193 3254//193 3256//193
f 3255//193 3256//193 3257//193
f 3257//193 3256//193 3258//193
f 3258//193 3256//193 3259//193
f 3258//193 3259//193 3260//193
f 3260//193 3259//193 3261//193
f 3260//193 3261//193 3262//193
f 3248//193 3247//193 3263//193
f 3263//193 3247//193 3264//193
f 3263//193 3264//193 3265//193
f 3265//193 3264//193 3266//193
f 3265//193 3266//193 3267//193
f 3267//193 3266//193 3268//193
f 3267//193 3268//193 3269//193
f 3269//193 3268//193 3270//193
f 3269//193 3270//193 3271//193
f 3271//193 3270//193 3272//193
f 3271//193 3272//193 3273//193
f 3273//193 3272//193 3274//193
f 3274//193 3272//193 3275//193
f 3274//193 3275//193 3263//193
f 3263//193 3275//193 3276//193
f 3263//193 3276//193 3218//193
f 3218//193 3276//193 3216//193
f 3268//193 3266//193 3242//193
f 3242//193 3266//193 3240//193
f 3254//193 3277//193 3278//193
f 3278//193 3277//193 3279//193
f 3278//193 3279//193 3280//193
f 3280//193 3279//193 3281//193
f 3281//193 3279//193 3282//193
f 3281//193 3282//193 2830//193
f 2830//193 3282//193 3283//193
f 2830//193 3283//193 3284//193
f 3260//193 3262//193 3285//193
f 3285//193 3262//193 3286//193
f 3285//193 3286//193 3287//193
f 3287//193 3286//193 3288//193
f 3287//193 3288//193 3289//193
f 3289//193 3288//193 3290//193
f 3290//193 3288//193 3291//193
f 3291//193 3288//193 3292//193
f 3291//193 3292//193 3293//193
f 3293//193 3292//193 3278//193
f 3293//193 3278//193 3280//193
f 3221//193 3223//193 3294//193
f 3294//193 3223//193 3295//193
f 3294//193 3295//193 3296//193
f 3296//193 3295//193 3297//193
f 3296//193 3297//193 3298//193
f 3298//193 3297//193 3299//193
f 3298//193 3299//193 3300//193
f 3300//193 3299//193 3301//193
f 3300//193 3301//193 3302//193
f 3302//193 3301//193 3303//193
f 3302//193 3303//193 3304//193
f 3304//193 3303//193 3305//193
f 3304//193 3305//193 3306//193
f 3295//193 3229//193 3297//193
f 3297//193 3229//193 3231//193
f 3299//193 3233//193 3301//193
f 3301//193 3233//193 3235//193
f 3307//193 3308//193 3309//193
f 3309//193 3308//193 3194//193
f 3309//193 3194//193 3192//193
f 3210//193 3310//193 3307//193
f 3307//193 3310//193 3311//193
f 3307//193 3311//193 3308//193
f 3308//193 3311//193 3312//193
f 3308//193 3312//193 3198//193
f 3198//193 3312//193 3200//193
f 3208//193 3309//193 3206//193
f 3206//193 3309//193 3192//193
f 3311//193 3310//193 3243//193
f 3243//193 3310//193 3245//193
f 3212//193 3310//193 3210//193
f 3249//193 3313//193 3251//193
f 3251//193 3313//193 3314//193
f 3314//193 3313//193 2830//193
f 3314//193 2830//193 3315//193
f 3315//193 2830//193 3284//193
f 3315//193 3284//193 3277//193
f 3277//193 3284//193 3279//193
f 2830//193 3313//193 3248//193
f 3244//193 3246//193 3270//193
f 3270//193 3246//193 3272//193
f 3273//193 3316//193 3271//193
f 3271//193 3316//193 3317//193
f 3317//193 3316//193 3263//193
f 3317//193 3263//193 3318//193
f 3318//193 3263//193 3319//193
f 3319//193 3263//193 3320//193
f 3319//193 3320//193 3269//193
f 3269//193 3320//193 3267//193
f 3263//193 3316//193 3274//193
f 3211//193 3302//193 3213//193
f 3213//193 3302//193 3304//193
f 3300//193 3209//193 3298//193
f 3298//193 3209//193 3207//193
f 3222//193 3220//193 3321//193
f 3321//193 3220//193 3322//193
f 3321//193 3322//193 2829//193
f 2829//193 3322//193 3323//193
f 2829//193 3323//193 3324//193
f 3324//193 3323//193 3325//193
f 3324//193 3325//193 3326//193
f 3326//193 3325//193 3327//193
f 3326//193 3327//193 3328//193
f 3328//193 3327//193 3329//193
f 3329//193 3327//193 3330//193
f 3329//193 3330//193 3331//193
f 3331//193 3330//193 3332//193
f 3331//193 3332//193 3333//193
f 3333//193 3332//193 3334//193
f 3334//193 3332//193 3335//193
f 3335//193 3332//193 3336//193
f 3335//193 3336//193 3337//193
f 3337//193 3336//193 3338//193
f 3337//193 3338//193 3339//193
f 3339//193 3338//193 3340//193
f 3339//193 3340//193 3341//193
f 3327//193 3325//193 3181//193
f 3181//193 3325//193 3219//193
f 3339//193 3341//193 3342//193
f 3342//193 3341//193 3180//193
f 3342//193 3180//193 3178//193
f 3328//193 3343//193 3326//193
f 3326//193 3343//193 3344//193
f 3344//193 3343//193 2829//193
f 3344//193 2829//193 3345//193
f 3345//193 2829//193 3324//193
f 2829//193 3343//193 3329//193
f 3346//193 3226//193 3237//193
f 3237//193 3226//193 3347//193
f 3237//193 3347//193 3235//193
f 3236//193 3234//193 3346//193
f 3346//193 3234//193 3348//193
f 3346//193 3348//193 3226//193
f 3226//193 3348//193 3349//193
f 3226//193 3349//193 3350//193
f 3226//193 3350//193 3351//193
f 3351//193 3350//193 3232//193
f 3351//193 3232//193 3230//193
f 3226//193 3351//193 3228//193
f 2829//193 3352//193 2830//193
f 2830//193 3352//193 3353//193
f 2830//193 3353//193 3354//193
f 3321//193 2829//193 3224//193
f 3224//193 2829//193 3226//193
f 3263//193 3355//193 3226//193
f 3226//193 3355//193 3306//193
f 3226//193 3306//193 3356//193
f 3263//193 2830//193 3248//193
f 3281//193 2830//193 3293//193
f 3293//193 2830//193 3357//193
f 3293//193 3357//193 3291//193
f 3305//193 3303//193 3356//193
f 3356//193 3303//193 3358//193
f 3356//193 3358//193 3226//193
f 3226//193 3358//193 3347//193
f 3187//193 3191//193 3185//193
f 3185//193 3191//193 3195//193
f 3185//193 3195//193 3359//193
f 3359//193 3195//193 3197//193
f 3359//193 3197//193 3360//193
f 3217//193 3215//193 3361//193
f 3361//193 3215//193 3362//193
f 3361//193 3362//193 3263//193
f 3263//193 3362//193 3355//193
f 3355//193 3304//193 3306//193
f 3263//193 3218//193 3361//193
f 3263//193 3265//193 3320//193
f 3360//193 3363//193 3359//193
f 3359//193 3363//193 3364//193
f 3364//193 3363//193 3365//193
f 3364//193 3365//193 3366//193
f 3366//193 3365//193 3367//193
f 3366//193 3367//193 3368//193
f 3366//193 3368//193 3369//193
f 3369//193 3368//193 3370//193
f 3369//193 3370//193 3257//193
f 3257//193 3370//193 3255//193
f 3253//193 3199//193 3201//193
f 3200//193 3312//193 3239//193
f 3239//193 3312//193 3241//193
f 3296//193 3205//193 3294//193
f 3294//193 3205//193 3204//193
f 3252//193 3277//193 3254//193
f 3250//193 3239//193 3238//193
f 3331//193 3371//193 3329//193
f 3329//193 3371//193 2829//193
f 3371//193 3372//193 2829//193
f 2829//193 3372//193 3373//193
f 2829//193 3373//193 3374//193
f 3374//193 3375//193 2829//193
f 2829//193 3375//193 3376//193
f 2829//193 3376//193 3352//193
f 3354//193 3377//193 2830//193
f 2830//193 3377//193 3378//193
f 2830//193 3378//193 3357//193
f 1144//39 664//39 1202//39
f 1202//39 664//39 663//39
f 913//550 3331//550 911//550
f 911//550 3331//550 3333//550
f 915//551 3371//551 913//551
f 913//551 3371//551 3331//551
f 917//552 3372//552 915//552
f 915//552 3372//552 3371//552
f 919//553 3373//553 917//553
f 917//553 3373//553 3372//553
f 3375//554 923//554 3376//554
f 3376//554 923//554 861//554
f 3374//555 921//555 3375//555
f 3375//555 921//555 923//555
f 921//556 3374//556 919//556
f 919//556 3374//556 3373//556
f 3334//27 958//27 3333//27
f 3333//27 958//27 911//27
f 973//557 3183//557 800//557
f 800//557 3183//557 3185//557
f 971//558 3174//558 973//558
f 973//558 3174//558 3183//558
f 969//559 3176//559 971//559
f 971//559 3176//559 3174//559
f 966//560 3178//560 969//560
f 969//560 3178//560 3176//560
f 964//561 3342//561 966//561
f 966//561 3342//561 3178//561
f 3335//562 826//562 3334//562
f 3334//562 826//562 958//562
f 3337//563 827//563 3335//563
f 3335//563 827//563 826//563
f 3339//564 960//564 3337//564
f 3337//564 960//564 827//564
f 960//565 3339//565 964//565
f 964//565 3339//565 3342//565
f 800//137 3185//137 975//137
f 975//137 3185//137 3359//137
f 725//566 3287//566 1003//566
f 1003//566 3287//566 3289//566
f 726//567 3285//567 725//567
f 725//567 3285//567 3287//567
f 1002//568 3260//568 726//568
f 726//568 3260//568 3285//568
f 1000//569 3258//569 1002//569
f 1002//569 3258//569 3260//569
f 996//570 3257//570 1000//570
f 1000//570 3257//570 3258//570
f 3364//571 988//571 3359//571
f 3359//571 988//571 975//571
f 3366//572 992//572 3364//572
f 3364//572 992//572 988//572
f 3369//573 994//573 3366//573
f 3366//573 994//573 992//573
f 994//574 3369//574 996//574
f 996//574 3369//574 3257//574
f 3290//3 1006//3 3289//3
f 3289//3 1006//3 1003//3
f 1019//575 3352//575 1020//575
f 1019//576 3353//576 3352//576
f 3354//577 3353//577 1019//577
f 3291//578 1006//578 3290//578
f 3291//579 1008//579 1006//579
f 1010//580 1008//580 3291//580
f 1019//581 1017//581 3354//581
f 3354//582 1017//582 3377//582
f 1017//583 1015//583 3377//583
f 3377//584 1015//584 3378//584
f 1015//585 1013//585 3378//585
f 3378//586 1013//586 3357//586
f 1013//587 1010//587 3357//587
f 3357//588 1010//588 3291//588
f 3376//64 861//64 3352//64
f 3352//64 861//64 1020//64
f 1202//475 770//475 1144//475
f 1144//463 770//463 756//463
f 3172//382 3170//382 769//382
f 769//383 3170//383 757//383
f 3171//475 772//475 3169//475
f 3169//463 772//463 775//463
f 1200//382 1148//382 773//382
f 773//383 1148//383 776//383
f 758//462 759//462 3012//462
f 3012//462 759//462 2966//462
f 3170//589 3169//589 757//589
f 757//590 3169//590 775//590
f 3115//164 3114//164 990//164
f 990//164 3114//164 978//164
f 967//591 3021//591 3020//591
f 968//592 3021//592 967//592
f 968//593 3024//593 3021//593
f 970//594 3024//594 968//594
f 970//595 3026//595 3024//595
f 972//596 3026//596 970//596
f 972//597 3028//597 3026//597
f 802//598 3028//598 972//598
f 802//599 3031//599 3028//599
f 801//600 3031//600 802//600
f 3103//421 3101//421 959//421
f 959//383 3101//383 912//383
f 3136//601 723//601 1004//601
f 3139//602 723//602 3136//602
f 719//603 3165//603 712//603
f 712//158 3165//158 3163//158
f 2875//380 714//380 2881//380
f 2881//381 714//381 733//381
f 1073//516 3162//516 881//516
f 881//158 3162//158 3159//158
f 3164//164 3167//164 883//164
f 883//380 3167//380 1074//380
f 835//516 3144//516 906//516
f 906//158 3144//158 3158//158
f 3160//164 3161//164 879//164
f 879//380 3161//380 1115//380
f 3147//164 3146//164 904//164
f 904//380 3146//380 833//380
f 820//519 811//519 3152//519
f 3152//603 811//603 3150//603
f 2901//380 2955//380 813//380
f 813//380 2955//380 812//380
f 831//516 3148//516 902//516
f 902//158 3148//158 3149//158
f 3154//164 3151//164 909//164
f 909//380 3151//380 829//380
f 839//169 3142//169 891//169
f 891//179 3142//179 3143//179
f 3157//183 3145//183 892//183
f 892//175 3145//175 837//175
f 905//463 894//463 3051//463
f 3051//463 894//463 3049//463
f 906//383 3158//383 892//383
f 892//383 3158//383 3157//383
f 1112//383 3109//383 1103//383
f 1103//383 3109//383 3107//383
f 1114//463 1105//463 3112//463
f 3112//463 1105//463 3110//463
f 893//463 899//463 3047//463
f 3047//463 899//463 3045//463
f 891//383 3143//383 900//383
f 900//383 3143//383 3141//383
f 1102//383 3088//383 1116//383
f 1116//383 3088//383 3086//383
f 1104//463 872//463 3091//463
f 3091//463 872//463 3089//463
f 3102//384 1137//384 3100//384
f 3100//463 1137//463 908//463
f 3153//421 3154//421 1138//421
f 1138//383 3154//383 909//383
f 3104//604 1137//604 3102//604
f 822//605 1137//605 3104//605
f 820//606 3153//606 1138//606
f 3152//607 3153//607 820//607
f 3094//384 901//384 3096//384
f 3096//463 901//463 903//463
f 3149//421 3147//421 902//421
f 902//383 3147//383 904//383
f 930//608 3032//608 932//608
f 930//609 3030//609 3032//609
f 928//610 3030//610 930//610
f 928//611 3029//611 3030//611
f 926//612 3029//612 928//612
f 926//613 3027//613 3029//613
f 933//614 3027//614 926//614
f 3023//615 937//615 3022//615
f 3023//616 935//616 937//616
f 3025//617 935//617 3023//617
f 3025//618 933//618 935//618
f 3027//619 933//619 3025//619
f 938//620 3379//620 3380//620
f 936//621 3379//621 938//621
f 936//622 3381//622 3379//622
f 934//623 3381//623 936//623
f 934//624 3382//624 3381//624
f 925//625 3382//625 934//625
f 925//626 3383//626 3382//626
f 927//627 3383//627 925//627
f 927//628 3384//628 3383//628
f 929//629 3384//629 927//629
f 929//630 3385//630 3384//630
f 931//631 3385//631 929//631
f 1117//632 3116//632 1119//632
f 3043//633 3116//633 1117//633
f 3118//634 1119//634 3116//634
f 3118//635 1121//635 1119//635
f 3119//636 1121//636 3118//636
f 3119//637 1123//637 1121//637
f 3121//638 1123//638 3119//638
f 3121//639 1125//639 1123//639
f 3123//640 1125//640 3121//640
f 1127//641 3125//641 1086//641
f 1127//642 3123//642 3125//642
f 1125//643 3123//643 1127//643
f 1088//644 3386//644 3387//644
f 1087//645 3386//645 1088//645
f 3387//646 1126//646 1088//646
f 3388//647 1126//647 3387//647
f 3388//648 1124//648 1126//648
f 3389//649 1124//649 3388//649
f 3389//650 1122//650 1124//650
f 3390//651 1122//651 3389//651
f 3390//652 1120//652 1122//652
f 3391//653 1120//653 3390//653
f 3391//654 1118//654 1120//654
f 3013//655 1118//655 3391//655
f 796//158 932//158 3033//158
f 3033//158 932//158 3032//158
f 794//381 2998//381 931//381
f 931//381 2998//381 3385//381
f 3129//421 3130//421 1071//421
f 1071//383 3130//383 1113//383
f 3162//384 1073//384 3161//384
f 3161//463 1073//463 1115//463
f 3166//384 1076//384 3167//384
f 3167//463 1076//463 1074//463
f 3137//421 3135//421 1075//421
f 1075//383 3135//383 1072//383
f 3166//656 719//656 1076//656
f 3165//657 719//657 3166//657
f 3137//658 721//658 3138//658
f 1075//659 721//659 3137//659
f 1018//660 3084//660 1107//660
f 1107//661 3084//661 3082//661
f 1106//463 1101//463 3108//463
f 3108//463 1101//463 3106//463
f 1108//463 1110//463 3087//463
f 3087//463 1110//463 3085//463
f 1109//660 3080//660 1111//660
f 1111//660 3080//660 3078//660
f 1021//383 3076//383 1024//383
f 1024//383 3076//383 3074//383
f 1022//662 1023//662 3083//662
f 3083//663 1023//663 3081//663
f 1025//662 1027//662 3079//662
f 3079//662 1027//662 3077//662
f 1026//383 3072//383 1028//383
f 1028//383 3072//383 3070//383
f 862//383 3068//383 865//383
f 865//383 3068//383 3066//383
f 863//463 864//463 3075//463
f 3075//463 864//463 3073//463
f 866//463 868//463 3071//463
f 3071//463 868//463 3069//463
f 867//383 3064//383 852//383
f 852//383 3064//383 3062//383
f 859//660 3060//660 857//660
f 857//661 3060//661 3058//661
f 860//463 858//463 3067//463
f 3067//463 858//463 3065//463
f 856//463 853//463 3063//463
f 3063//463 853//463 3061//463
f 855//660 3056//660 854//660
f 854//660 3056//660 3054//660
f 924//383 3052//383 896//383
f 896//383 3052//383 3050//383
f 922//662 898//662 3059//662
f 3059//663 898//663 3057//663
f 897//662 1135//662 3055//662
f 3055//662 1135//662 3053//662
f 895//383 3048//383 1136//383
f 1136//383 3048//383 3046//383
f 3039//383 3042//383 979//383
f 979//383 3042//383 977//383
f 978//664 3114//664 980//664
f 980//665 3114//665 3044//665
f 3035//383 3038//383 1128//383
f 1128//383 3038//383 974//383
f 976//463 3041//463 1129//463
f 1129//463 3041//463 3040//463
f 3033//666 3034//666 796//666
f 796//667 3034//667 799//667
f 798//463 3037//463 797//463
f 797//463 3037//463 3036//463
f 3392//450 986//450 1092//450
f 3393//451 986//451 3392//451
f 3394//502 1090//502 984//502
f 3395//453 1090//453 3394//453
f 3393//494 742//494 986//494
f 3396//668 742//668 3393//668
f 3397//669 987//669 744//669
f 3015//670 987//670 3397//670
f 3398//450 1058//450 983//450
f 3399//451 1058//451 3398//451
f 3400//502 981//502 1059//502
f 3005//379 981//379 3400//379
f 3018//671 983//671 985//671
f 3398//672 983//672 3018//672
f 3014//673 984//673 982//673
f 3394//674 984//674 3014//674
f 3016//675 746//675 1069//675
f 3401//676 746//676 3016//676
f 3402//677 1067//677 748//677
f 2985//678 1067//678 3402//678
f 3399//494 1070//494 1058//494
f 3017//668 1070//668 3399//668
f 2988//669 1056//669 1068//669
f 2990//670 1056//670 2988//670
f 3403//679 779//679 781//679
f 3003//680 779//680 3403//680
f 2993//368 793//368 1057//368
f 2995//369 793//369 2993//369
f 3006//681 1059//681 795//681
f 3400//682 1059//682 3006//682
f 3155//683 782//683 780//683
f 3404//684 782//684 3155//684
f 2986//494 750//494 1065//494
f 3405//493 750//493 2986//493
f 3406//496 1063//496 752//496
f 2944//495 1063//495 3406//495
f 2991//370 1066//370 1054//370
f 2987//490 1066//490 2991//490
f 2947//491 1052//491 1064//491
f 2950//492 1052//492 2947//492
f 2953//685 789//685 1053//685
f 2956//686 789//686 2953//686
f 2996//673 1055//673 791//673
f 2992//687 1055//687 2996//687
f 2959//368 943//368 790//368
f 3407//369 943//369 2959//369
f 3408//494 792//494 941//494
f 2997//688 792//688 3408//688
f 3396//478 740//478 742//478
f 3409//479 740//479 3396//479
f 3410//476 743//476 741//476
f 2975//477 743//477 3410//477
f 744//452 746//452 3397//452
f 3397//466 746//466 3401//466
f 2977//464 747//464 745//464
f 2979//465 747//465 2977//465
f 3405//469 748//469 750//469
f 3402//474 748//474 3405//474
f 2980//467 751//467 749//467
f 2982//689 751//689 2980//689
f 2948//506 752//506 1047//506
f 3406//690 752//690 2948//690
f 2984//508 754//508 753//508
f 2971//509 754//509 2984//509
f 2974//454 1131//454 1097//454
f 2972//691 1131//691 2974//691
f 2961//692 1098//692 1130//692
f 2962//457 1098//457 2961//457
f 1094//460 1096//460 2976//460
f 2976//461 1096//461 2978//461
f 761//458 1095//458 2965//458
f 2965//459 1095//459 2964//459
f 2989//693 763//693 765//693
f 2981//694 763//694 2989//694
f 2969//695 764//695 2968//695
f 2968//508 764//508 762//508
f 2945//696 1046//696 1044//696
f 2949//697 1046//697 2945//697
f 3004//486 1043//486 1045//486
f 2999//487 1043//487 3004//487
f 2951//673 1062//673 1050//673
f 2946//698 1062//698 2951//698
f 3001//699 1048//699 1042//699
f 2933//700 1048//700 3001//700
f 2934//491 785//491 1049//491
f 2940//492 785//492 2934//492
f 2952//490 1051//490 2957//490
f 2957//370 1051//370 787//370
f 2942//669 947//669 786//669
f 3411//670 947//670 2942//670
f 3412//494 788//494 945//494
f 2958//668 788//668 3412//668
f 1037//701 1038//701 3007//701
f 3007//702 1038//702 3011//702
f 2932//484 1039//484 1036//484
f 2937//498 1039//498 2932//498
f 3403//495 781//495 3010//495
f 3010//496 781//496 1035//496
f 2935//493 1034//493 2941//493
f 2941//494 1034//494 783//494
f 3404//703 1033//703 782//703
f 3156//704 1033//704 3404//704
f 2938//705 784//705 808//705
f 2943//706 784//706 2938//706
f 2918//707 999//707 998//707
f 2914//708 999//708 2918//708
f 3125//709 997//709 1086//709
f 3126//710 997//710 3125//710
f 2924//711 1089//711 1085//711
f 2927//712 1089//712 2924//712
f 3395//713 1087//713 1090//713
f 3386//369 1087//369 3395//369
f 2926//494 738//494 1091//494
f 2929//688 738//688 2926//688
f 3409//368 1092//368 740//368
f 3392//369 1092//369 3409//369
f 3410//714 741//714 2973//714
f 2973//715 741//715 1132//715
f 2931//716 735//716 739//716
f 2906//717 735//717 2931//717
f 3020//718 937//718 967//718
f 3022//719 937//719 3020//719
f 2893//720 965//720 949//720
f 2894//721 965//721 2893//721
f 3380//722 941//722 938//722
f 3408//451 941//451 3380//451
f 2870//723 939//723 940//723
f 2899//724 939//724 2870//724
f 2882//725 946//725 806//725
f 2904//726 946//726 2882//726
f 807//727 947//727 2939//727
f 2939//728 947//728 3411//728
f 3407//450 945//450 943//450
f 3412//451 945//451 3407//451
f 2905//502 942//502 944//502
f 2867//453 942//453 2905//453
f 2879//729 716//729 711//729
f 2877//730 716//730 2879//730
f 2928//413 718//413 717//413
f 3019//731 718//731 2928//731
f 3168//732 1093//732 1134//732
f 2925//733 1093//733 3168//733
f 2876//734 1133//734 715//734
f 2880//735 1133//735 2876//735
f 2868//736 1030//736 948//736
f 2872//737 1030//737 2868//737
f 2954//738 815//738 1029//738
f 2900//684 815//684 2954//684
f 2903//739 818//739 816//739
f 2994//740 818//740 2903//740
f 2873//741 817//741 819//741
f 2869//742 817//742 2873//742
f 3281//743 2878//743 3280//743
f 3280//743 2878//743 2877//743
f 3293//64 2879//64 3281//64
f 3281//64 2879//64 2878//64
f 3280//744 2877//744 3293//744
f 3293//744 2877//744 2879//744
f 3283//3 2881//3 3284//3
f 3284//3 2881//3 2880//3
f 3282//64 2875//64 3283//64
f 3283//64 2875//64 2881//64
f 3279//745 2876//745 3282//745
f 3282//745 2876//745 2875//745
f 3284//746 2880//746 3279//746
f 3279//746 2880//746 2876//746
f 3251//747 2929//747 3252//747
f 3252//747 2929//747 2926//747
f 3314//748 2930//748 3251//748
f 3251//748 2930//748 2929//748
f 3315//3 3168//3 3314//3
f 3314//3 3168//3 2930//3
f 3277//749 2925//749 3315//749
f 3315//749 2925//749 3168//749
f 3252//750 2926//750 3277//750
f 3277//750 2926//750 2925//750
f 3286//751 2921//751 3288//751
f 3288//751 2921//751 2923//751
f 3262//752 2919//752 3286//752
f 3286//752 2919//752 2921//752
f 3261//753 2920//753 3262//753
f 3262//753 2920//753 2919//753
f 3259//754 2922//754 3261//754
f 3261//754 2922//754 2920//754
f 3256//755 2924//755 3259//755
f 3259//755 2924//755 2922//755
f 3254//756 2927//756 3256//756
f 3256//756 2927//756 2924//756
f 3278//743 2928//743 3254//743
f 3254//743 2928//743 2927//743
f 3292//757 3019//757 3278//757
f 3278//757 3019//757 2928//757
f 3288//64 2923//64 3292//64
f 3292//64 2923//64 3019//64
f 3196//758 3398//758 3198//758
f 3198//758 3398//758 3018//758
f 3194//750 3399//750 3196//750
f 3196//750 3399//750 3398//750
f 3308//759 3017//759 3194//759
f 3194//759 3017//759 3399//759
f 3198//760 3018//760 3308//760
f 3308//760 3018//760 3017//760
f 3370//761 3387//761 3255//761
f 3255//761 3387//761 3386//761
f 3368//762 3388//762 3370//762
f 3370//762 3388//762 3387//762
f 3367//763 3389//763 3368//763
f 3368//763 3389//763 3388//763
f 3365//764 3390//764 3367//764
f 3367//764 3390//764 3389//764
f 3363//765 3391//765 3365//765
f 3365//765 3391//765 3390//765
f 3360//766 3013//766 3363//766
f 3363//766 3013//766 3391//766
f 3197//64 3014//64 3360//64
f 3360//64 3014//64 3013//64
f 3199//767 3394//767 3197//767
f 3197//767 3394//767 3014//767
f 3253//743 3395//743 3199//743
f 3199//743 3395//743 3394//743
f 3255//768 3386//768 3253//768
f 3253//768 3386//768 3395//768
f 3191//64 3006//64 3195//64
f 3195//64 3006//64 3005//64
f 3191//747 3400//747 3006//747
f 3193//747 3400//747 3191//747
f 3193//743 3005//743 3400//743
f 3195//743 3005//743 3193//743
f 3192//769 2993//769 3206//769
f 3206//769 2993//769 2992//769
f 3190//768 2995//768 3192//768
f 3192//768 2995//768 2993//768
f 3189//770 2996//770 3190//770
f 3190//770 2996//770 2995//770
f 3206//771 2992//771 3189//771
f 3189//771 2992//771 2996//771
f 3187//772 2998//772 3188//772
f 3188//772 2998//772 2997//772
f 3186//64 3385//64 3187//64
f 3187//64 3385//64 2998//64
f 3184//773 3384//773 3186//773
f 3186//773 3384//773 3385//773
f 3182//774 3383//774 3184//774
f 3184//774 3383//774 3384//774
f 3173//775 3382//775 3182//775
f 3182//775 3382//775 3383//775
f 3175//776 3381//776 3173//776
f 3173//776 3381//776 3382//776
f 3177//777 3379//777 3175//777
f 3175//777 3379//777 3381//777
f 3179//778 3380//778 3177//778
f 3177//778 3380//778 3379//778
f 3202//750 3408//750 3179//750
f 3179//750 3408//750 3380//750
f 3188//747 2997//747 3202//747
f 3202//747 2997//747 3408//747
f 3181//747 2870//747 3327//747
f 3327//747 2870//747 2869//747
f 3180//779 2899//779 3181//779
f 3181//779 2899//779 2870//779
f 3341//780 2897//780 3180//780
f 3180//780 2897//780 2899//780
f 3340//781 2895//781 3341//781
f 3341//781 2895//781 2897//781
f 3338//782 2896//782 3340//782
f 3340//782 2896//782 2895//782
f 3336//783 2898//783 3338//783
f 3338//783 2898//783 2896//783
f 3332//784 2874//784 3336//784
f 3336//784 2874//784 2898//784
f 3330//64 2873//64 3332//64
f 3332//64 2873//64 2874//64
f 3327//785 2869//785 3330//785
f 3330//785 2869//785 2873//785
f 3328//747 2903//747 3343//747
f 3343//747 2903//747 2902//747
f 3329//786 2994//786 3328//786
f 3328//786 2994//786 2903//786
f 3343//64 2902//64 3329//64
f 3329//64 2902//64 2994//64
f 3345//64 2955//64 3344//64
f 3344//64 2955//64 2901//64
f 2955//27 3345//27 2954//27
f 2954//27 3345//27 3324//27
f 3326//787 2900//787 3324//787
f 3324//787 2900//787 2954//787
f 3344//788 2901//788 3326//788
f 3326//788 2901//788 2900//788
f 3322//27 2871//27 3323//27
f 3323//27 2871//27 2872//27
f 3220//789 2905//789 3322//789
f 3322//789 2905//789 2871//789
f 3219//743 2867//743 3220//743
f 3220//743 2867//743 2905//743
f 3325//768 2868//768 3219//768
f 3219//768 2868//768 2867//768
f 3323//790 2872//790 3325//790
f 3325//790 2872//790 2868//790
f 3321//791 2883//791 3222//791
f 3222//791 2883//791 2904//791
f 2883//27 3321//27 2882//27
f 2882//27 3321//27 3224//27
f 3222//792 2904//792 3224//792
f 3224//792 2904//792 2882//792
f 3229//793 2943//793 3227//793
f 3227//793 2943//793 2938//793
f 3295//794 2942//794 3229//794
f 3229//794 2942//794 2943//794
f 3223//795 3411//795 3295//795
f 3295//795 3411//795 2942//795
f 3225//750 2939//750 3223//750
f 3223//750 2939//750 3411//750
f 2939//27 3225//27 2938//27
f 2938//27 3225//27 3227//27
f 3204//769 2959//769 3294//769
f 3294//769 2959//769 2958//769
f 3203//768 3407//768 3204//768
f 3204//768 3407//768 2959//768
f 3221//750 3412//750 3203//750
f 3203//750 3412//750 3407//750
f 3294//759 2958//759 3221//759
f 3221//759 2958//759 3412//759
f 3207//796 2953//796 3298//796
f 3298//796 2953//796 2952//796
f 3205//797 2956//797 3207//797
f 3207//797 2956//797 2953//797
f 3296//798 2957//798 3205//798
f 3205//798 2957//798 2956//798
f 3298//799 2952//799 3296//799
f 3296//799 2952//799 2957//799
f 3307//794 2988//794 3210//794
f 3210//794 2988//794 2987//794
f 3307//795 2990//795 2988//795
f 3309//795 2990//795 3307//795
f 3309//798 2991//798 2990//798
f 3208//798 2991//798 3309//798
f 3210//799 2987//799 3208//799
f 3208//799 2987//799 2991//799
f 3212//800 2986//800 3310//800
f 3310//800 2986//800 2985//800
f 3214//799 3405//799 3212//799
f 3212//799 3405//799 2986//799
f 3245//796 3402//796 3214//796
f 3214//796 3402//796 3405//796
f 3310//749 2985//749 3245//749
f 3245//749 2985//749 3402//749
f 3311//801 3016//801 3312//801
f 3312//801 3016//801 3015//801
f 3243//802 3401//802 3311//802
f 3311//802 3401//802 3016//802
f 3241//794 3397//794 3243//794
f 3243//794 3397//794 3401//794
f 3312//795 3015//795 3241//795
f 3241//795 3015//795 3397//795
f 3239//759 3396//759 3200//759
f 3200//759 3396//759 3393//759
f 3250//769 3409//769 3239//769
f 3239//769 3409//769 3396//769
f 3201//768 3392//768 3250//768
f 3250//768 3392//768 3409//768
f 3200//750 3393//750 3201//750
f 3201//750 3393//750 3392//750
f 3266//799 2974//799 3240//799
f 3240//799 2974//799 2975//799
f 3264//803 2972//803 3266//803
f 3266//803 2972//803 2974//803
f 3247//3 2973//3 3264//3
f 3264//3 2973//3 2972//3
f 3238//768 3410//768 3247//768
f 3247//768 3410//768 2973//768
f 3240//798 2975//798 3238//798
f 3238//798 2975//798 3410//798
f 3313//3 2907//3 3248//3
f 3248//3 2907//3 2906//3
f 3249//804 2931//804 3313//804
f 3313//804 2931//804 2907//804
f 3248//805 2906//805 3249//805
f 3249//805 2906//805 2931//805
f 3320//746 2960//746 3267//746
f 3267//746 2960//746 2962//746
f 3265//3 2961//3 3320//3
f 3320//3 2961//3 2960//3
f 3267//804 2962//804 3265//804
f 3265//804 2962//804 2961//804
f 3244//800 2979//800 3242//800
f 3242//800 2979//800 2977//800
f 3270//799 2978//799 3244//799
f 3244//799 2978//799 2979//799
f 3268//794 2976//794 3270//794
f 3270//794 2976//794 2978//794
f 3242//806 2977//806 3268//806
f 3268//806 2977//806 2976//806
f 3211//794 2947//794 3302//794
f 3302//794 2947//794 2946//794
f 3209//806 2950//806 3211//806
f 3211//806 2950//806 2947//806
f 3300//790 2951//790 3209//790
f 3209//790 2951//790 2950//790
f 3302//802 2946//802 3300//802
f 3300//802 2946//802 2951//802
f 3299//794 2934//794 3233//794
f 3233//794 2934//794 2935//794
f 3297//806 2940//806 3299//806
f 3299//806 2940//806 2934//806
f 3231//800 2941//800 3297//800
f 3297//800 2941//800 2940//800
f 3233//799 2935//799 3231//799
f 3231//799 2935//799 2941//799
f 3230//787 3404//787 3351//787
f 3351//787 3404//787 3155//787
f 3228//791 3156//791 3230//791
f 3230//791 3156//791 3404//791
f 3156//27 3228//27 3155//27
f 3155//27 3228//27 3351//27
f 3003//27 3350//27 3002//27
f 3002//27 3350//27 3349//27
f 3348//137 3009//137 3349//137
f 3349//137 3009//137 3002//137
f 3234//743 3010//743 3348//743
f 3348//743 3010//743 3009//743
f 3232//807 3403//807 3234//807
f 3234//807 3403//807 3010//807
f 3350//808 3003//808 3232//808
f 3232//808 3003//808 3403//808
f 3358//137 2936//137 3347//137
f 3347//137 2936//137 2937//137
f 3303//743 3001//743 3358//743
f 3358//743 3001//743 2936//743
f 3301//809 2933//809 3303//809
f 3303//809 2933//809 3001//809
f 3235//810 2932//810 3301//810
f 3301//810 2932//810 2933//810
f 3347//747 2937//747 3235//747
f 3235//747 2937//747 2932//747
f 3362//137 2948//137 3355//137
f 3355//137 2948//137 2949//137
f 3215//811 3406//811 3362//811
f 3362//811 3406//811 2948//811
f 3215//807 2944//807 3406//807
f 3213//807 2944//807 3215//807
f 3213//810 2945//810 2944//810
f 3304//810 2945//810 3213//810
f 3355//812 2949//812 3304//812
f 3304//812 2949//812 2945//812
f 3216//813 2982//813 3246//813
f 3246//813 2982//813 2980//813
f 3276//747 2983//747 3216//747
f 3216//747 2983//747 2982//747
f 2983//137 3276//137 2989//137
f 2989//137 3276//137 3275//137
f 3272//814 2981//814 3275//814
f 3275//814 2981//814 2989//814
f 3246//807 2980//807 3272//807
f 3272//807 2980//807 2981//807
f 3317//815 2966//815 3271//815
f 3271//815 2966//815 2965//815
f 3318//137 3012//137 3317//137
f 3317//137 3012//137 2966//137
f 3319//3 2963//3 3318//3
f 3318//3 2963//3 3012//3
f 3269//816 2964//816 3319//816
f 3319//816 2964//816 2963//816
f 3271//810 2965//810 3269//810
f 3269//810 2965//810 2964//810
f 2969//137 3274//137 2967//137
f 2967//137 3274//137 3316//137
f 3273//817 2968//817 3316//817
f 3316//817 2968//817 2967//817
f 3274//818 2969//818 3273//818
f 3273//818 2969//818 2968//818
f 2971//137 3361//137 2970//137
f 2970//137 3361//137 3218//137
f 3217//819 2984//819 3218//819
f 3218//819 2984//819 2970//819
f 3361//820 2971//820 3217//820
f 3217//820 2971//820 2984//820
f 3306//137 3004//137 3356//137
f 3356//137 3004//137 3000//137
f 3305//817 2999//817 3306//817
f 3306//817 2999//817 3004//817
f 3356//818 3000//818 3305//818
f 3305//818 3000//818 2999//818
f 3237//137 3011//137 3346//137
f 3346//137 3011//137 3008//137
f 3236//819 3007//819 3237//819
f 3237//819 3007//819 3011//819
f 3346//820 3008//820 3236//820
f 3236//820 3008//820 3007//820
f 769//137 772//137 3172//137
f 3172//137 772//137 3171//137
f 3413//137 3414//137 3263//137
f 3226//137 3415//137 3416//137
f 3417//137 3413//137 43//137
f 43//137 3413//137 40//137
f 43//137 40//137 5//137
f 5//137 40//137 29//137
f 5//137 29//137 1//137
f 1//137 29//137 33//137
f 1//137 33//137 3418//137
f 3418//137 33//137 19//137
f 3418//137 19//137 17//137
f 17//137 19//137 23//137
f 17//137 23//137 3419//137
f 3419//137 23//137 77//137
f 3419//137 77//137 87//137
f 87//137 77//137 81//137
f 87//137 81//137 3420//137
f 3420//137 81//137 129//137
f 3420//137 129//137 127//137
f 127//137 129//137 133//137
f 127//137 133//137 3421//137
f 3421//137 133//137 217//137
f 3421//137 217//137 283//137
f 283//137 217//137 221//137
f 283//137 221//137 3422//137
f 3422//137 221//137 229//137
f 3422//137 229//137 277//137
f 277//137 229//137 233//137
f 277//137 233//137 3423//137
f 3423//137 233//137 267//137
f 3423//137 267//137 307//137
f 307//137 267//137 271//137
f 307//137 271//137 3424//137
f 3424//137 271//137 309//137
f 3424//137 309//137 335//137
f 335//137 309//137 313//137
f 335//137 313//137 3425//137
f 3425//137 313//137 325//137
f 3425//137 325//137 387//137
f 387//137 325//137 329//137
f 387//137 329//137 3426//137
f 3426//137 329//137 390//137
f 3426//137 390//137 399//137
f 399//137 390//137 389//137
f 399//137 389//137 3427//137
f 3427//137 389//137 408//137
f 3427//137 408//137 411//137
f 411//137 408//137 407//137
f 411//137 407//137 3428//137
f 3428//137 407//137 3429//137
f 3429//137 407//137 3430//137
f 3430//137 407//137 3431//137
f 3431//137 407//137 3432//137
f 3431//137 3432//137 393//137
f 393//137 3432//137 389//137
f 389//137 3432//137 408//137
f 44//137 3433//137 3417//137
f 3417//137 3433//137 3434//137
f 3417//137 3434//137 3435//137
f 43//137 5//137 44//137
f 44//137 5//137 3436//137
f 44//137 3436//137 3433//137
f 3433//137 3436//137 3437//137
f 3433//137 3437//137 26//137
f 26//137 3437//137 2//137
f 26//137 2//137 3438//137
f 3438//137 2//137 14//137
f 3438//137 14//137 3439//137
f 3439//137 14//137 3440//137
f 3440//137 14//137 13//137
f 3440//137 13//137 90//137
f 90//137 13//137 84//137
f 90//137 84//137 3441//137
f 3441//137 84//137 83//137
f 3441//137 83//137 118//137
f 118//137 83//137 124//137
f 118//137 124//137 123//137
f 13//137 17//137 84//137
f 84//137 17//137 3419//137
f 1//137 3418//137 2//137
f 2//137 3418//137 14//137
f 55//137 20//137 51//137
f 51//137 20//137 47//137
f 51//137 47//137 3442//137
f 3443//137 71//137 55//137
f 55//137 71//137 78//137
f 55//137 78//137 3444//137
f 3444//137 78//137 23//137
f 23//137 78//137 77//137
f 3445//137 58//137 3443//137
f 3443//137 58//137 57//137
f 3443//137 57//137 72//137
f 72//137 57//137 61//137
f 72//137 61//137 3446//137
f 3446//137 61//137 65//137
f 3446//137 65//137 136//137
f 136//137 65//137 141//137
f 136//137 141//137 145//137
f 58//137 3445//137 3263//137
f 3263//137 3445//137 52//137
f 3263//137 52//137 3442//137
f 3442//137 52//137 51//137
f 3263//137 3442//137 48//137
f 47//137 3447//137 48//137
f 48//137 3447//137 3448//137
f 48//137 3448//137 3263//137
f 3263//137 3448//137 30//137
f 3263//137 30//137 39//137
f 39//137 30//137 29//137
f 39//137 29//137 40//137
f 65//137 3449//137 141//137
f 141//137 3449//137 142//137
f 142//137 3449//137 67//137
f 142//137 67//137 147//137
f 147//137 67//137 3450//137
f 147//137 3450//137 148//137
f 148//137 3450//137 3226//137
f 148//137 3226//137 3451//137
f 3451//137 3226//137 154//137
f 3451//137 154//137 3452//137
f 3452//137 154//137 153//137
f 3452//137 153//137 176//137
f 176//137 153//137 3453//137
f 176//137 3453//137 3454//137
f 3454//137 3453//137 158//137
f 3454//137 158//137 170//137
f 170//137 158//137 3455//137
f 170//137 3455//137 164//137
f 67//137 3449//137 68//137
f 68//137 3449//137 3456//137
f 68//137 3456//137 3226//137
f 3226//137 3456//137 3263//137
f 3263//137 3456//137 62//137
f 3263//137 62//137 3457//137
f 3457//137 62//137 61//137
f 3457//137 61//137 57//137
f 78//137 75//137 3458//137
f 3458//137 75//137 135//137
f 3458//137 135//137 130//137
f 130//137 135//137 3459//137
f 3459//137 135//137 139//137
f 3459//137 139//137 218//137
f 218//137 139//137 211//137
f 218//137 211//137 215//137
f 81//137 3458//137 129//137
f 129//137 3458//137 130//137
f 3440//137 90//137 11//137
f 11//137 90//137 89//137
f 11//137 89//137 3460//137
f 3460//137 89//137 99//137
f 3460//137 99//137 35//137
f 35//137 99//137 3461//137
f 35//137 3461//137 3433//137
f 3433//137 3461//137 3462//137
f 3433//137 3462//137 3463//137
f 3463//137 3462//137 102//137
f 3463//137 102//137 101//137
f 89//137 93//137 99//137
f 99//137 93//137 95//137
f 95//137 93//137 117//137
f 95//137 117//137 3464//137
f 3464//137 117//137 115//137
f 115//137 117//137 121//137
f 115//137 121//137 3465//137
f 3465//137 121//137 285//137
f 3465//137 285//137 289//137
f 93//137 3441//137 117//137
f 117//137 3441//137 118//137
f 111//137 109//137 112//137
f 112//137 109//137 3466//137
f 112//137 3466//137 96//137
f 96//137 3466//137 102//137
f 96//137 102//137 3462//137
f 115//137 292//137 111//137
f 111//137 292//137 3467//137
f 111//137 3467//137 105//137
f 105//137 3467//137 350//137
f 105//137 350//137 106//137
f 106//137 350//137 3468//137
f 106//137 3468//137 356//137
f 95//137 3464//137 96//137
f 96//137 3464//137 112//137
f 285//137 121//137 286//137
f 286//137 121//137 3469//137
f 286//137 3469//137 280//137
f 280//137 3469//137 123//137
f 280//137 123//137 127//137
f 3469//137 118//137 123//137
f 87//137 3420//137 83//137
f 83//137 3420//137 124//137
f 217//137 133//137 218//137
f 218//137 133//137 3459//137
f 139//137 3470//137 211//137
f 211//137 3470//137 212//137
f 212//137 3470//137 189//137
f 212//137 189//137 3471//137
f 3471//137 189//137 193//137
f 3471//137 193//137 224//137
f 224//137 193//137 195//137
f 224//137 195//137 199//137
f 189//137 3470//137 145//137
f 145//137 3470//137 136//137
f 3446//137 136//137 75//137
f 75//137 136//137 135//137
f 189//137 145//137 190//137
f 190//137 145//137 3472//137
f 190//137 3472//137 151//137
f 151//137 3472//137 147//137
f 147//137 3472//137 142//137
f 3226//137 3450//137 68//137
f 158//137 157//137 3455//137
f 3455//137 157//137 3473//137
f 3473//137 157//137 181//137
f 3473//137 181//137 186//137
f 186//137 181//137 3416//137
f 186//137 3416//137 3474//137
f 3474//137 3416//137 3475//137
f 3474//137 3475//137 3476//137
f 181//137 157//137 182//137
f 182//137 157//137 161//137
f 182//137 161//137 3226//137
f 3226//137 161//137 3477//137
f 3226//137 3477//137 3478//137
f 3478//137 3477//137 3453//137
f 3478//137 3453//137 153//137
f 186//137 185//137 3473//137
f 3473//137 185//137 167//137
f 167//137 185//137 3479//137
f 167//137 3479//137 163//137
f 163//137 3479//137 3480//137
f 163//137 3480//137 164//137
f 164//137 3480//137 202//137
f 164//137 202//137 3481//137
f 3481//137 202//137 3482//137
f 3481//137 3482//137 206//137
f 3479//137 185//137 3474//137
f 3471//137 223//137 215//137
f 215//137 223//137 230//137
f 215//137 230//137 3483//137
f 3483//137 230//137 229//137
f 3483//137 229//137 221//137
f 195//137 3484//137 196//137
f 196//137 3484//137 179//137
f 196//137 179//137 169//137
f 169//137 179//137 3454//137
f 169//137 3454//137 170//137
f 3485//137 241//137 199//137
f 199//137 241//137 236//137
f 199//137 236//137 3486//137
f 3486//137 236//137 227//137
f 227//137 236//137 235//137
f 227//137 235//137 3487//137
f 3487//137 235//137 268//137
f 3487//137 268//137 267//137
f 196//137 169//137 3485//137
f 3485//137 169//137 173//137
f 3485//137 173//137 242//137
f 242//137 173//137 206//137
f 242//137 206//137 205//137
f 202//137 201//137 3482//137
f 3482//137 201//137 3488//137
f 3488//137 201//137 3479//137
f 3488//137 3479//137 209//137
f 209//137 3479//137 3489//137
f 209//137 3489//137 205//137
f 205//137 3489//137 248//137
f 205//137 248//137 3490//137
f 3490//137 248//137 3491//137
f 3490//137 3491//137 245//137
f 245//137 3491//137 252//137
f 245//137 252//137 3492//137
f 3492//137 252//137 262//137
f 3492//137 262//137 261//137
f 3479//137 201//137 3480//137
f 3483//137 218//137 215//137
f 224//137 223//137 3471//137
f 230//137 223//137 3487//137
f 3487//137 223//137 227//137
f 3486//137 224//137 199//137
f 233//137 3487//137 267//137
f 235//137 239//137 268//137
f 268//137 239//137 3493//137
f 3493//137 239//137 310//137
f 3493//137 310//137 271//137
f 271//137 310//137 309//137
f 310//137 239//137 261//137
f 261//137 239//137 3492//137
f 245//137 3492//137 241//137
f 241//137 3492//137 236//137
f 3491//137 247//137 3494//137
f 3494//137 247//137 3479//137
f 3494//137 3479//137 3431//137
f 252//137 251//137 262//137
f 262//137 251//137 3495//137
f 3495//137 251//137 258//137
f 3495//137 258//137 3496//137
f 3496//137 258//137 257//137
f 3496//137 257//137 3497//137
f 3497//137 257//137 3431//137
f 3497//137 3431//137 319//137
f 319//137 3431//137 3498//137
f 319//137 3498//137 315//137
f 315//137 3498//137 322//137
f 315//137 322//137 3499//137
f 3499//137 322//137 3500//137
f 3499//137 3500//137 329//137
f 329//137 3500//137 390//137
f 258//137 251//137 3501//137
f 3501//137 251//137 255//137
f 3501//137 255//137 3431//137
f 3431//137 255//137 3494//137
f 310//137 261//137 3502//137
f 3502//137 261//137 265//137
f 3502//137 265//137 326//137
f 326//137 265//137 316//137
f 326//137 316//137 3499//137
f 3499//137 316//137 315//137
f 316//137 265//137 3496//137
f 3496//137 265//137 3495//137
f 313//137 3502//137 325//137
f 325//137 3502//137 326//137
f 3422//137 274//137 283//137
f 283//137 274//137 279//137
f 279//137 274//137 298//137
f 279//137 298//137 3503//137
f 3503//137 298//137 297//137
f 3503//137 297//137 289//137
f 289//137 297//137 3504//137
f 289//137 3504//137 295//137
f 295//137 3504//137 344//137
f 295//137 344//137 291//137
f 291//137 344//137 3505//137
f 291//137 3505//137 353//137
f 353//137 3505//137 366//137
f 353//137 366//137 349//137
f 349//137 366//137 3506//137
f 349//137 3506//137 359//137
f 359//137 3506//137 3507//137
f 359//137 3507//137 360//137
f 360//137 3507//137 450//137
f 360//137 450//137 3508//137
f 3508//137 450//137 449//137
f 3508//137 449//137 453//137
f 453//137 449//137 3509//137
f 453//137 3509//137 3510//137
f 274//137 273//137 298//137
f 298//137 273//137 3511//137
f 3511//137 273//137 338//137
f 3511//137 338//137 337//137
f 277//137 3423//137 273//137
f 273//137 3423//137 304//137
f 273//137 304//137 338//137
f 338//137 304//137 3512//137
f 3512//137 304//137 303//137
f 3512//137 303//137 332//137
f 332//137 303//137 307//137
f 332//137 307//137 3424//137
f 295//137 3465//137 289//137
f 3465//137 292//137 115//137
f 3467//137 292//137 353//137
f 353//137 292//137 291//137
f 3504//137 297//137 347//137
f 347//137 297//137 301//137
f 347//137 301//137 337//137
f 337//137 301//137 3511//137
f 344//137 343//137 3505//137
f 3505//137 343//137 369//137
f 369//137 343//137 3513//137
f 369//137 3513//137 365//137
f 365//137 3513//137 3514//137
f 365//137 3514//137 440//137
f 440//137 3514//137 3515//137
f 3515//137 3514//137 434//137
f 3515//137 434//137 3516//137
f 3516//137 434//137 433//137
f 3516//137 433//137 429//137
f 429//137 433//137 437//137
f 429//137 437//137 430//137
f 430//137 437//137 371//137
f 430//137 371//137 3517//137
f 3517//137 371//137 375//137
f 3517//137 375//137 3518//137
f 3518//137 375//137 341//137
f 3518//137 341//137 377//137
f 377//137 341//137 378//137
f 378//137 341//137 3512//137
f 378//137 3512//137 332//137
f 347//137 3519//137 343//137
f 343//137 3519//137 372//137
f 343//137 372//137 3513//137
f 3513//137 372//137 437//137
f 437//137 372//137 371//137
f 332//137 331//137 378//137
f 378//137 331//137 3520//137
f 3520//137 331//137 3521//137
f 3520//137 3521//137 402//137
f 335//137 3425//137 331//137
f 331//137 3425//137 384//137
f 331//137 384//137 3521//137
f 3521//137 384//137 383//137
f 3521//137 383//137 3522//137
f 3522//137 383//137 416//137
f 3522//137 416//137 415//137
f 322//137 321//137 3500//137
f 3500//137 321//137 3523//137
f 3523//137 321//137 3431//137
f 3523//137 3431//137 393//137
f 3431//137 321//137 3498//137
f 3506//137 366//137 447//137
f 447//137 366//137 365//137
f 447//137 365//137 440//137
f 450//137 3507//137 3524//137
f 3524//137 3507//137 444//137
f 3524//137 444//137 3516//137
f 3516//137 444//137 443//137
f 3516//137 443//137 439//137
f 439//137 443//137 447//137
f 439//137 447//137 440//137
f 3518//137 377//137 427//137
f 427//137 377//137 381//137
f 427//137 381//137 420//137
f 420//137 381//137 402//137
f 420//137 402//137 3525//137
f 3525//137 402//137 401//137
f 3525//137 401//137 3526//137
f 3526//137 401//137 405//137
f 3526//137 405//137 415//137
f 415//137 405//137 3522//137
f 430//137 3517//137 3527//137
f 3527//137 3517//137 424//137
f 3527//137 424//137 3516//137
f 3516//137 424//137 423//137
f 3516//137 423//137 3526//137
f 3526//137 423//137 419//137
f 3526//137 419//137 3525//137
f 423//137 427//137 419//137
f 419//137 427//137 420//137
f 3426//137 3528//137 387//137
f 387//137 3528//137 383//137
f 383//137 3528//137 416//137
f 416//137 3528//137 3529//137
f 3529//137 3528//137 396//137
f 3529//137 396//137 3526//137
f 3526//137 396//137 395//137
f 3526//137 395//137 412//137
f 412//137 395//137 399//137
f 412//137 399//137 3427//137
f 3526//137 415//137 3529//137
f 3526//137 412//137 411//137
f 3516//137 429//137 3527//137
f 3516//137 439//137 3515//137
f 3508//137 454//137 360//137
f 360//137 454//137 3530//137
f 3530//137 454//137 3463//137
f 3530//137 3463//137 3531//137
f 3531//137 3463//137 355//137
f 3531//137 355//137 363//137
f 363//137 355//137 3468//137
f 363//137 3468//137 350//137
f 3463//137 454//137 453//137
f 3524//137 3516//137 449//137
f 449//137 3516//137 3532//137
f 449//137 3532//137 3509//137
f 359//137 363//137 349//137
f 349//137 363//137 350//137
f 355//137 3463//137 356//137
f 356//137 3463//137 3533//137
f 356//137 3533//137 106//137
f 375//137 3519//137 341//137
f 341//137 3519//137 337//137
f 337//137 3519//137 347//137
f 381//137 3520//137 402//137
f 279//137 3503//137 280//137
f 280//137 3503//137 286//137
f 3431//137 257//137 3501//137
f 248//137 247//137 3491//137
f 3479//137 247//137 3489//137
f 3421//137 280//137 127//137
f 3490//137 242//137 205//137
f 242//137 241//137 3485//137
f 173//137 3481//137 206//137
f 3481//137 170//137 164//137
f 3484//137 190//137 179//137
f 179//137 190//137 175//137
f 175//137 190//137 151//137
f 175//137 151//137 176//137
f 176//137 151//137 3452//137
f 193//137 3484//137 195//137
f 3226//137 3478//137 154//137
f 3466//137 109//137 101//137
f 101//137 109//137 3534//137
f 101//137 3534//137 3463//137
f 3463//137 3534//137 3533//137
f 105//137 109//137 111//137
f 3460//137 36//137 11//137
f 11//137 36//137 7//137
f 7//137 36//137 3433//137
f 7//137 3433//137 8//137
f 8//137 3433//137 25//137
f 8//137 25//137 3439//137
f 3439//137 25//137 3438//137
f 3433//137 36//137 35//137
f 3263//137 3457//137 58//137
f 72//137 71//137 3443//137
f 71//137 75//137 78//137
f 47//137 20//137 3447//137
f 3447//137 20//137 19//137
f 3447//137 19//137 33//137
f 3444//137 20//137 55//137
f 3433//137 26//137 25//137
f 39//137 3413//137 3263//137
f 3226//137 3416//137 182//137
f 3416//137 3415//137 3475//137
f 3476//137 3535//137 3474//137
f 3474//137 3535//137 3479//137
f 3428//137 3536//137 411//137
f 411//137 3536//137 3526//137
f 3510//137 3537//137 453//137
f 453//137 3537//137 3463//137
f 3435//137 3538//137 3417//137
f 3417//137 3538//137 3413//137
f 3538//137 3414//137 3413//137
f 3539//821 1923//821 1926//821
f 3540//822 1923//822 3539//822
f 3541//823 1928//823 1783//823
f 3542//824 1928//824 3541//824
f 3543//825 1920//825 3544//825
f 3544//826 1920//826 1921//826
f 3545//827 1785//827 3546//827
f 3546//828 1785//828 1787//828
f 3547//829 1973//829 2008//829
f 3548//830 1973//830 3547//830
f 3549//831 1975//831 1974//831
f 3550//832 1975//832 3549//832
f 3551//833 2031//833 3550//833
f 3550//827 2031//827 1975//827
f 1977//834 3552//834 1978//834
f 1978//835 3552//835 3553//835
f 3554//836 1772//836 3555//836
f 3555//836 1772//836 1919//836
f 3556//27 3557//27 3558//27
f 3558//27 3557//27 3559//27
f 3558//27 3559//27 3560//27
f 3560//27 3559//27 3561//27
f 3557//27 3556//27 3562//27
f 3562//27 3556//27 3563//27
f 3562//27 3563//27 3564//27
f 3564//27 3563//27 3565//27
f 3565//27 3563//27 3566//27
f 3558//837 1791//837 1940//837
f 3560//838 1791//838 3558//838
f 1940//839 3556//839 3558//839
f 1939//840 3556//840 1940//840
f 1939//841 3563//841 3556//841
f 1937//842 3563//842 1939//842
f 1937//843 3566//843 3563//843
f 1934//844 3566//844 1937//844
f 2001//845 3557//845 1999//845
f 3559//846 3557//846 2001//846
f 1789//847 3559//847 2001//847
f 3561//848 3559//848 1789//848
f 3562//849 1999//849 3557//849
f 3562//850 1997//850 1999//850
f 3564//851 1997//851 3562//851
f 3564//852 1996//852 1997//852
f 3565//853 1996//853 3564//853
f 1996//854 3565//854 1932//854
f 2000//855 3567//855 3568//855
f 1995//856 3569//856 1998//856
f 1998//857 3567//857 2000//857
f 1998//858 3569//858 3567//858
f 2000//859 3570//859 2002//859
f 2000//860 3568//860 3570//860
f 3546//861 1787//861 2002//861
f 3546//862 2002//862 3570//862
f 3571//863 3569//863 1995//863
f 3571//864 1995//864 1930//864
f 3572//865 1779//865 1781//865
f 3573//866 1779//866 3572//866
f 3574//867 1782//867 1780//867
f 3575//868 1782//868 3574//868
f 3576//869 1919//869 1917//869
f 3555//870 1919//870 3576//870
f 3543//871 1918//871 1920//871
f 3577//872 1918//872 3543//872
f 3578//873 3579//873 1705//873
f 1705//873 3579//873 1706//873
f 3580//27 3581//27 3582//27
f 3582//27 3581//27 3583//27
f 3582//27 3583//27 3584//27
f 3584//27 3583//27 3585//27
f 3584//27 3585//27 3586//27
f 3581//27 3580//27 3587//27
f 3587//27 3580//27 3588//27
f 3587//27 3588//27 3589//27
f 3586//27 3590//27 3584//27
f 1847//874 3584//874 3590//874
f 1849//875 3584//875 1847//875
f 1849//876 3582//876 3584//876
f 1851//877 3582//877 1849//877
f 1851//878 3580//878 3582//878
f 1853//879 3580//879 1851//879
f 1853//880 3588//880 3580//880
f 1854//881 3588//881 1853//881
f 1877//882 3583//882 1883//882
f 3585//883 3583//883 1877//883
f 1874//884 3585//884 1877//884
f 3586//885 3585//885 1874//885
f 3581//886 1883//886 3583//886
f 3581//887 1885//887 1883//887
f 3587//888 1885//888 3581//888
f 3587//889 1887//889 1885//889
f 3589//890 1887//890 3587//890
f 1887//891 3589//891 1889//891
f 1884//892 3591//892 3592//892
f 1888//893 3593//893 1886//893
f 1886//894 3591//894 1884//894
f 1886//895 3593//895 3591//895
f 1884//896 3594//896 1878//896
f 1884//897 3592//897 3594//897
f 3595//898 3593//898 1888//898
f 3595//899 1888//899 1890//899
f 3596//900 1879//900 1878//900
f 3596//901 1878//901 3594//901
f 3597//902 1968//902 1971//902
f 3598//903 1968//903 3597//903
f 3599//904 1972//904 1970//904
f 3600//905 1972//905 3599//905
f 3601//906 1707//906 1708//906
f 3602//907 1707//907 3601//907
f 3579//908 1709//908 1706//908
f 3603//909 1709//909 3579//909
f 1984//910 2006//910 3604//910
f 3604//911 2006//911 3605//911
f 2004//912 1994//912 3606//912
f 3606//913 1994//913 3607//913
f 1986//914 1985//914 3608//914
f 3608//915 1985//915 3609//915
f 3610//826 1774//826 3611//826
f 3611//916 1774//916 1773//916
f 3612//917 1749//917 1751//917
f 3613//918 1749//918 3612//918
f 1752//904 1750//904 3614//904
f 3614//919 1750//919 3615//919
f 3616//920 1990//920 1839//920
f 3617//921 1990//921 3616//921
f 3618//922 1837//922 2007//922
f 3619//923 1837//923 3618//923
f 1993//914 1992//914 3620//914
f 3620//915 1992//915 3621//915
f 3622//917 2005//917 1835//917
f 3623//924 2005//924 3622//924
f 3624//925 1833//925 2003//925
f 3625//926 1833//926 3624//926
f 1922//927 1778//927 3626//927
f 3626//916 1778//916 3627//916
f 3628//928 1753//928 1755//928
f 3629//929 1753//929 3628//929
f 3630//930 1756//930 1754//930
f 3631//931 1756//931 3630//931
f 3632//835 3633//835 1806//835
f 1806//835 3633//835 1807//835
f 3634//932 1806//932 1809//932
f 3632//933 1806//933 3634//933
f 3635//934 1808//934 1805//934
f 3636//935 1808//935 3635//935
f 3637//936 1729//936 1731//936
f 3638//937 1729//937 3637//937
f 3639//938 1732//938 1730//938
f 3640//939 1732//939 3639//939
f 1730//914 1734//914 3639//914
f 3639//940 1734//940 3641//940
f 1737//914 1724//914 3642//914
f 3642//940 1724//940 3643//940
f 3644//941 3645//941 2033//941
f 2033//873 3645//873 2034//873
f 3646//942 1811//942 3647//942
f 3647//823 1811//823 1713//823
f 3648//943 1715//943 1810//943
f 3649//944 1715//944 3648//944
f 3650//945 1812//945 3651//945
f 3651//946 1812//946 1717//946
f 3652//947 1719//947 3653//947
f 3653//948 1719//948 1733//948
f 3654//949 1736//949 1721//949
f 3655//937 1736//937 3654//937
f 3642//950 1723//950 1737//950
f 3656//951 1723//951 3642//951
f 3657//917 1838//917 1966//917
f 3658//918 1838//918 3657//918
f 3659//925 1965//925 1836//925
f 3660//923 1965//923 3659//923
f 3661//914 1735//914 3655//914
f 3655//914 1735//914 1736//914
f 3662//928 1834//928 1840//928
f 3663//929 1834//929 3662//929
f 3664//930 1841//930 1832//930
f 3665//931 1841//931 3664//931
f 3666//833 3574//833 1784//833
f 1784//827 3574//827 1780//827
f 3667//902 1757//902 1759//902
f 3668//952 1757//952 3667//952
f 3669//953 1760//953 1758//953
f 3670//954 1760//954 3669//954
f 3671//955 1987//955 1989//955
f 3672//956 1987//956 3671//956
f 3608//957 1988//957 1986//957
f 3673//958 1988//958 3608//958
f 1743//916 1745//916 3674//916
f 3674//836 1745//836 3675//836
f 3676//940 1991//940 3672//940
f 3672//914 1991//914 1987//914
f 3677//219 3678//219 1824//219
f 1824//833 3678//833 1761//833
f 3679//959 1980//959 1983//959
f 3680//960 1980//960 3679//960
f 3681//961 1982//961 1979//961
f 3682//962 1982//962 3681//962
f 3683//940 1981//940 3680//940
f 3680//914 1981//914 1980//914
f 1728//873 3684//873 1805//873
f 1805//835 3684//835 3635//835
f 3685//827 3686//827 1949//827
f 1949//827 3686//827 1845//827
f 3687//928 1964//928 1959//928
f 3688//963 1964//963 3687//963
f 3689//930 1961//930 1963//930
f 3690//964 1961//964 3689//964
f 3681//914 1979//914 3674//914
f 3674//914 1979//914 1743//914
f 3691//828 3595//828 2032//828
f 2032//828 3595//828 1890//828
f 3692//27 3693//27 3694//27
f 3694//27 3693//27 3695//27
f 3695//27 3693//27 3696//27
f 3695//27 3696//27 3697//27
f 3697//27 3696//27 3698//27
f 3697//27 3698//27 3699//27
f 3699//27 3698//27 3700//27
f 3699//27 3700//27 3701//27
f 3701//27 3700//27 3702//27
f 3702//27 3700//27 3703//27
f 3702//27 3703//27 3704//27
f 3704//27 3703//27 3705//27
f 3705//27 3703//27 3706//27
f 1765//219 3706//219 1767//219
f 1767//219 3706//219 3703//219
f 1822//965 1763//965 3707//965
f 3707//966 1763//966 3708//966
f 3709//27 3710//27 3708//27
f 3708//27 3710//27 3707//27
f 1831//827 3710//827 1764//827
f 1764//833 3710//833 3709//833
f 3711//966 1825//966 3712//966
f 3712//965 1825//965 1823//965
f 3713//27 3714//27 3712//27
f 3712//27 3714//27 3711//27
f 3714//833 3713//833 1828//833
f 1828//827 3713//827 1830//827
f 3715//215 1846//215 3716//215
f 3716//215 1846//215 1826//215
f 3717//27 3718//27 3719//27
f 3719//27 3718//27 3720//27
f 3721//27 3722//27 3723//27
f 3723//27 3722//27 3724//27
f 2009//965 1797//965 3724//965
f 3724//966 1797//966 3723//966
f 2017//234 1801//234 3720//234
f 3720//224 1801//224 3719//224
f 3722//230 3721//230 2015//230
f 2015//238 3721//238 1799//238
f 3725//27 3726//27 3727//27
f 3727//27 3726//27 3728//27
f 3729//27 3730//27 3731//27
f 3731//27 3730//27 3732//27
f 1667//966 2011//966 3732//966
f 3732//965 2011//965 3731//965
f 1663//234 2016//234 3728//234
f 3728//967 2016//967 3727//967
f 3730//968 3729//968 1665//968
f 1665//238 3729//238 2014//238
f 3733//27 3734//27 3735//27
f 3735//27 3734//27 3736//27
f 3737//27 3738//27 3739//27
f 3739//27 3738//27 3740//27
f 1670//965 1668//965 3740//965
f 3740//966 1668//966 3739//966
f 1675//234 1664//234 3736//234
f 3736//224 1664//224 3735//224
f 3737//230 1666//230 3738//230
f 3738//238 1666//238 1673//238
f 3741//27 3742//27 3743//27
f 3743//27 3742//27 3744//27
f 3745//27 3746//27 3747//27
f 3747//27 3746//27 3748//27
f 1671//965 3747//965 1814//965
f 1814//966 3747//966 3748//966
f 1674//234 3743//234 1819//234
f 1819//224 3743//224 3744//224
f 3746//230 3745//230 1817//230
f 1817//238 3745//238 1672//238
f 3749//27 3750//27 3751//27
f 3751//27 3750//27 3752//27
f 3753//27 3754//27 3755//27
f 3755//27 3754//27 3756//27
f 1872//966 1815//966 3756//966
f 3756//965 1815//965 3755//965
f 1910//234 1818//234 3752//234
f 3752//967 1818//967 3751//967
f 3754//968 3753//968 1912//968
f 1912//238 3753//238 1816//238
f 3757//27 3758//27 3759//27
f 3759//27 3758//27 3760//27
f 3761//27 3762//27 3763//27
f 3763//27 3762//27 3764//27
f 3765//27 3766//27 3767//27
f 3767//27 3766//27 3768//27
f 3767//27 3768//27 3769//27
f 3769//27 3768//27 3770//27
f 3770//27 3768//27 3771//27
f 3772//27 3773//27 3774//27
f 3774//27 3773//27 3775//27
f 3774//27 3775//27 3776//27
f 3776//27 3775//27 3777//27
f 3778//27 3779//27 3780//27
f 3780//27 3779//27 3781//27
f 3782//27 3783//27 3784//27
f 3784//27 3783//27 3785//27
f 3786//27 3787//27 3716//27
f 3716//27 3787//27 3715//27
f 3715//27 3787//27 3788//27
f 3788//27 3787//27 3789//27
f 3788//27 3789//27 3790//27
f 3790//27 3789//27 3791//27
f 3791//27 3789//27 3792//27
f 3791//27 3792//27 3793//27
f 3793//27 3792//27 3794//27
f 3793//27 3794//27 3795//27
f 3795//27 3794//27 3796//27
f 3795//27 3796//27 3797//27
f 3797//27 3796//27 3798//27
f 3799//27 3800//27 3801//27
f 3801//27 3800//27 3802//27
f 3802//27 3800//27 3803//27
f 3802//27 3803//27 3804//27
f 3804//27 3805//27 3802//27
f 3806//27 3807//27 3808//27
f 3808//27 3807//27 3809//27
f 3808//27 3809//27 3810//27
f 3810//27 3811//27 3808//27
f 1856//969 3811//969 1891//969
f 1891//215 3811//215 3810//215
f 3588//827 1854//827 3589//827
f 3589//827 1854//827 1889//827
f 1898//965 1861//965 3801//965
f 3801//969 1861//969 3799//969
f 3807//827 3806//827 1896//827
f 1896//827 3806//827 1859//827
f 1902//965 1914//965 3781//965
f 3781//966 1914//966 3780//966
f 1685//966 1901//966 3785//966
f 3785//970 1901//970 3784//970
f 3802//833 3805//833 1900//833
f 1900//828 3805//828 1870//828
f 3768//833 1795//833 3771//833
f 3771//971 1795//971 2010//971
f 1790//969 1788//969 3777//969
f 3777//215 1788//215 3776//215
f 3560//827 3561//827 1791//827
f 1791//827 3561//827 1789//827
f 1637//965 3766//965 1639//965
f 1639//969 3766//969 3765//969
f 3773//827 3772//827 1640//827
f 1640//827 3772//827 1638//827
f 1906//234 1911//234 3760//234
f 3760//224 1911//224 3759//224
f 1681//224 1905//224 3764//224
f 3764//234 1905//234 3763//234
f 3779//230 3778//230 1904//230
f 1904//238 3778//238 1913//238
f 3783//229 3782//229 1683//229
f 1683//230 3782//230 1903//230
f 2512//27 2572//27 2514//27
f 2514//27 2572//27 2575//27
f 2575//873 2572//873 1776//873
f 1776//835 2572//835 1632//835
f 2508//27 2566//27 2510//27
f 2510//27 2566//27 2569//27
f 2569//873 2566//873 1630//873
f 1630//835 2566//835 1644//835
f 2506//27 2560//27 2505//27
f 2505//27 2560//27 2563//27
f 1646//835 2563//835 1648//835
f 1648//835 2563//835 2560//835
f 2502//27 2798//27 2501//27
f 2501//27 2798//27 2557//27
f 1650//835 2557//835 1652//835
f 1652//835 2557//835 2798//835
f 2795//27 2495//27 2551//27
f 2551//27 2495//27 2497//27
f 1686//916 1684//916 2545//916
f 2545//916 1684//916 2554//916
f 2554//27 2491//27 2545//27
f 2545//27 2491//27 2493//27
f 2539//836 1690//836 2548//836
f 2548//916 1690//916 1688//916
f 2548//27 2488//27 2539//27
f 2539//27 2488//27 2487//27
f 2533//836 1694//836 2542//836
f 2542//916 1694//916 1692//916
f 2542//27 2484//27 2533//27
f 2533//27 2484//27 2483//27
f 2521//916 1704//916 2536//916
f 2536//836 1704//836 1695//836
f 1681//835 3764//835 1679//835
f 1679//835 3764//835 3762//835
f 3812//27 3813//27 3814//27
f 3814//27 3813//27 3815//27
f 1645//916 1647//916 3816//916
f 3816//916 1647//916 3817//916
f 3818//27 3819//27 3820//27
f 3820//27 3819//27 3821//27
f 3822//836 1777//836 3823//836
f 3823//916 1777//916 1634//916
f 2020//972 3767//972 2022//972
f 2022//973 3769//973 2024//973
f 2022//974 3767//974 3769//974
f 2024//975 3770//975 2026//975
f 2024//976 3769//976 3770//976
f 3771//977 2010//977 2026//977
f 3771//978 2026//978 3770//978
f 3765//979 3767//979 2020//979
f 3765//980 2020//980 1639//980
f 3824//27 3822//27 3825//27
f 3825//27 3822//27 3823//27
f 3825//27 3823//27 3826//27
f 3827//916 1746//916 3828//916
f 3828//916 1746//916 1924//916
f 1790//981 3775//981 2030//981
f 3777//982 3775//982 1790//982
f 1685//835 3785//835 1683//835
f 1683//835 3785//835 3783//835
f 3817//27 3829//27 3816//27
f 3816//27 3829//27 3830//27
f 3820//836 1633//836 3818//836
f 3818//916 1633//916 1643//916
f 1868//983 3804//983 1866//983
f 1866//984 3803//984 1864//984
f 1866//985 3804//985 3803//985
f 1864//986 3800//986 1862//986
f 1864//987 3803//987 3800//987
f 3799//988 1861//988 1862//988
f 3799//989 1862//989 3800//989
f 3805//990 3804//990 1868//990
f 3805//991 1868//991 1870//991
f 3831//873 3832//873 1689//873
f 1689//835 3832//835 1687//835
f 3833//27 3832//27 3834//27
f 3834//27 3832//27 3831//27
f 3808//836 1858//836 3806//836
f 3806//916 1858//916 1859//916
f 3835//873 3836//873 1693//873
f 1693//835 3836//835 1691//835
f 1945//992 3798//992 3796//992
f 1875//993 3798//993 1945//993
f 3796//994 1943//994 1945//994
f 3794//995 1943//995 3796//995
f 3794//996 1941//996 1943//996
f 3792//997 1941//997 3794//997
f 3792//998 1947//998 1941//998
f 3789//999 1947//999 3792//999
f 3789//1000 1948//1000 1947//1000
f 3787//1001 1948//1001 3789//1001
f 2518//27 2578//27 2517//27
f 2517//27 2578//27 2529//27
f 2529//835 2578//835 1744//835
f 1744//873 2578//873 1771//873
f 3837//27 3838//27 3835//27
f 3835//27 3838//27 3836//27
f 3836//27 3838//27 3839//27
f 3602//941 3840//941 1707//941
f 1707//941 3840//941 1976//941
f 1649//916 1651//916 3814//916
f 3814//916 1651//916 3812//916
f 2536//27 2479//27 2521//27
f 2521//27 2479//27 2481//27
f 1682//916 1678//916 2551//916
f 2551//916 1678//916 2795//916
f 2520//27 2530//27 651//27
f 651//27 2530//27 649//27
f 3841//27 3842//27 2866//27
f 2866//27 3842//27 2865//27
f 3843//3 3844//3 3845//3
f 3845//3 3844//3 3846//3
f 3845//3 3846//3 3847//3
f 3847//3 3846//3 3848//3
f 3847//3 3848//3 3849//3
f 3849//3 3848//3 3850//3
f 3849//3 3850//3 3851//3
f 3843//3 3852//3 3844//3
f 3844//3 3852//3 3853//3
f 3853//3 3852//3 3854//3
f 3853//3 3854//3 3855//3
f 3855//3 3854//3 3856//3
f 3855//3 3856//3 3857//3
f 3858//3 3859//3 3857//3
f 3857//3 3859//3 3860//3
f 3857//3 3860//3 3861//3
f 3861//3 3860//3 3862//3
f 3861//3 3862//3 3863//3
f 3863//3 3862//3 3864//3
f 3863//3 3864//3 3865//3
f 3865//3 3864//3 3866//3
f 3865//3 3866//3 3867//3
f 3867//3 3866//3 3868//3
f 3867//3 3868//3 3869//3
f 3869//3 3868//3 3870//3
f 3869//3 3870//3 3871//3
f 3872//3 3873//3 3858//3
f 3858//3 3873//3 3874//3
f 3858//3 3874//3 3859//3
f 3859//3 3874//3 3875//3
f 3859//3 3875//3 3876//3
f 3876//3 3875//3 3877//3
f 3876//3 3877//3 3878//3
f 3878//3 3877//3 3879//3
f 3878//3 3879//3 3880//3
f 3880//3 3879//3 3881//3
f 3880//3 3881//3 3882//3
f 3882//3 3881//3 3883//3
f 3882//3 3883//3 3884//3
f 3884//3 3883//3 3885//3
f 3884//3 3885//3 3886//3
f 3886//3 3885//3 3887//3
f 3886//3 3887//3 3888//3
f 3849//3 3851//3 3872//3
f 3872//3 3851//3 3889//3
f 3872//3 3889//3 3873//3
f 3873//3 3889//3 3890//3
f 3873//3 3890//3 3891//3
f 3891//3 3890//3 3892//3
f 3891//3 3892//3 3893//3
f 3893//3 3892//3 3894//3
f 3893//3 3894//3 3895//3
f 3895//3 3894//3 3433//3
f 3895//3 3433//3 3896//3
f 3896//3 3433//3 3897//3
f 3896//3 3897//3 3898//3
f 3898//3 3897//3 3899//3
f 3898//3 3899//3 3900//3
f 3900//3 3899//3 3901//3
f 3900//3 3901//3 3902//3
f 3902//3 3901//3 3903//3
f 3902//3 3903//3 3904//3
f 3904//3 3903//3 3905//3
f 3904//3 3905//3 3906//3
f 3907//3 3908//3 3909//3
f 3909//3 3908//3 3910//3
f 3909//3 3910//3 3911//3
f 3911//3 3910//3 3912//3
f 3911//3 3912//3 3913//3
f 3913//3 3912//3 3870//3
f 3913//3 3870//3 3868//3
f 3914//3 3915//3 3907//3
f 3907//3 3915//3 3916//3
f 3907//3 3916//3 3908//3
f 3908//3 3916//3 3917//3
f 3908//3 3917//3 3918//3
f 3918//3 3917//3 3463//3
f 3918//3 3463//3 3919//3
f 3919//3 3463//3 3920//3
f 3919//3 3920//3 3921//3
f 3921//3 3920//3 3922//3
f 3921//3 3922//3 3923//3
f 3923//3 3922//3 3924//3
f 3923//3 3924//3 3871//3
f 3871//3 3924//3 3925//3
f 3871//3 3925//3 3926//3
f 3926//3 3925//3 3927//3
f 3926//3 3927//3 3928//3
f 3928//3 3927//3 3929//3
f 3928//3 3929//3 3930//3
f 3930//3 3929//3 3931//3
f 3931//3 3929//3 3932//3
f 3931//3 3932//3 3933//3
f 3933//3 3932//3 3934//3
f 3933//3 3934//3 3935//3
f 3936//3 3937//3 3914//3
f 3914//3 3937//3 3938//3
f 3914//3 3938//3 3939//3
f 3939//3 3938//3 3940//3
f 3939//3 3940//3 3941//3
f 3909//3 3942//3 3936//3
f 3936//3 3942//3 3943//3
f 3936//3 3943//3 3937//3
f 3937//3 3943//3 3884//3
f 3937//3 3884//3 3886//3
f 3463//3 3917//3 3944//3
f 3916//3 3915//3 3944//3
f 3944//3 3915//3 3945//3
f 3944//3 3945//3 3463//3
f 3463//3 3945//3 3946//3
f 3463//3 3946//3 3947//3
f 3925//3 3948//3 3927//3
f 3927//3 3948//3 3949//3
f 3949//3 3948//3 3950//3
f 3949//3 3950//3 3951//3
f 3951//3 3950//3 3952//3
f 3952//3 3950//3 3953//3
f 3952//3 3953//3 2842//3
f 2842//3 3953//3 3954//3
f 2842//3 3954//3 3955//3
f 3950//3 3948//3 3955//3
f 3955//3 3948//3 3956//3
f 3955//3 3956//3 2842//3
f 2842//3 3956//3 3957//3
f 2842//3 3957//3 3958//3
f 3958//3 3957//3 3924//3
f 3958//3 3924//3 3922//3
f 3911//3 3942//3 3909//3
f 3943//3 3942//3 3959//3
f 3959//3 3942//3 3960//3
f 3959//3 3960//3 3961//3
f 3961//3 3960//3 3962//3
f 3961//3 3962//3 3963//3
f 3963//3 3962//3 3864//3
f 3963//3 3864//3 3862//3
f 3960//3 3913//3 3962//3
f 3962//3 3913//3 3868//3
f 3857//3 3861//3 3855//3
f 3855//3 3861//3 3865//3
f 3855//3 3865//3 3964//3
f 3964//3 3865//3 3867//3
f 3964//3 3867//3 3965//3
f 3966//3 3463//3 3888//3
f 3888//3 3463//3 3967//3
f 3888//3 3967//3 3886//3
f 3887//3 3885//3 3966//3
f 3966//3 3885//3 3968//3
f 3966//3 3968//3 3463//3
f 3463//3 3968//3 3969//3
f 3463//3 3969//3 3433//3
f 3433//3 3969//3 3970//3
f 3433//3 3970//3 3971//3
f 3969//3 3972//3 3970//3
f 3970//3 3972//3 3973//3
f 3973//3 3972//3 3974//3
f 3973//3 3974//3 3971//3
f 3971//3 3974//3 3975//3
f 3971//3 3975//3 3433//3
f 3433//3 3975//3 3976//3
f 3433//3 3976//3 3906//3
f 3906//3 3976//3 3904//3
f 3974//3 3972//3 3977//3
f 3977//3 3972//3 3883//3
f 3977//3 3883//3 3881//3
f 3891//3 3893//3 3978//3
f 3978//3 3893//3 3979//3
f 3978//3 3979//3 3980//3
f 3980//3 3979//3 3981//3
f 3980//3 3981//3 3982//3
f 3982//3 3981//3 3983//3
f 3982//3 3983//3 3984//3
f 3984//3 3983//3 3985//3
f 3984//3 3985//3 3977//3
f 3977//3 3985//3 3974//3
f 3874//3 3978//3 3875//3
f 3875//3 3978//3 3980//3
f 3877//3 3982//3 3879//3
f 3879//3 3982//3 3984//3
f 3892//3 3890//3 3986//3
f 3986//3 3890//3 3987//3
f 3986//3 3987//3 2841//3
f 2841//3 3987//3 3988//3
f 2841//3 3988//3 3989//3
f 3989//3 3988//3 3990//3
f 3989//3 3990//3 3991//3
f 3991//3 3990//3 3992//3
f 3991//3 3992//3 3993//3
f 3993//3 3992//3 3994//3
f 3994//3 3992//3 3995//3
f 3994//3 3995//3 3996//3
f 3996//3 3995//3 3997//3
f 3996//3 3997//3 3998//3
f 3998//3 3997//3 3999//3
f 3999//3 3997//3 4000//3
f 4000//3 3997//3 4001//3
f 4000//3 4001//3 4002//3
f 4002//3 4001//3 4003//3
f 4002//3 4003//3 4004//3
f 4004//3 4003//3 4005//3
f 4004//3 4005//3 4006//3
f 3992//3 3990//3 3851//3
f 3851//3 3990//3 3889//3
f 4004//3 4006//3 4007//3
f 4007//3 4006//3 3850//3
f 4007//3 3850//3 3848//3
f 3993//3 4008//3 3991//3
f 3991//3 4008//3 4009//3
f 4009//3 4008//3 2841//3
f 4009//3 2841//3 4010//3
f 4010//3 2841//3 3989//3
f 2841//3 4008//3 3994//3
f 3433//3 3906//3 4011//3
f 3905//3 3903//3 4011//3
f 4011//3 3903//3 4012//3
f 4011//3 4012//3 3433//3
f 3433//3 4012//3 4013//3
f 3433//3 4013//3 4014//3
f 3433//3 4014//3 4015//3
f 4015//3 4014//3 3901//3
f 4015//3 3901//3 3899//3
f 3939//3 3915//3 3914//3
f 3463//3 3947//3 3941//3
f 3941//3 3947//3 3939//3
f 3463//3 3941//3 4016//3
f 3940//3 3938//3 4016//3
f 4016//3 3938//3 4017//3
f 4016//3 4017//3 3463//3
f 3463//3 4017//3 3967//3
f 2841//3 4018//3 2842//3
f 2842//3 4018//3 4019//3
f 2842//3 4019//3 4020//3
f 3986//3 2841//3 3894//3
f 3894//3 2841//3 3433//3
f 3463//3 2842//3 3920//3
f 3920//3 2842//3 3958//3
f 3949//3 3951//3 4021//3
f 3952//3 2842//3 4021//3
f 4021//3 2842//3 4022//3
f 4021//3 4022//3 4023//3
f 3433//3 4015//3 3897//3
f 3904//3 3985//3 3902//3
f 3902//3 3985//3 3983//3
f 3900//3 3981//3 3898//3
f 3898//3 3981//3 3979//3
f 3862//3 3876//3 3963//3
f 3963//3 3876//3 3878//3
f 3882//3 3959//3 3880//3
f 3880//3 3959//3 3961//3
f 3933//3 3935//3 4024//3
f 4024//3 3935//3 4025//3
f 4024//3 4025//3 4026//3
f 4026//3 4025//3 4027//3
f 4026//3 4027//3 4028//3
f 4028//3 4027//3 4029//3
f 4029//3 4027//3 4023//3
f 4023//3 4027//3 4030//3
f 4023//3 4030//3 4021//3
f 4021//3 4030//3 3949//3
f 3965//3 4031//3 3964//3
f 3964//3 4031//3 4032//3
f 4032//3 4031//3 4033//3
f 4032//3 4033//3 4034//3
f 4034//3 4033//3 4035//3
f 4034//3 4035//3 4036//3
f 4034//3 4036//3 4037//3
f 4037//3 4036//3 4038//3
f 4037//3 4038//3 3930//3
f 3930//3 4038//3 3928//3
f 3926//3 3869//3 3871//3
f 3923//3 3912//3 3921//3
f 3921//3 3912//3 3910//3
f 3996//3 4039//3 3994//3
f 3994//3 4039//3 2841//3
f 4039//3 4040//3 2841//3
f 2841//3 4040//3 4041//3
f 2841//3 4041//3 4042//3
f 4042//3 4043//3 2841//3
f 2841//3 4043//3 4044//3
f 2841//3 4044//3 4018//3
f 4020//3 4045//3 2842//3
f 2842//3 4045//3 4046//3
f 2842//3 4046//3 4022//3
f 2526//27 2477//27 656//27
f 656//27 2477//27 657//27
f 2021//1002 3996//1002 1641//1002
f 1641//1002 3996//1002 3998//1002
f 2023//1003 4039//1003 2021//1003
f 2021//1003 4039//1003 3996//1003
f 2025//1004 4040//1004 2023//1004
f 2023//1004 4040//1004 4039//1004
f 2027//1005 4041//1005 2025//1005
f 2025//1005 4041//1005 4040//1005
f 2013//1006 1669//1006 4043//1006
f 4043//1006 1669//1006 4044//1006
f 2012//1007 2013//1007 4042//1007
f 4042//1007 2013//1007 4043//1007
f 2012//1008 4042//1008 2027//1008
f 2027//1008 4042//1008 4041//1008
f 3999//193 1642//193 3998//193
f 3998//193 1642//193 1641//193
f 3853//1009 3855//1009 2047//1009
f 2047//1009 3855//1009 1766//1009
f 3844//1010 3853//1010 2049//1010
f 2049//1010 3853//1010 2047//1010
f 3846//1011 3844//1011 2051//1011
f 2051//1011 3844//1011 2049//1011
f 1935//1012 3848//1012 2051//1012
f 2051//1012 3848//1012 3846//1012
f 1936//1013 4007//1013 1935//1013
f 1935//1013 4007//1013 3848//1013
f 4000//1014 1792//1014 3999//1014
f 3999//1014 1792//1014 1642//1014
f 4002//1015 1793//1015 4000//1015
f 4000//1015 1793//1015 1792//1015
f 4004//1016 1938//1016 4002//1016
f 4002//1016 1938//1016 1793//1016
f 1938//1017 4004//1017 1936//1017
f 1936//1017 4004//1017 4007//1017
f 1829//137 1766//137 3964//137
f 3964//137 1766//137 3855//137
f 1855//1018 4026//1018 1857//1018
f 1857//1018 4026//1018 4028//1018
f 1852//1019 4024//1019 1855//1019
f 1855//1019 4024//1019 4026//1019
f 1850//1020 3933//1020 1852//1020
f 1852//1020 3933//1020 4024//1020
f 1848//1021 3931//1021 1850//1021
f 1850//1021 3931//1021 3933//1021
f 1876//1022 3930//1022 1848//1022
f 1848//1022 3930//1022 3931//1022
f 1946//1023 1829//1023 4032//1023
f 4032//1023 1829//1023 3964//1023
f 1942//1024 1946//1024 4034//1024
f 4034//1024 1946//1024 4032//1024
f 1944//1025 1942//1025 4037//1025
f 4037//1025 1942//1025 4034//1025
f 1944//1026 4037//1026 1876//1026
f 1876//1026 4037//1026 3930//1026
f 4029//39 1860//39 4028//39
f 4028//39 1860//39 1857//39
f 4019//1027 4018//1027 1873//1027
f 1873//1027 4018//1027 1813//1027
f 4020//1028 4019//1028 1871//1028
f 1871//1028 4019//1028 1873//1028
f 1869//1029 4045//1029 1871//1029
f 1871//1029 4045//1029 4020//1029
f 1867//1030 4046//1030 1869//1030
f 1869//1030 4046//1030 4045//1030
f 4023//1031 1863//1031 4029//1031
f 4029//1031 1863//1031 1860//1031
f 4022//1032 1865//1032 4023//1032
f 4023//1032 1865//1032 1863//1032
f 1865//1033 4022//1033 1867//1033
f 1867//1033 4022//1033 4046//1033
f 4018//64 4044//64 1813//64
f 1813//64 4044//64 1669//64
f 656//927 658//927 2526//927
f 2526//916 658//916 1726//916
f 2865//834 3842//834 1739//834
f 1739//835 3842//835 1727//835
f 2866//927 1740//927 3841//927
f 3841//916 1740//916 1741//916
f 649//834 2530//834 650//834
f 650//835 2530//835 1742//835
f 1728//914 1729//914 3684//914
f 3684//1034 1729//1034 3638//1034
f 3842//1035 3841//1035 1727//1035
f 1727//1036 3841//1036 1741//1036
f 3787//219 3786//219 1948//219
f 1948//219 3786//219 1827//219
f 1933//1037 3693//1037 3692//1037
f 2052//1038 3693//1038 1933//1038
f 2052//1039 3696//1039 3693//1039
f 2050//1040 3696//1040 2052//1040
f 2050//1041 3698//1041 3696//1041
f 2048//1042 3698//1042 2050//1042
f 2048//1043 3700//1043 3698//1043
f 1768//1044 3700//1044 2048//1044
f 1768//1045 3703//1045 3700//1045
f 1767//1046 3703//1046 1768//1046
f 3775//873 3773//873 2030//873
f 2030//835 3773//835 1640//835
f 3808//1047 1856//1047 1858//1047
f 3811//1048 1856//1048 3808//1048
f 1892//1049 3837//1049 1693//1049
f 1693//215 3837//215 3835//215
f 3547//833 2008//833 3553//833
f 3553//827 2008//827 1978//827
f 1689//966 1897//966 3831//966
f 3831//970 1897//970 3834//970
f 3836//219 3839//219 1691//219
f 1691//833 3839//833 1895//833
f 1798//966 1645//966 3830//966
f 3830//970 1645//970 3816//970
f 3832//219 3833//219 1687//219
f 1687//833 3833//833 1899//833
f 3819//219 3818//219 1796//219
f 1796//833 3818//833 1643//833
f 1786//215 1777//215 3824//215
f 3824//970 1777//970 3822//970
f 3573//833 3627//833 1779//833
f 1779//833 3627//833 1778//833
f 1635//966 1633//966 3821//966
f 3821//970 1633//970 3820//970
f 3826//219 3823//219 1636//219
f 1636//833 3823//833 1634//833
f 1802//224 1649//224 3815//224
f 3815//234 1649//234 3814//234
f 3829//229 3817//229 1800//229
f 1800//230 3817//230 1647//230
f 1797//916 1799//916 3723//916
f 3723//916 1799//916 3721//916
f 1798//835 3830//835 1800//835
f 1800//835 3830//835 3829//835
f 1902//835 3781//835 1904//835
f 1904//835 3781//835 3779//835
f 1901//916 1903//916 3784//916
f 3784//916 1903//916 3782//916
f 1801//916 1803//916 3719//916
f 3719//916 1803//916 3717//916
f 1802//835 3815//835 1804//835
f 1804//835 3815//835 3813//835
f 1906//835 3760//835 1907//835
f 1907//835 3760//835 3758//835
f 1905//916 1680//916 3763//916
f 3763//916 1680//916 3761//916
f 3774//836 2029//836 3772//836
f 3772//916 2029//916 1638//916
f 3825//873 3826//873 2028//873
f 2028//835 3826//835 1636//835
f 3776//1050 2029//1050 3774//1050
f 1788//1051 2029//1051 3776//1051
f 1786//1052 3825//1052 2028//1052
f 3824//1053 3825//1053 1786//1053
f 3766//836 1637//836 3768//836
f 3768//916 1637//916 1795//916
f 3821//873 3819//873 1635//873
f 1635//835 3819//835 1796//835
f 2044//1054 3704//1054 2046//1054
f 2044//1055 3702//1055 3704//1055
f 2042//1056 3702//1056 2044//1056
f 2042//1057 3701//1057 3702//1057
f 2040//1058 3701//1058 2042//1058
f 2040//1059 3699//1059 3701//1059
f 2038//1060 3699//1060 2040//1060
f 3695//1061 1931//1061 3694//1061
f 3695//1062 2036//1062 1931//1062
f 3697//1063 2036//1063 3695//1063
f 3697//1064 2038//1064 2036//1064
f 3699//1065 2038//1065 3697//1065
f 1929//1066 4047//1066 4048//1066
f 2035//1067 4047//1067 1929//1067
f 2035//1068 4049//1068 4047//1068
f 2037//1069 4049//1069 2035//1069
f 2037//1070 4050//1070 4049//1070
f 2039//1071 4050//1071 2037//1071
f 2039//1072 4051//1072 4050//1072
f 2041//1073 4051//1073 2039//1073
f 2041//1074 4052//1074 4051//1074
f 2043//1075 4052//1075 2041//1075
f 2043//1076 4053//1076 4052//1076
f 2045//1077 4053//1077 2043//1077
f 1846//1078 3788//1078 1950//1078
f 3715//1079 3788//1079 1846//1079
f 3790//1080 1950//1080 3788//1080
f 3790//1081 1952//1081 1950//1081
f 3791//1082 1952//1082 3790//1082
f 3791//1083 1954//1083 1952//1083
f 3793//1084 1954//1084 3791//1084
f 3793//1085 1956//1085 1954//1085
f 3795//1086 1956//1086 3793//1086
f 1958//1087 3797//1087 1880//1087
f 1958//1088 3795//1088 3797//1088
f 1956//1089 3795//1089 1958//1089
f 1882//1090 4054//1090 4055//1090
f 1881//1091 4054//1091 1882//1091
f 4055//1092 1957//1092 1882//1092
f 4056//1093 1957//1093 4055//1093
f 4056//1094 1955//1094 1957//1094
f 4057//1095 1955//1095 4056//1095
f 4057//1096 1953//1096 1955//1096
f 4058//1097 1953//1097 4057//1097
f 4058//1098 1951//1098 1953//1098
f 4059//1099 1951//1099 4058//1099
f 4059//1100 1949//1100 1951//1100
f 3685//1101 1949//1101 4059//1101
f 1762//215 2046//215 3705//215
f 3705//215 2046//215 3704//215
f 1760//827 3670//827 2045//827
f 2045//827 3670//827 4053//827
f 3801//873 3802//873 1898//873
f 1898//835 3802//835 1900//835
f 3834//836 1897//836 3833//836
f 3833//916 1897//916 1899//916
f 3838//836 1894//836 3839//836
f 3839//916 1894//916 1895//916
f 3809//873 3807//873 1893//873
f 1893//835 3807//835 1896//835
f 3838//1102 1892//1102 1894//1102
f 3837//1103 1892//1103 3838//1103
f 3809//1104 1891//1104 3810//1104
f 1893//1105 1891//1105 3809//1105
f 1872//1106 3756//1106 1912//1106
f 1912//1107 3756//1107 3754//1107
f 1914//916 1913//916 3780//916
f 3780//916 1913//916 3778//916
f 1911//916 1908//916 3759//916
f 3759//916 1908//916 3757//916
f 1910//1106 3752//1106 1909//1106
f 1909//1106 3752//1106 3750//1106
f 1814//835 3748//835 1817//835
f 1817//835 3748//835 3746//835
f 1815//1108 1816//1108 3755//1108
f 3755//1109 1816//1109 3753//1109
f 1818//1108 1820//1108 3751//1108
f 3751//1108 1820//1108 3749//1108
f 1819//835 3744//835 1821//835
f 1821//835 3744//835 3742//835
f 1670//835 3740//835 1673//835
f 1673//835 3740//835 3738//835
f 1671//916 1672//916 3747//916
f 3747//916 1672//916 3745//916
f 1674//916 1676//916 3743//916
f 3743//916 1676//916 3741//916
f 1675//835 3736//835 1660//835
f 1660//835 3736//835 3734//835
f 1667//1106 3732//1106 1665//1106
f 1665//1107 3732//1107 3730//1107
f 1668//916 1666//916 3739//916
f 3739//916 1666//916 3737//916
f 1664//916 1661//916 3735//916
f 3735//916 1661//916 3733//916
f 1663//1106 3728//1106 1662//1106
f 1662//1106 3728//1106 3726//1106
f 2009//835 3724//835 2015//835
f 2015//835 3724//835 3722//835
f 2011//1108 2014//1108 3731//1108
f 3731//1109 2014//1109 3729//1109
f 2016//1108 2018//1108 3727//1108
f 3727//1108 2018//1108 3725//1108
f 2017//835 3720//835 2019//835
f 2019//835 3720//835 3718//835
f 3711//835 3714//835 1825//835
f 1825//835 3714//835 1828//835
f 1827//1110 3786//1110 1826//1110
f 1826//1111 3786//1111 3716//1111
f 3707//835 3710//835 1822//835
f 1822//835 3710//835 1831//835
f 1830//916 3713//916 1823//916
f 1823//916 3713//916 3712//916
f 3705//1112 3706//1112 1762//1112
f 1762//1113 3706//1113 1765//1113
f 1764//916 3709//916 1763//916
f 1763//916 3709//916 3708//916
f 4060//902 1960//902 1967//902
f 4061//903 1960//903 4060//903
f 4062//953 1969//953 1962//953
f 4063//905 1969//905 4062//905
f 4061//946 1712//946 1960//946
f 4064//1114 1712//1114 4061//1114
f 4065//1115 1959//1115 1714//1115
f 3687//1116 1959//1116 4065//1116
f 4066//902 1842//902 1844//902
f 4067//903 1842//903 4066//903
f 4068//953 1824//953 1843//953
f 3677//1117 1824//1117 4068//1117
f 3690//1118 1844//1118 1961//1118
f 4066//1119 1844//1119 3690//1119
f 3686//1120 1962//1120 1845//1120
f 4062//1121 1962//1121 3686//1121
f 3688//1122 1716//1122 1964//1122
f 4069//1123 1716//1123 3688//1123
f 4070//1124 1966//1124 1718//1124
f 3657//1125 1966//1125 4070//1125
f 4067//946 1963//946 1842//946
f 3689//1114 1963//1114 4067//1114
f 3660//1115 1840//1115 1965//1115
f 3662//1116 1840//1116 3660//1116
f 4071//1126 1745//1126 1747//1126
f 3675//1127 1745//1127 4071//1127
f 3665//821 1759//821 1841//821
f 3667//822 1759//822 3665//822
f 3678//1128 1843//1128 1761//1128
f 4068//1129 1843//1129 3678//1129
f 3827//1130 1748//1130 1746//1130
f 4072//1131 1748//1131 3827//1131
f 3658//946 1720//946 1838//946
f 4073//945 1720//945 3658//945
f 4074//948 1839//948 1722//948
f 3616//947 1839//947 4074//947
f 3663//823 1836//823 1834//823
f 3659//942 1836//942 3663//942
f 3619//943 1835//943 1837//943
f 3622//944 1835//944 3619//944
f 3625//1132 1755//1132 1833//1132
f 3628//1133 1755//1133 3625//1133
f 3668//1120 1832//1120 1757//1120
f 3664//1134 1832//1134 3668//1134
f 3631//821 1925//821 1756//821
f 4075//822 1925//822 3631//822
f 4076//946 1758//946 1927//946
f 3669//1129 1758//1129 4076//1129
f 4064//930 1710//930 1712//930
f 4077//931 1710//931 4064//931
f 4078//928 1713//928 1711//928
f 3647//929 1713//929 4078//929
f 1714//904 1716//904 4065//904
f 4065//919 1716//919 4069//919
f 3649//917 1717//917 1715//917
f 3651//918 1717//918 3649//918
f 4073//922 1718//922 1720//922
f 4070//926 1718//926 4073//926
f 3652//920 1721//920 1719//920
f 3654//1135 1721//1135 3652//1135
f 3620//957 1722//957 1993//957
f 4074//1136 1722//1136 3620//1136
f 3656//959 1724//959 1723//959
f 3643//960 1724//960 3656//960
f 3646//906 2033//906 1811//906
f 3644//1137 2033//1137 3646//1137
f 3633//1138 1809//1138 1807//1138
f 3634//909 1809//909 3633//909
f 1810//912 1812//912 3648//912
f 3648//913 1812//913 3650//913
f 1731//910 1808//910 3637//910
f 3637//911 1808//911 3636//911
f 3661//1139 1733//1139 1735//1139
f 3653//832 1733//832 3661//832
f 3641//1140 1734//1140 3640//1140
f 3640//959 1734//959 1732//959
f 3617//1141 1992//1141 1990//1141
f 3621//1142 1992//1142 3617//1142
f 3676//938 1989//938 1991//938
f 3671//939 1989//939 3676//939
f 3623//1120 2007//1120 2005//1120
f 3618//1143 2007//1143 3623//1143
f 3673//1144 2006//1144 1988//1144
f 3605//1145 2006//1145 3673//1145
f 3606//943 1751//943 2004//943
f 3612//944 1751//944 3606//944
f 3624//942 2003//942 3629//942
f 3629//823 2003//823 1753//823
f 3614//1115 1915//1115 1752//1115
f 4079//1116 1915//1116 3614//1116
f 4080//946 1754//946 1916//946
f 3630//1114 1754//1114 4080//1114
f 1983//1146 1981//1146 3679//1146
f 3679//1147 1981//1147 3683//1147
f 3604//936 1985//936 1984//936
f 3609//1148 1985//1148 3604//1148
f 4071//947 1747//947 3682//947
f 3682//948 1747//948 1982//948
f 3607//945 1994//945 3613//945
f 3613//946 1994//946 1749//946
f 4072//1149 1924//1149 1748//1149
f 3828//1150 1924//1150 4072//1150
f 3610//1151 1750//1151 1774//1151
f 3615//1152 1750//1152 3610//1152
f 3590//1153 1874//1153 1847//1153
f 3586//1154 1874//1154 3590//1154
f 3797//1155 1875//1155 1880//1155
f 3798//1156 1875//1156 3797//1156
f 3596//1157 1970//1157 1879//1157
f 3599//1158 1970//1158 3596//1158
f 4063//1159 1881//1159 1969//1159
f 4054//822 1881//822 4063//822
f 3598//946 1708//946 1968//946
f 3601//1129 1708//1129 3598//1129
f 4077//821 1967//821 1710//821
f 4060//822 1967//822 4077//822
f 4078//1160 1711//1160 3645//1160
f 3645//1161 1711//1161 2034//1161
f 3603//1162 1705//1162 1709//1162
f 3578//1163 1705//1163 3603//1163
f 3692//1164 1931//1164 1933//1164
f 3694//1165 1931//1165 3692//1165
f 3565//1166 1934//1166 1932//1166
f 3566//1167 1934//1167 3565//1167
f 4048//1168 1927//1168 1929//1168
f 4076//903 1927//903 4048//903
f 3542//1169 1930//1169 1928//1169
f 3571//1170 1930//1170 3542//1170
f 3554//1171 1917//1171 1772//1171
f 3576//1172 1917//1172 3554//1172
f 1773//1173 1915//1173 3611//1173
f 3611//1174 1915//1174 4079//1174
f 4075//902 1916//902 1925//902
f 4080//903 1916//903 4075//903
f 3577//953 1926//953 1918//953
f 3539//905 1926//905 3577//905
f 3551//1175 1974//1175 2031//1175
f 3549//1176 1974//1176 3551//1176
f 3600//865 2032//865 1972//865
f 3691//1177 2032//1177 3600//1177
f 3840//1178 1971//1178 1976//1178
f 3597//1179 1971//1179 3840//1179
f 3548//1180 1977//1180 1973//1180
f 3552//1181 1977//1181 3548//1181
f 3540//1182 1921//1182 1923//1182
f 3544//1183 1921//1183 3540//1183
f 3626//1184 1781//1184 1922//1184
f 3572//1131 1781//1131 3626//1131
f 3575//1185 1784//1185 1782//1185
f 3666//1186 1784//1186 3575//1186
f 3545//1187 1783//1187 1785//1187
f 3541//1188 1783//1188 3545//1188
f 3952//1189 3550//1189 3951//1189
f 3951//1189 3550//1189 3549//1189
f 3551//64 3550//64 4021//64
f 4021//64 3550//64 3952//64
f 3951//1190 3549//1190 4021//1190
f 4021//1190 3549//1190 3551//1190
f 3954//39 3553//39 3955//39
f 3955//39 3553//39 3552//39
f 3954//64 3953//64 3553//64
f 3553//64 3953//64 3547//64
f 3950//1191 3548//1191 3953//1191
f 3953//1191 3548//1191 3547//1191
f 3955//1192 3552//1192 3950//1192
f 3950//1192 3552//1192 3548//1192
f 3924//1193 3601//1193 3925//1193
f 3925//1193 3601//1193 3598//1193
f 3957//1194 3602//1194 3924//1194
f 3924//1194 3602//1194 3601//1194
f 3956//39 3840//39 3957//39
f 3957//39 3840//39 3602//39
f 3948//1195 3597//1195 3956//1195
f 3956//1195 3597//1195 3840//1195
f 3925//1196 3598//1196 3948//1196
f 3948//1196 3598//1196 3597//1196
f 4025//1197 3593//1197 4027//1197
f 4027//1197 3593//1197 3595//1197
f 3935//1198 3591//1198 4025//1198
f 4025//1198 3591//1198 3593//1198
f 3934//1199 3592//1199 3935//1199
f 3935//1199 3592//1199 3591//1199
f 3932//1200 3594//1200 3934//1200
f 3934//1200 3594//1200 3592//1200
f 3929//1201 3596//1201 3932//1201
f 3932//1201 3596//1201 3594//1201
f 3927//1202 3599//1202 3929//1202
f 3929//1202 3599//1202 3596//1202
f 3949//1189 3600//1189 3927//1189
f 3927//1189 3600//1189 3599//1189
f 4030//1203 3691//1203 3949//1203
f 3949//1203 3691//1203 3600//1203
f 3595//64 3691//64 4027//64
f 4027//64 3691//64 4030//64
f 3866//1204 4066//1204 3868//1204
f 3868//1204 4066//1204 3690//1204
f 3864//1196 4067//1196 3866//1196
f 3866//1196 4067//1196 4066//1196
f 3962//1205 3689//1205 3864//1205
f 3864//1205 3689//1205 4067//1205
f 3868//1206 3690//1206 3962//1206
f 3962//1206 3690//1206 3689//1206
f 4038//1207 4055//1207 3928//1207
f 3928//1207 4055//1207 4054//1207
f 4036//1208 4056//1208 4038//1208
f 4038//1208 4056//1208 4055//1208
f 4057//1209 4056//1209 4035//1209
f 4035//1209 4056//1209 4036//1209
f 4058//1210 4057//1210 4033//1210
f 4033//1210 4057//1210 4035//1210
f 4059//1211 4058//1211 4031//1211
f 4031//1211 4058//1211 4033//1211
f 3685//1212 4059//1212 3965//1212
f 3965//1212 4059//1212 4031//1212
f 3686//64 3685//64 3867//64
f 3867//64 3685//64 3965//64
f 3869//1213 4062//1213 3867//1213
f 3867//1213 4062//1213 3686//1213
f 3926//1189 4063//1189 3869//1189
f 3869//1189 4063//1189 4062//1189
f 3928//1214 4054//1214 3926//1214
f 3926//1214 4054//1214 4063//1214
f 3678//64 3677//64 3861//64
f 3861//64 3677//64 3865//64
f 3861//1193 4068//1193 3678//1193
f 3863//1193 4068//1193 3861//1193
f 3863//1189 3677//1189 4068//1189
f 3865//1189 3677//1189 3863//1189
f 3862//1215 3665//1215 3876//1215
f 3876//1215 3665//1215 3664//1215
f 3860//1214 3667//1214 3862//1214
f 3862//1214 3667//1214 3665//1214
f 3859//1216 3668//1216 3860//1216
f 3860//1216 3668//1216 3667//1216
f 3876//1217 3664//1217 3859//1217
f 3859//1217 3664//1217 3668//1217
f 3857//1218 3670//1218 3858//1218
f 3858//1218 3670//1218 3669//1218
f 4053//64 3670//64 3856//64
f 3856//64 3670//64 3857//64
f 4052//1219 4053//1219 3854//1219
f 3854//1219 4053//1219 3856//1219
f 4051//1220 4052//1220 3852//1220
f 3852//1220 4052//1220 3854//1220
f 4050//1221 4051//1221 3843//1221
f 3843//1221 4051//1221 3852//1221
f 4049//1222 4050//1222 3845//1222
f 3845//1222 4050//1222 3843//1222
f 3847//1223 4047//1223 3845//1223
f 3845//1223 4047//1223 4049//1223
f 3849//1224 4048//1224 3847//1224
f 3847//1224 4048//1224 4047//1224
f 3872//1196 4076//1196 3849//1196
f 3849//1196 4076//1196 4048//1196
f 3858//1193 3669//1193 3872//1193
f 3872//1193 3669//1193 4076//1193
f 3851//1193 3542//1193 3992//1193
f 3992//1193 3542//1193 3541//1193
f 3850//1225 3571//1225 3851//1225
f 3851//1225 3571//1225 3542//1225
f 4006//1226 3569//1226 3850//1226
f 3850//1226 3569//1226 3571//1226
f 4005//1227 3567//1227 4006//1227
f 4006//1227 3567//1227 3569//1227
f 4003//1228 3568//1228 4005//1228
f 4005//1228 3568//1228 3567//1228
f 4001//1229 3570//1229 4003//1229
f 4003//1229 3570//1229 3568//1229
f 3997//1230 3546//1230 4001//1230
f 4001//1230 3546//1230 3570//1230
f 3997//64 3995//64 3546//64
f 3546//64 3995//64 3545//64
f 3992//1231 3541//1231 3995//1231
f 3995//1231 3541//1231 3545//1231
f 3993//1193 3575//1193 4008//1193
f 4008//1193 3575//1193 3574//1193
f 3994//1232 3666//1232 3993//1232
f 3993//1232 3666//1232 3575//1232
f 3994//64 4008//64 3666//64
f 3666//64 4008//64 3574//64
f 3627//64 3573//64 4010//64
f 4010//64 3573//64 4009//64
f 3627//193 4010//193 3626//193
f 3626//193 4010//193 3989//193
f 3991//1233 3572//1233 3989//1233
f 3989//1233 3572//1233 3626//1233
f 4009//1234 3573//1234 3991//1234
f 3991//1234 3573//1234 3572//1234
f 3987//193 3543//193 3988//193
f 3988//193 3543//193 3544//193
f 3890//1235 3577//1235 3987//1235
f 3987//1235 3577//1235 3543//1235
f 3889//1189 3539//1189 3890//1189
f 3890//1189 3539//1189 3577//1189
f 3990//1214 3540//1214 3889//1214
f 3889//1214 3540//1214 3539//1214
f 3988//1236 3544//1236 3990//1236
f 3990//1236 3544//1236 3540//1236
f 3986//1237 3555//1237 3892//1237
f 3892//1237 3555//1237 3576//1237
f 3555//193 3986//193 3554//193
f 3554//193 3986//193 3894//193
f 3892//1238 3576//1238 3894//1238
f 3894//1238 3576//1238 3554//1238
f 3898//1239 3615//1239 3896//1239
f 3896//1239 3615//1239 3610//1239
f 3979//1240 3614//1240 3898//1240
f 3898//1240 3614//1240 3615//1240
f 3893//1241 4079//1241 3979//1241
f 3979//1241 4079//1241 3614//1241
f 3895//1196 3611//1196 3893//1196
f 3893//1196 3611//1196 4079//1196
f 3611//193 3895//193 3610//193
f 3610//193 3895//193 3896//193
f 3874//1215 3631//1215 3978//1215
f 3978//1215 3631//1215 3630//1215
f 3873//1214 4075//1214 3874//1214
f 3874//1214 4075//1214 3631//1214
f 3891//1196 4080//1196 3873//1196
f 3873//1196 4080//1196 4075//1196
f 3978//1205 3630//1205 3891//1205
f 3891//1205 3630//1205 4080//1205
f 3877//1242 3625//1242 3982//1242
f 3982//1242 3625//1242 3624//1242
f 3875//1243 3628//1243 3877//1243
f 3877//1243 3628//1243 3625//1243
f 3980//1244 3629//1244 3875//1244
f 3875//1244 3629//1244 3628//1244
f 3982//1245 3624//1245 3980//1245
f 3980//1245 3624//1245 3629//1245
f 3961//1240 3660//1240 3880//1240
f 3880//1240 3660//1240 3659//1240
f 3961//1241 3662//1241 3660//1241
f 3963//1241 3662//1241 3961//1241
f 3963//1244 3663//1244 3662//1244
f 3878//1244 3663//1244 3963//1244
f 3880//1245 3659//1245 3878//1245
f 3878//1245 3659//1245 3663//1245
f 3882//1246 3658//1246 3959//1246
f 3959//1246 3658//1246 3657//1246
f 3884//1245 4073//1245 3882//1245
f 3882//1245 4073//1245 3658//1245
f 3943//1242 4070//1242 3884//1242
f 3884//1242 4070//1242 4073//1242
f 3959//1195 3657//1195 3943//1195
f 3943//1195 3657//1195 4070//1195
f 3960//1247 3688//1247 3913//1247
f 3913//1247 3688//1247 3687//1247
f 3942//1248 4069//1248 3960//1248
f 3960//1248 4069//1248 3688//1248
f 3911//1240 4065//1240 3942//1240
f 3942//1240 4065//1240 4069//1240
f 3913//1241 3687//1241 3911//1241
f 3911//1241 3687//1241 4065//1241
f 3912//1205 4064//1205 3870//1205
f 3870//1205 4064//1205 4061//1205
f 3923//1215 4077//1215 3912//1215
f 3912//1215 4077//1215 4064//1215
f 3871//1214 4060//1214 3923//1214
f 3923//1214 4060//1214 4077//1214
f 3870//1196 4061//1196 3871//1196
f 3871//1196 4061//1196 4060//1196
f 3908//1245 3646//1245 3910//1245
f 3910//1245 3646//1245 3647//1245
f 3918//1249 3644//1249 3908//1249
f 3908//1249 3644//1249 3646//1249
f 3919//39 3645//39 3918//39
f 3918//39 3645//39 3644//39
f 3921//1214 4078//1214 3919//1214
f 3919//1214 4078//1214 3645//1214
f 3910//1244 3647//1244 3921//1244
f 3921//1244 3647//1244 4078//1244
f 3958//39 3579//39 3920//39
f 3920//39 3579//39 3578//39
f 3922//1250 3603//1250 3958//1250
f 3958//1250 3603//1250 3579//1250
f 3920//1251 3578//1251 3922//1251
f 3922//1251 3578//1251 3603//1251
f 3944//1192 3632//1192 3916//1192
f 3916//1192 3632//1192 3634//1192
f 3917//39 3633//39 3944//39
f 3944//39 3633//39 3632//39
f 3916//1250 3634//1250 3917//1250
f 3917//1250 3634//1250 3633//1250
f 3936//1246 3651//1246 3909//1246
f 3909//1246 3651//1246 3649//1246
f 3914//1245 3650//1245 3936//1245
f 3936//1245 3650//1245 3651//1245
f 3907//1240 3648//1240 3914//1240
f 3914//1240 3648//1240 3650//1240
f 3909//1252 3649//1252 3907//1252
f 3907//1252 3649//1252 3648//1252
f 3881//1240 3619//1240 3977//1240
f 3977//1240 3619//1240 3618//1240
f 3879//1252 3622//1252 3881//1252
f 3881//1252 3622//1252 3619//1252
f 3984//1236 3623//1236 3879//1236
f 3879//1236 3623//1236 3622//1236
f 3977//1248 3618//1248 3984//1248
f 3984//1248 3618//1248 3623//1248
f 3983//1240 3606//1240 3902//1240
f 3902//1240 3606//1240 3607//1240
f 3981//1252 3612//1252 3983//1252
f 3983//1252 3612//1252 3606//1252
f 3900//1246 3613//1246 3981//1246
f 3981//1246 3613//1246 3612//1246
f 3902//1245 3607//1245 3900//1245
f 3900//1245 3607//1245 3613//1245
f 3899//1233 4072//1233 4015//1233
f 4015//1233 4072//1233 3827//1233
f 3897//1237 3828//1237 3899//1237
f 3899//1237 3828//1237 4072//1237
f 3828//193 3897//193 3827//193
f 3827//193 3897//193 4015//193
f 3675//193 4014//193 3674//193
f 3674//193 4014//193 4013//193
f 3681//137 3674//137 4012//137
f 4012//137 3674//137 4013//137
f 3903//1253 3682//1253 4012//1253
f 4012//1253 3682//1253 3681//1253
f 3901//1254 4071//1254 3903//1254
f 3903//1254 4071//1254 3682//1254
f 4014//1255 3675//1255 3901//1255
f 3901//1255 3675//1255 4071//1255
f 3608//137 3609//137 3975//137
f 3975//137 3609//137 3976//137
f 3974//1189 3673//1189 3975//1189
f 3975//1189 3673//1189 3608//1189
f 3985//1256 3605//1256 3974//1256
f 3974//1256 3605//1256 3673//1256
f 3904//1257 3604//1257 3985//1257
f 3985//1257 3604//1257 3605//1257
f 3976//1258 3609//1258 3904//1258
f 3904//1258 3609//1258 3604//1258
f 3620//137 3621//137 3968//137
f 3968//137 3621//137 3969//137
f 3885//1259 4074//1259 3968//1259
f 3968//1259 4074//1259 3620//1259
f 3885//1254 3616//1254 4074//1254
f 3883//1254 3616//1254 3885//1254
f 3883//1257 3617//1257 3616//1257
f 3972//1257 3617//1257 3883//1257
f 3969//1260 3621//1260 3972//1260
f 3972//1260 3621//1260 3617//1260
f 3886//1261 3654//1261 3937//1261
f 3937//1261 3654//1261 3652//1261
f 3967//1193 3655//1193 3886//1193
f 3886//1193 3655//1193 3654//1193
f 3661//137 3655//137 4017//137
f 4017//137 3655//137 3967//137
f 3938//1189 3653//1189 4017//1189
f 4017//1189 3653//1189 3661//1189
f 3937//1254 3652//1254 3938//1254
f 3938//1254 3652//1254 3653//1254
f 3947//1193 3638//1193 3939//1193
f 3939//1193 3638//1193 3637//1193
f 3684//137 3638//137 3946//137
f 3946//137 3638//137 3947//137
f 3945//39 3635//39 3946//39
f 3946//39 3635//39 3684//39
f 3915//1262 3636//1262 3945//1262
f 3945//1262 3636//1262 3635//1262
f 3939//1257 3637//1257 3915//1257
f 3915//1257 3637//1257 3636//1257
f 3639//137 3641//137 3941//137
f 3941//137 3641//137 4016//137
f 3940//1263 3640//1263 3941//1263
f 3941//1263 3640//1263 3639//1263
f 4016//1264 3641//1264 3940//1264
f 3940//1264 3641//1264 3640//1264
f 3642//137 3643//137 3888//137
f 3888//137 3643//137 3966//137
f 3887//1265 3656//1265 3888//1265
f 3888//1265 3656//1265 3642//1265
f 3966//1266 3643//1266 3887//1266
f 3887//1266 3643//1266 3656//1266
f 3676//137 3672//137 3970//137
f 3970//137 3672//137 3971//137
f 3973//1263 3671//1263 3970//1263
f 3970//1263 3671//1263 3676//1263
f 3971//1264 3672//1264 3973//1264
f 3973//1264 3672//1264 3671//1264
f 3683//137 3680//137 3906//137
f 3906//137 3680//137 4011//137
f 3905//1265 3679//1265 3906//1265
f 3906//1265 3679//1265 3683//1265
f 4011//1266 3680//1266 3905//1266
f 3905//1266 3680//1266 3679//1266
f 4081//1267 2251//1267 2250//1267
f 4082//1268 2251//1268 4081//1268
f 4083//1269 2236//1269 2209//1269
f 4084//1270 2236//1270 4083//1270
f 4085//1271 2461//1271 4086//1271
f 4086//1272 2461//1272 2462//1272
f 4087//1273 2211//1273 4088//1273
f 4088//1274 2211//1274 2213//1274
f 4089//1275 2414//1275 2448//1275
f 4090//1276 2414//1276 4089//1276
f 4091//1277 2416//1277 2415//1277
f 4092//1278 2416//1278 4091//1278
f 4093//1279 2425//1279 4092//1279
f 4092//1273 2425//1273 2416//1273
f 2418//1280 4094//1280 2419//1280
f 2419//1281 4094//1281 4095//1281
f 4096//1282 2200//1282 4097//1282
f 4097//1282 2200//1282 2460//1282
f 4098//193 4099//193 4100//193
f 4100//193 4099//193 4101//193
f 4100//193 4101//193 4102//193
f 4102//193 4101//193 4103//193
f 4099//193 4098//193 4104//193
f 4104//193 4098//193 4105//193
f 4104//193 4105//193 4106//193
f 4106//193 4105//193 4107//193
f 4107//193 4105//193 4108//193
f 4100//1283 2217//1283 2248//1283
f 4102//1284 2217//1284 4100//1284
f 2248//1285 4098//1285 4100//1285
f 2247//1286 4098//1286 2248//1286
f 2247//1287 4105//1287 4098//1287
f 2245//1288 4105//1288 2247//1288
f 2245//1289 4108//1289 4105//1289
f 2242//1290 4108//1290 2245//1290
f 2359//1291 4099//1291 2361//1291
f 4101//1292 4099//1292 2359//1292
f 2215//1293 4101//1293 2359//1293
f 4103//1294 4101//1294 2215//1294
f 4104//1295 2361//1295 4099//1295
f 4104//1296 2363//1296 2361//1296
f 4106//1297 2363//1297 4104//1297
f 4106//1298 2365//1298 2363//1298
f 4107//1299 2365//1299 4106//1299
f 2365//1300 4107//1300 2240//1300
f 2360//1301 4109//1301 4110//1301
f 2364//1302 4111//1302 2362//1302
f 2362//1303 4109//1303 2360//1303
f 2362//1304 4111//1304 4109//1304
f 2360//1305 4112//1305 2358//1305
f 2360//1306 4110//1306 4112//1306
f 4088//1307 2213//1307 2358//1307
f 4088//1308 2358//1308 4112//1308
f 4113//1309 4111//1309 2364//1309
f 4113//1310 2364//1310 2238//1310
f 4114//1311 2208//1311 2206//1311
f 4115//1312 2208//1312 4114//1312
f 4116//1313 2205//1313 2207//1313
f 4117//1314 2205//1314 4116//1314
f 4118//1315 2460//1315 2458//1315
f 4097//1316 2460//1316 4118//1316
f 4085//1317 2459//1317 2461//1317
f 4119//1318 2459//1318 4085//1318
f 4120//1319 4121//1319 2134//1319
f 2134//1319 4121//1319 2135//1319
f 4122//193 4123//193 4124//193
f 4124//193 4123//193 4125//193
f 4124//193 4125//193 4126//193
f 4126//193 4125//193 4127//193
f 4126//193 4127//193 4128//193
f 4123//193 4122//193 4129//193
f 4129//193 4122//193 4130//193
f 4129//193 4130//193 4131//193
f 4128//193 4132//193 4126//193
f 2333//1320 4126//1320 4132//1320
f 2336//1321 4126//1321 2333//1321
f 2336//1322 4124//1322 4126//1322
f 2338//1323 4124//1323 2336//1323
f 2338//1324 4122//1324 4124//1324
f 2340//1325 4122//1325 2338//1325
f 2340//1326 4130//1326 4122//1326
f 2341//1327 4130//1327 2340//1327
f 2476//1328 4125//1328 2474//1328
f 4127//1329 4125//1329 2476//1329
f 2334//1330 4127//1330 2476//1330
f 4128//1331 4127//1331 2334//1331
f 4123//1332 2474//1332 4125//1332
f 4123//1333 2472//1333 2474//1333
f 4129//1334 2472//1334 4123//1334
f 4129//1335 2470//1335 2472//1335
f 4131//1336 2470//1336 4129//1336
f 2470//1337 4131//1337 2420//1337
f 2473//1338 4133//1338 4134//1338
f 2469//1339 4135//1339 2471//1339
f 2471//1340 4133//1340 2473//1340
f 2471//1341 4135//1341 4133//1341
f 2473//1342 4136//1342 2475//1342
f 2473//1343 4134//1343 4136//1343
f 4137//1344 4135//1344 2469//1344
f 4137//1345 2469//1345 2422//1345
f 4138//1346 2387//1346 2475//1346
f 4138//1347 2475//1347 4136//1347
f 4139//1348 2391//1348 2412//1348
f 4140//1349 2391//1349 4139//1349
f 4141//1350 2413//1350 2389//1350
f 4142//1351 2413//1351 4141//1351
f 4143//1352 2136//1352 2137//1352
f 4144//1353 2136//1353 4143//1353
f 4121//1354 2138//1354 2135//1354
f 4145//1355 2138//1355 4121//1355
f 2452//1356 2374//1356 4146//1356
f 4146//1357 2374//1357 4147//1357
f 2375//1358 2451//1358 4148//1358
f 4148//1359 2451//1359 4149//1359
f 2383//1360 2466//1360 4150//1360
f 4150//1361 2466//1361 4151//1361
f 4152//1272 2202//1272 4153//1272
f 4153//1362 2202//1362 2201//1362
f 4154//1363 2178//1363 2180//1363
f 4155//1364 2178//1364 4154//1364
f 2181//1350 2179//1350 4156//1350
f 4156//1365 2179//1365 4157//1365
f 4158//1366 2284//1366 2282//1366
f 4159//1367 2284//1367 4158//1367
f 4160//1368 2281//1368 2283//1368
f 4161//1351 2281//1351 4160//1351
f 2385//1360 2384//1360 4162//1360
f 4162//1361 2384//1361 4163//1361
f 4164//1363 2368//1363 2370//1363
f 4165//1369 2368//1369 4164//1369
f 4166//1370 2371//1370 2369//1370
f 4167//1371 2371//1371 4166//1371
f 2059//1372 2058//1372 4168//1372
f 4168//1362 2058//1362 4169//1362
f 4170//1373 2182//1373 2184//1373
f 4171//1374 2182//1374 4170//1374
f 4172//1375 2185//1375 2183//1375
f 4173//1376 2185//1376 4172//1376
f 4174//1281 4175//1281 2449//1281
f 2449//1281 4175//1281 2409//1281
f 4176//1377 2449//1377 2407//1377
f 4174//1378 2449//1378 4176//1378
f 4177//1379 2405//1379 2450//1379
f 4178//1380 2405//1380 4177//1380
f 4179//1381 2158//1381 2160//1381
f 4180//1382 2158//1382 4179//1382
f 4181//1383 2161//1383 2159//1383
f 4182//1384 2161//1384 4181//1384
f 2159//1360 2163//1360 4181//1360
f 4181//1385 2163//1385 4183//1385
f 2166//1360 2153//1360 4184//1360
f 4184//1385 2153//1385 4185//1385
f 4186//1386 4187//1386 2410//1386
f 2410//1319 4187//1319 2411//1319
f 4188//1387 2408//1387 4189//1387
f 4189//1269 2408//1269 2142//1269
f 4190//1388 2144//1388 2406//1388
f 4191//1389 2144//1389 4190//1389
f 4192//1390 2404//1390 4193//1390
f 4193//1391 2404//1391 2146//1391
f 4194//1392 2148//1392 4195//1392
f 4195//1393 2148//1393 2162//1393
f 4196//1394 2165//1394 2150//1394
f 4197//1382 2165//1382 4196//1382
f 4184//1395 2152//1395 2166//1395
f 4198//1396 2152//1396 4184//1396
f 4199//1363 2280//1363 2278//1363
f 4200//1364 2280//1364 4199//1364
f 4201//1370 2277//1370 2279//1370
f 4202//1397 2277//1397 4201//1397
f 4203//1360 2164//1360 4197//1360
f 4197//1360 2164//1360 2165//1360
f 4204//1373 2372//1373 2272//1373
f 4205//1374 2372//1374 4204//1374
f 4206//1375 2273//1375 2373//1375
f 4207//1376 2273//1376 4206//1376
f 4208//1279 4116//1279 2210//1279
f 2210//1273 4116//1273 2207//1273
f 4209//1348 2186//1348 2188//1348
f 4210//1398 2186//1398 4209//1398
f 4211//1368 2189//1368 2187//1368
f 4212//1399 2189//1399 4211//1399
f 4213//1400 2287//1400 2286//1400
f 4214//1401 2287//1401 4213//1401
f 4150//1402 2285//1402 2383//1402
f 4215//1403 2285//1403 4150//1403
f 2172//1362 2174//1362 4216//1362
f 4216//1282 2174//1282 4217//1282
f 4218//1385 2382//1385 4214//1385
f 4214//1360 2382//1360 2287//1360
f 2267//1279 4219//1279 2190//1279
f 2190//278 4219//278 4220//278
f 4221//1404 2455//1404 2454//1404
f 4222//1405 2455//1405 4221//1405
f 4223//1406 2453//1406 2464//1406
f 4224//1407 2453//1407 4223//1407
f 4225//1385 2465//1385 4222//1385
f 4222//1360 2465//1360 2455//1360
f 2157//1319 4226//1319 2450//1319
f 2450//1281 4226//1281 4177//1281
f 4227//1273 4228//1273 2393//1273
f 2393//1273 4228//1273 2268//1273
f 4229//1373 2276//1373 2275//1373
f 4230//1408 2276//1408 4229//1408
f 4231//1375 2274//1375 2271//1375
f 4232//1409 2274//1409 4231//1409
f 4223//1360 2464//1360 4216//1360
f 4216//1360 2464//1360 2172//1360
f 4233//1274 4137//1274 2424//1274
f 2424//1274 4137//1274 2422//1274
f 4234//193 4235//193 4236//193
f 4236//193 4235//193 4237//193
f 4237//193 4235//193 4238//193
f 4237//193 4238//193 4239//193
f 4239//193 4238//193 4240//193
f 4239//193 4240//193 4241//193
f 4241//193 4240//193 4242//193
f 4241//193 4242//193 4243//193
f 4243//193 4242//193 4244//193
f 4244//193 4242//193 4245//193
f 4244//193 4245//193 4246//193
f 4246//193 4245//193 4247//193
f 4247//193 4245//193 4248//193
f 2194//278 4248//278 2196//278
f 2196//278 4248//278 4245//278
f 2366//1410 2192//1410 4249//1410
f 4249//1411 2192//1411 4250//1411
f 4251//193 4252//193 4250//193
f 4250//193 4252//193 4249//193
f 2317//1273 4252//1273 2193//1273
f 2193//1279 4252//1279 4251//1279
f 4253//1411 2322//1411 4254//1411
f 4254//1410 2322//1410 2367//1410
f 4255//193 4256//193 4254//193
f 4254//193 4256//193 4253//193
f 4256//1279 4255//1279 2320//1279
f 2320//1273 4255//1273 2319//1273
f 4257//274 2270//274 4258//274
f 4258//274 2270//274 2269//274
f 4259//193 4260//193 4261//193
f 4261//193 4260//193 4262//193
f 4263//193 4264//193 4265//193
f 4265//193 4264//193 4266//193
f 2224//1410 2222//1410 4266//1410
f 4266//1411 2222//1411 4265//1411
f 2378//293 2231//293 4262//293
f 4262//283 2231//283 4261//283
f 4263//289 2229//289 4264//289
f 4264//297 2229//297 2380//297
f 4267//193 4268//193 4269//193
f 4269//193 4268//193 4270//193
f 4271//193 4272//193 4273//193
f 4273//193 4272//193 4274//193
f 2096//1411 2226//1411 4274//1411
f 4274//1410 2226//1410 4273//1410
f 2092//293 2379//293 4270//293
f 4270//1412 2379//1412 4269//1412
f 4271//1413 2381//1413 4272//1413
f 4272//297 2381//297 2094//297
f 4275//193 4276//193 4277//193
f 4277//193 4276//193 4278//193
f 4279//193 4280//193 4281//193
f 4281//193 4280//193 4282//193
f 2099//1410 2097//1410 4282//1410
f 4282//1411 2097//1411 4281//1411
f 2104//293 2093//293 4278//293
f 4278//283 2093//283 4277//283
f 4279//289 2095//289 4280//289
f 4280//297 2095//297 2102//297
f 4283//193 4284//193 4285//193
f 4285//193 4284//193 4286//193
f 4287//193 4288//193 4289//193
f 4289//193 4288//193 4290//193
f 2100//1410 4289//1410 2295//1410
f 2295//1411 4289//1411 4290//1411
f 2103//293 4285//293 2299//293
f 2299//283 4285//283 4286//283
f 4288//289 4287//289 2297//289
f 2297//297 4287//297 2101//297
f 4291//193 4292//193 4293//193
f 4293//193 4292//193 4294//193
f 4295//193 4296//193 4297//193
f 4297//193 4296//193 4298//193
f 2292//1411 2294//1411 4298//1411
f 4298//1410 2294//1410 4297//1410
f 2443//293 2298//293 4294//293
f 4294//1412 2298//1412 4293//1412
f 4295//1413 2296//1413 4296//1413
f 4296//297 2296//297 2445//297
f 4299//193 4300//193 4301//193
f 4301//193 4300//193 4302//193
f 4303//193 4304//193 4305//193
f 4305//193 4304//193 4306//193
f 4307//193 4308//193 4309//193
f 4309//193 4308//193 4310//193
f 4309//193 4310//193 4311//193
f 4311//193 4310//193 4312//193
f 4312//193 4310//193 4313//193
f 4314//193 4315//193 4316//193
f 4316//193 4315//193 4317//193
f 4316//193 4317//193 4318//193
f 4318//193 4317//193 4319//193
f 4320//193 4321//193 4322//193
f 4322//193 4321//193 4323//193
f 4324//193 4325//193 4326//193
f 4326//193 4325//193 4327//193
f 4328//193 4329//193 4258//193
f 4258//193 4329//193 4257//193
f 4257//193 4329//193 4330//193
f 4330//193 4329//193 4331//193
f 4330//193 4331//193 4332//193
f 4332//193 4331//193 4333//193
f 4333//193 4331//193 4334//193
f 4333//193 4334//193 4335//193
f 4335//193 4334//193 4336//193
f 4335//193 4336//193 4337//193
f 4337//193 4336//193 4338//193
f 4337//193 4338//193 4339//193
f 4339//193 4338//193 4340//193
f 4341//193 4342//193 4343//193
f 4343//193 4342//193 4344//193
f 4344//193 4342//193 4345//193
f 4344//193 4345//193 4346//193
f 4346//193 4347//193 4344//193
f 4348//193 4349//193 4350//193
f 4350//193 4349//193 4351//193
f 4350//193 4351//193 4352//193
f 4352//193 4353//193 4350//193
f 2343//1414 4353//1414 2421//1414
f 2421//274 4353//274 4352//274
f 4130//1273 2341//1273 4131//1273
f 4131//1273 2341//1273 2420//1273
f 2431//1410 2348//1410 4343//1410
f 4343//1414 2348//1414 4341//1414
f 4348//1273 2346//1273 4349//1273
f 4349//1273 2346//1273 2429//1273
f 2435//1410 2447//1410 4323//1410
f 4323//1411 2447//1411 4322//1411
f 2114//1411 2434//1411 4327//1411
f 4327//1415 2434//1415 4326//1415
f 4344//1279 4347//1279 2433//1279
f 2433//1274 4347//1274 2357//1274
f 4310//1279 2223//1279 4313//1279
f 4313//1416 2223//1416 2225//1416
f 2216//1414 2214//1414 4319//1414
f 4319//274 2214//274 4318//274
f 4102//1273 4103//1273 2217//1273
f 2217//1273 4103//1273 2215//1273
f 2065//1410 4308//1410 2067//1410
f 2067//1414 4308//1414 4307//1414
f 4314//1273 2066//1273 4315//1273
f 4315//1273 2066//1273 2068//1273
f 2439//293 2444//293 4302//293
f 4302//283 2444//283 4301//283
f 2110//283 2438//283 4306//283
f 4306//293 2438//293 4305//293
f 4320//289 2446//289 4321//289
f 4321//297 2446//297 2437//297
f 4324//297 2436//297 4325//297
f 4325//289 2436//289 2112//289
f 2616//193 2676//193 2618//193
f 2618//193 2676//193 2679//193
f 2679//1319 2676//1319 2055//1319
f 2055//1281 2676//1281 2053//1281
f 2612//193 2670//193 2614//193
f 2614//193 2670//193 2673//193
f 2673//1319 2670//1319 2061//1319
f 2061//1281 2670//1281 2073//1281
f 2610//193 2664//193 2609//193
f 2609//193 2664//193 2667//193
f 2075//1281 2667//1281 2077//1281
f 2077//1281 2667//1281 2664//1281
f 2606//193 2806//193 2605//193
f 2605//193 2806//193 2661//193
f 2079//1281 2661//1281 2081//1281
f 2081//1281 2661//1281 2806//1281
f 2801//193 2599//193 2655//193
f 2655//193 2599//193 2601//193
f 2115//1362 2113//1362 2649//1362
f 2649//1362 2113//1362 2658//1362
f 2658//193 2595//193 2649//193
f 2649//193 2595//193 2597//193
f 2643//1282 2119//1282 2652//1282
f 2652//1362 2119//1362 2117//1362
f 2652//193 2592//193 2643//193
f 2643//193 2592//193 2591//193
f 2637//1282 2123//1282 2646//1282
f 2646//1362 2123//1362 2121//1362
f 2646//193 2588//193 2637//193
f 2637//193 2588//193 2587//193
f 2625//1362 2133//1362 2640//1362
f 2640//1282 2133//1282 2124//1282
f 2110//1281 4306//1281 2108//1281
f 2108//1281 4306//1281 4304//1281
f 4354//193 4355//193 4356//193
f 4356//193 4355//193 4357//193
f 2074//1362 2076//1362 4358//1362
f 4358//1362 2076//1362 4359//1362
f 4360//193 4361//193 4362//193
f 4362//193 4361//193 4363//193
f 4364//1282 2056//1282 4365//1282
f 4365//1362 2056//1362 2054//1362
f 2309//1417 4309//1417 2307//1417
f 2307//1418 4311//1418 2305//1418
f 2307//1419 4309//1419 4311//1419
f 2305//1420 4312//1420 2303//1420
f 2305//1421 4311//1421 4312//1421
f 4313//1422 2225//1422 2303//1422
f 4313//1423 2303//1423 4312//1423
f 4307//1424 4309//1424 2309//1424
f 4307//1425 2309//1425 2067//1425
f 4366//193 4364//193 4367//193
f 4367//193 4364//193 4365//193
f 4367//193 4365//193 4368//193
f 4369//1362 2175//1362 4370//1362
f 4370//1362 2175//1362 2463//1362
f 2216//1426 4317//1426 2310//1426
f 4319//1427 4317//1427 2216//1427
f 2114//1281 4327//1281 2112//1281
f 2112//1281 4327//1281 4325//1281
f 4359//193 4371//193 4358//193
f 4358//193 4371//193 4372//193
f 4362//1282 2062//1282 4360//1282
f 4360//1362 2062//1362 2072//1362
f 2355//1428 4346//1428 2353//1428
f 2353//1429 4345//1429 2351//1429
f 2353//1430 4346//1430 4345//1430
f 2351//1431 4342//1431 2349//1431
f 2351//1432 4345//1432 4342//1432
f 4341//1433 2348//1433 2349//1433
f 4341//1434 2349//1434 4342//1434
f 4347//1435 4346//1435 2355//1435
f 4347//1436 2355//1436 2357//1436
f 4373//1319 4374//1319 2118//1319
f 2118//1281 4374//1281 2116//1281
f 4375//193 4374//193 4376//193
f 4376//193 4374//193 4373//193
f 4350//1282 2345//1282 4348//1282
f 4348//1362 2345//1362 2346//1362
f 4377//1319 4378//1319 2122//1319
f 2122//1281 4378//1281 2120//1281
f 2330//1437 4340//1437 4338//1437
f 2332//1438 4340//1438 2330//1438
f 4338//1439 2328//1439 2330//1439
f 4336//1440 2328//1440 4338//1440
f 4336//1441 2326//1441 2328//1441
f 4334//1442 2326//1442 4336//1442
f 4334//1443 2324//1443 2326//1443
f 4331//1444 2324//1444 4334//1444
f 4331//1445 2325//1445 2324//1445
f 4329//1446 2325//1446 4331//1446
f 2622//193 2682//193 2621//193
f 2621//193 2682//193 2633//193
f 2633//1281 2682//1281 2173//1281
f 2173//1319 2682//1319 2057//1319
f 4379//193 4380//193 4377//193
f 4377//193 4380//193 4378//193
f 4378//193 4380//193 4381//193
f 4144//1386 4382//1386 2136//1386
f 2136//1386 4382//1386 2417//1386
f 2078//1362 2080//1362 4356//1362
f 4356//1362 2080//1362 4354//1362
f 2640//193 2583//193 2625//193
f 2625//193 2583//193 2585//193
f 2111//1362 2107//1362 2655//1362
f 2655//1362 2107//1362 2801//1362
f 2624//193 2634//193 637//193
f 637//193 2634//193 635//193
f 4383//193 4384//193 2863//193
f 2863//193 4384//193 2864//193
f 4385//39 4386//39 4387//39
f 4387//39 4386//39 4388//39
f 4387//39 4388//39 4389//39
f 4389//39 4388//39 4390//39
f 4389//39 4390//39 4391//39
f 4391//39 4390//39 4392//39
f 4391//39 4392//39 4393//39
f 4385//39 4394//39 4386//39
f 4386//39 4394//39 4395//39
f 4395//39 4394//39 4396//39
f 4395//39 4396//39 4397//39
f 4397//39 4396//39 4398//39
f 4397//39 4398//39 4399//39
f 4400//39 4401//39 4399//39
f 4399//39 4401//39 4402//39
f 4399//39 4402//39 4403//39
f 4403//39 4402//39 4404//39
f 4403//39 4404//39 4405//39
f 4405//39 4404//39 4406//39
f 4405//39 4406//39 4407//39
f 4407//39 4406//39 4408//39
f 4407//39 4408//39 4409//39
f 4409//39 4408//39 4410//39
f 4409//39 4410//39 4411//39
f 4411//39 4410//39 4412//39
f 4411//39 4412//39 4413//39
f 4414//39 4415//39 4400//39
f 4400//39 4415//39 4416//39
f 4400//39 4416//39 4401//39
f 4401//39 4416//39 4417//39
f 4401//39 4417//39 4418//39
f 4418//39 4417//39 4419//39
f 4418//39 4419//39 4420//39
f 4420//39 4419//39 4421//39
f 4420//39 4421//39 4422//39
f 4422//39 4421//39 4423//39
f 4422//39 4423//39 4424//39
f 4424//39 4423//39 4425//39
f 4424//39 4425//39 4426//39
f 4426//39 4425//39 4427//39
f 4426//39 4427//39 4428//39
f 4428//39 4427//39 4429//39
f 4428//39 4429//39 4430//39
f 4391//39 4393//39 4414//39
f 4414//39 4393//39 4431//39
f 4414//39 4431//39 4415//39
f 4415//39 4431//39 4432//39
f 4415//39 4432//39 4433//39
f 4433//39 4432//39 4434//39
f 4433//39 4434//39 4435//39
f 4435//39 4434//39 4436//39
f 4435//39 4436//39 4437//39
f 4437//39 4436//39 3516//39
f 4437//39 3516//39 4438//39
f 4438//39 3516//39 4439//39
f 4438//39 4439//39 4440//39
f 4440//39 4439//39 4441//39
f 4440//39 4441//39 4442//39
f 4442//39 4441//39 4443//39
f 4442//39 4443//39 4444//39
f 4444//39 4443//39 4445//39
f 4444//39 4445//39 4446//39
f 4446//39 4445//39 4447//39
f 4446//39 4447//39 4448//39
f 4449//39 4450//39 4451//39
f 4451//39 4450//39 4452//39
f 4451//39 4452//39 4453//39
f 4453//39 4452//39 4454//39
f 4453//39 4454//39 4413//39
f 4413//39 4454//39 4455//39
f 4413//39 4455//39 4456//39
f 4456//39 4455//39 4457//39
f 4456//39 4457//39 4458//39
f 4458//39 4457//39 4459//39
f 4458//39 4459//39 4460//39
f 4460//39 4459//39 4461//39
f 4461//39 4459//39 4462//39
f 4461//39 4462//39 4463//39
f 4463//39 4462//39 4464//39
f 4463//39 4464//39 4465//39
f 4450//39 4449//39 3526//39
f 3526//39 4449//39 4466//39
f 3526//39 4466//39 4467//39
f 4467//39 4466//39 4468//39
f 4467//39 4468//39 4469//39
f 4469//39 4468//39 4470//39
f 4469//39 4470//39 4471//39
f 4471//39 4470//39 4472//39
f 4471//39 4472//39 4473//39
f 4473//39 4472//39 4474//39
f 4473//39 4474//39 4475//39
f 4475//39 4474//39 4476//39
f 4476//39 4474//39 4477//39
f 4476//39 4477//39 3526//39
f 3526//39 4477//39 4478//39
f 3526//39 4478//39 4430//39
f 4430//39 4478//39 4428//39
f 4470//39 4468//39 4479//39
f 4479//39 4468//39 4480//39
f 4479//39 4480//39 4481//39
f 4481//39 4480//39 4482//39
f 4481//39 4482//39 4483//39
f 4483//39 4482//39 4412//39
f 4483//39 4412//39 4410//39
f 4480//39 4451//39 4482//39
f 4482//39 4451//39 4453//39
f 4463//39 4465//39 4484//39
f 4484//39 4465//39 4485//39
f 4484//39 4485//39 4486//39
f 4486//39 4485//39 4487//39
f 4486//39 4487//39 4488//39
f 4488//39 4487//39 4489//39
f 4489//39 4487//39 4490//39
f 4490//39 4487//39 4491//39
f 4490//39 4491//39 4492//39
f 4492//39 4491//39 4493//39
f 4492//39 4493//39 4494//39
f 4494//39 4493//39 4495//39
f 4494//39 4495//39 4496//39
f 4496//39 4495//39 4497//39
f 4496//39 4497//39 2853//39
f 2853//39 4497//39 4498//39
f 2853//39 4498//39 4499//39
f 4495//39 4493//39 4500//39
f 4500//39 4493//39 4457//39
f 4500//39 4457//39 4455//39
f 4501//39 4502//39 4503//39
f 4503//39 4502//39 4504//39
f 4503//39 4504//39 4505//39
f 4505//39 4504//39 4506//39
f 4505//39 4506//39 4507//39
f 4507//39 4506//39 4406//39
f 4507//39 4406//39 4404//39
f 4426//39 4508//39 4501//39
f 4501//39 4508//39 4509//39
f 4501//39 4509//39 4502//39
f 4502//39 4509//39 4479//39
f 4502//39 4479//39 4481//39
f 4424//39 4503//39 4422//39
f 4422//39 4503//39 4505//39
f 4509//39 4508//39 4472//39
f 4472//39 4508//39 4474//39
f 4428//39 4508//39 4426//39
f 4420//39 4507//39 4418//39
f 4418//39 4507//39 4404//39
f 4452//39 4510//39 4454//39
f 4454//39 4510//39 4511//39
f 4511//39 4510//39 2853//39
f 4511//39 2853//39 4512//39
f 4512//39 2853//39 4499//39
f 4512//39 4499//39 4500//39
f 4500//39 4499//39 4495//39
f 2853//39 4510//39 4450//39
f 4399//39 4403//39 4397//39
f 4397//39 4403//39 4407//39
f 4397//39 4407//39 4513//39
f 4513//39 4407//39 4409//39
f 4513//39 4409//39 4514//39
f 4515//39 4516//39 4517//39
f 4517//39 4516//39 4518//39
f 4517//39 4518//39 4519//39
f 4519//39 4518//39 4520//39
f 4519//39 4520//39 4521//39
f 4521//39 4520//39 4522//39
f 4521//39 4522//39 4523//39
f 4523//39 4522//39 4524//39
f 4523//39 4524//39 4435//39
f 4435//39 4524//39 4433//39
f 4525//39 4526//39 4515//39
f 4515//39 4526//39 4527//39
f 4515//39 4527//39 4528//39
f 4528//39 4527//39 4529//39
f 4528//39 4529//39 4530//39
f 4530//39 4529//39 3516//39
f 4530//39 3516//39 3526//39
f 4526//39 4525//39 3516//39
f 3516//39 4525//39 4531//39
f 3516//39 4531//39 4448//39
f 4448//39 4531//39 4446//39
f 4446//39 4517//39 4444//39
f 4444//39 4517//39 4519//39
f 3516//39 4529//39 4526//39
f 4431//39 4393//39 4532//39
f 4532//39 4393//39 4533//39
f 4532//39 4533//39 4534//39
f 4534//39 4533//39 4535//39
f 4534//39 4535//39 4536//39
f 4535//39 4533//39 4537//39
f 4537//39 4533//39 4538//39
f 4537//39 4538//39 4539//39
f 4539//39 4538//39 4540//39
f 4539//39 4540//39 4541//39
f 4541//39 4540//39 4542//39
f 4542//39 4540//39 4543//39
f 4543//39 4540//39 4544//39
f 4543//39 4544//39 4545//39
f 4545//39 4544//39 4546//39
f 4545//39 4546//39 4547//39
f 4547//39 4546//39 4548//39
f 4547//39 4548//39 4549//39
f 4547//39 4549//39 4550//39
f 4550//39 4549//39 4392//39
f 4550//39 4392//39 4390//39
f 4447//39 4445//39 4551//39
f 4551//39 4445//39 4552//39
f 4551//39 4552//39 3516//39
f 3516//39 4552//39 4553//39
f 3516//39 4553//39 4554//39
f 3516//39 4554//39 4555//39
f 4555//39 4554//39 4443//39
f 4555//39 4443//39 4441//39
f 3516//39 4448//39 4551//39
f 4496//39 2853//39 4492//39
f 4492//39 2853//39 4556//39
f 4492//39 4556//39 4490//39
f 2852//39 4557//39 2853//39
f 2853//39 4557//39 4558//39
f 2853//39 4558//39 4559//39
f 3516//39 4436//39 2852//39
f 2852//39 4436//39 4560//39
f 2852//39 4560//39 4561//39
f 4561//39 4560//39 4432//39
f 4432//39 4560//39 4434//39
f 3526//39 2853//39 4450//39
f 3516//39 4555//39 4439//39
f 4537//39 2852//39 4536//39
f 4536//39 2852//39 4562//39
f 4536//39 4562//39 4534//39
f 4534//39 4563//39 4532//39
f 4532//39 4563//39 4564//39
f 4564//39 4563//39 2852//39
f 4564//39 2852//39 4561//39
f 4563//39 4565//39 2852//39
f 2852//39 4565//39 4562//39
f 4523//39 4440//39 4521//39
f 4521//39 4440//39 4442//39
f 4416//39 4524//39 4417//39
f 4417//39 4524//39 4522//39
f 4419//39 4520//39 4421//39
f 4421//39 4520//39 4518//39
f 4423//39 4516//39 4425//39
f 4425//39 4516//39 4528//39
f 4528//39 4516//39 4515//39
f 4475//39 4566//39 4473//39
f 4473//39 4566//39 4567//39
f 4567//39 4566//39 3526//39
f 4567//39 3526//39 4568//39
f 4568//39 3526//39 4569//39
f 4569//39 3526//39 4570//39
f 4569//39 4570//39 4471//39
f 4471//39 4570//39 4469//39
f 3526//39 4566//39 4476//39
f 3526//39 4467//39 4570//39
f 4429//39 4427//39 4571//39
f 4571//39 4427//39 4572//39
f 4571//39 4572//39 3526//39
f 3526//39 4572//39 4530//39
f 3526//39 4430//39 4571//39
f 4514//39 4573//39 4513//39
f 4513//39 4573//39 4574//39
f 4574//39 4573//39 4575//39
f 4574//39 4575//39 4576//39
f 4576//39 4575//39 4577//39
f 4576//39 4577//39 4578//39
f 4576//39 4578//39 4579//39
f 4579//39 4578//39 4580//39
f 4579//39 4580//39 4460//39
f 4460//39 4580//39 4458//39
f 4456//39 4411//39 4413//39
f 4410//39 4506//39 4483//39
f 4483//39 4506//39 4504//39
f 4539//39 4581//39 4537//39
f 4537//39 4581//39 2852//39
f 4581//39 4582//39 2852//39
f 2852//39 4582//39 4583//39
f 2852//39 4583//39 4584//39
f 4584//39 4585//39 2852//39
f 2852//39 4585//39 4586//39
f 2852//39 4586//39 4557//39
f 4559//39 4587//39 2853//39
f 2853//39 4587//39 4588//39
f 2853//39 4588//39 4556//39
f 2630//193 2581//193 648//193
f 648//193 2581//193 642//193
f 2308//578 4539//578 2069//578
f 2069//578 4539//578 4541//578
f 2306//1447 4581//1447 2308//1447
f 2308//1447 4581//1447 4539//1447
f 2304//1448 4582//1448 2306//1448
f 2306//1448 4582//1448 4581//1448
f 2302//1449 4583//1449 2304//1449
f 2304//1449 4583//1449 4582//1449
f 4585//1450 2228//1450 4586//1450
f 4586//1450 2228//1450 2098//1450
f 4584//1451 2227//1451 4585//1451
f 4585//1451 2227//1451 2228//1451
f 2227//1452 4584//1452 2302//1452
f 2302//1452 4584//1452 4583//1452
f 4542//3 2070//3 4541//3
f 4541//3 2070//3 2069//3
f 2316//571 4395//571 2195//571
f 2195//571 4395//571 4397//571
f 2314//572 4386//572 2316//572
f 2316//572 4386//572 4395//572
f 2312//573 4388//573 2314//573
f 2314//573 4388//573 4386//573
f 2243//574 4390//574 2312//574
f 2312//574 4390//574 4388//574
f 2244//570 4550//570 2243//570
f 2243//570 4550//570 4390//570
f 4543//566 2218//566 4542//566
f 4542//566 2218//566 2070//566
f 4545//567 2219//567 4543//567
f 4543//567 2219//567 2218//567
f 4547//568 2246//568 4545//568
f 4545//568 2246//568 2219//568
f 2246//569 4547//569 2244//569
f 2244//569 4547//569 4550//569
f 2195//137 4397//137 2318//137
f 2318//137 4397//137 4513//137
f 2342//562 4486//562 2344//562
f 2344//562 4486//562 4488//562
f 2339//563 4484//563 2342//563
f 2342//563 4484//563 4486//563
f 2337//564 4463//564 2339//564
f 2339//564 4463//564 4484//564
f 2335//565 4461//565 2337//565
f 2337//565 4461//565 4463//565
f 2331//561 4460//561 2335//561
f 2335//561 4460//561 4461//561
f 4574//557 2323//557 4513//557
f 4513//557 2323//557 2318//557
f 4576//558 2327//558 4574//558
f 4574//558 2327//558 2323//558
f 4579//559 2329//559 4576//559
f 4576//559 2329//559 2327//559
f 2329//560 4579//560 2331//560
f 2331//560 4579//560 4460//560
f 4489//27 2347//27 4488//27
f 4488//27 2347//27 2344//27
f 2291//554 4558//554 2293//554
f 2293//554 4558//554 4557//554
f 2290//555 4559//555 2291//555
f 2291//555 4559//555 4558//555
f 2356//556 4587//556 2290//556
f 2290//556 4587//556 4559//556
f 2354//553 4588//553 2356//553
f 2356//553 4588//553 4587//553
f 4490//550 2350//550 4489//550
f 4489//550 2350//550 2347//550
f 4556//551 2352//551 4490//551
f 4490//551 2352//551 2350//551
f 2352//552 4556//552 2354//552
f 2354//552 4556//552 4588//552
f 4586//64 2098//64 4557//64
f 4557//64 2098//64 2293//64
f 648//1372 647//1372 2630//1372
f 2630//1362 647//1362 2155//1362
f 2864//1280 4384//1280 2168//1280
f 2168//1281 4384//1281 2156//1281
f 2863//1372 2169//1372 4383//1372
f 4383//1362 2169//1362 2170//1362
f 635//1280 2634//1280 636//1280
f 636//1281 2634//1281 2171//1281
f 2157//1360 2158//1360 4226//1360
f 4226//1453 2158//1453 4180//1453
f 4384//1454 4383//1454 2156//1454
f 2156//1455 4383//1455 2170//1455
f 4329//278 4328//278 2325//278
f 2325//278 4328//278 2321//278
f 2241//1456 4235//1456 4234//1456
f 2311//1457 4235//1457 2241//1457
f 2311//1458 4238//1458 4235//1458
f 2313//1459 4238//1459 2311//1459
f 2313//1460 4240//1460 4238//1460
f 2315//1461 4240//1461 2313//1461
f 2315//1462 4242//1462 4240//1462
f 2197//1463 4242//1463 2315//1463
f 2197//1464 4245//1464 4242//1464
f 2196//1465 4245//1465 2197//1465
f 4317//1319 4315//1319 2310//1319
f 2310//1281 4315//1281 2068//1281
f 4350//1466 2343//1466 2345//1466
f 4353//1467 2343//1467 4350//1467
f 2423//1468 4379//1468 2122//1468
f 2122//274 4379//274 4377//274
f 4089//1279 2448//1279 4095//1279
f 4095//1273 2448//1273 2419//1273
f 2118//1411 2430//1411 4373//1411
f 4373//1415 2430//1415 4376//1415
f 4381//1469 2428//1469 4378//1469
f 4378//1279 2428//1279 2120//1279
f 2220//1411 2074//1411 4372//1411
f 4372//1415 2074//1415 4358//1415
f 4375//1469 2432//1469 4374//1469
f 4374//1279 2432//1279 2116//1279
f 4360//1469 2072//1469 4361//1469
f 4361//1279 2072//1279 2221//1279
f 2212//274 2056//274 4366//274
f 4366//1415 2056//1415 4364//1415
f 4115//1279 4169//1279 2208//1279
f 2208//1279 4169//1279 2058//1279
f 2063//1411 2062//1411 4363//1411
f 4363//1415 2062//1415 4362//1415
f 4365//1469 2054//1469 4368//1469
f 4368//1279 2054//1279 2064//1279
f 2232//283 2078//283 4357//283
f 4357//293 2078//293 4356//293
f 4359//297 2076//297 4371//297
f 4371//289 2076//289 2230//289
f 2222//1362 2229//1362 4265//1362
f 4265//1362 2229//1362 4263//1362
f 2220//1281 4372//1281 2230//1281
f 2230//1281 4372//1281 4371//1281
f 2435//1281 4323//1281 2437//1281
f 2437//1281 4323//1281 4321//1281
f 2434//1362 2436//1362 4326//1362
f 4326//1362 2436//1362 4324//1362
f 2231//1362 2233//1362 4261//1362
f 4261//1362 2233//1362 4259//1362
f 2232//1281 4357//1281 2234//1281
f 2234//1281 4357//1281 4355//1281
f 2439//1281 4302//1281 2440//1281
f 2440//1281 4302//1281 4300//1281
f 2438//1362 2109//1362 4305//1362
f 4305//1362 2109//1362 4303//1362
f 4316//1282 2468//1282 4314//1282
f 4314//1362 2468//1362 2066//1362
f 4367//1319 4368//1319 2467//1319
f 2467//1281 4368//1281 2064//1281
f 4318//1470 2468//1470 4316//1470
f 2214//1471 2468//1471 4318//1471
f 2212//1472 4367//1472 2467//1472
f 4366//1473 4367//1473 2212//1473
f 4308//1282 2065//1282 4310//1282
f 4310//1362 2065//1362 2223//1362
f 4363//1319 4361//1319 2063//1319
f 2063//1281 4361//1281 2221//1281
f 2254//1474 4246//1474 2252//1474
f 2254//1475 4244//1475 4246//1475
f 2256//1476 4244//1476 2254//1476
f 2256//1477 4243//1477 4244//1477
f 2258//1478 4243//1478 2256//1478
f 2258//1479 4241//1479 4243//1479
f 2260//1480 4241//1480 2258//1480
f 4237//1481 2239//1481 4236//1481
f 4237//1482 2262//1482 2239//1482
f 4239//1483 2262//1483 4237//1483
f 4239//1484 2260//1484 2262//1484
f 4241//1485 2260//1485 4239//1485
f 2237//1486 4589//1486 4590//1486
f 2263//1487 4589//1487 2237//1487
f 2263//1488 4591//1488 4589//1488
f 2261//1489 4591//1489 2263//1489
f 2261//1490 4592//1490 4591//1490
f 2259//1491 4592//1491 2261//1491
f 2259//1492 4593//1492 4592//1492
f 2257//1493 4593//1493 2259//1493
f 2257//1494 4594//1494 4593//1494
f 2255//1495 4594//1495 2257//1495
f 2255//1496 4595//1496 4594//1496
f 2253//1497 4595//1497 2255//1497
f 2270//1498 4330//1498 2394//1498
f 4257//1499 4330//1499 2270//1499
f 4332//1500 2394//1500 4330//1500
f 4332//1501 2396//1501 2394//1501
f 4333//1502 2396//1502 4332//1502
f 4333//1503 2398//1503 2396//1503
f 4335//1504 2398//1504 4333//1504
f 4335//1505 2400//1505 2398//1505
f 4337//1506 2400//1506 4335//1506
f 2402//1507 4339//1507 2386//1507
f 2402//1508 4337//1508 4339//1508
f 2400//1509 4337//1509 2402//1509
f 2403//1510 4596//1510 4597//1510
f 2388//1511 4596//1511 2403//1511
f 4597//1512 2401//1512 2403//1512
f 4598//1513 2401//1513 4597//1513
f 4598//1514 2399//1514 2401//1514
f 4599//1515 2399//1515 4598//1515
f 4599//1516 2397//1516 2399//1516
f 4600//1517 2397//1517 4599//1517
f 4600//1518 2395//1518 2397//1518
f 4601//1519 2395//1519 4600//1519
f 4601//1520 2393//1520 2395//1520
f 4227//1521 2393//1521 4601//1521
f 2191//274 2252//274 4247//274
f 4247//274 2252//274 4246//274
f 2189//1273 4212//1273 2253//1273
f 2253//1273 4212//1273 4595//1273
f 4343//1319 4344//1319 2431//1319
f 2431//1281 4344//1281 2433//1281
f 4376//1282 2430//1282 4375//1282
f 4375//1362 2430//1362 2432//1362
f 4380//1282 2427//1282 4381//1282
f 4381//1362 2427//1362 2428//1362
f 4351//1319 4349//1319 2426//1319
f 2426//1281 4349//1281 2429//1281
f 4380//1522 2423//1522 2427//1522
f 4379//1523 2423//1523 4380//1523
f 4351//1524 2421//1524 4352//1524
f 2426//1525 2421//1525 4351//1525
f 2292//1526 4298//1526 2445//1526
f 2445//1527 4298//1527 4296//1527
f 2447//1362 2446//1362 4322//1362
f 4322//1362 2446//1362 4320//1362
f 2444//1362 2441//1362 4301//1362
f 4301//1362 2441//1362 4299//1362
f 2443//1526 4294//1526 2442//1526
f 2442//1526 4294//1526 4292//1526
f 2295//1281 4290//1281 2297//1281
f 2297//1281 4290//1281 4288//1281
f 2294//1528 2296//1528 4297//1528
f 4297//1529 2296//1529 4295//1529
f 2298//1528 2300//1528 4293//1528
f 4293//1528 2300//1528 4291//1528
f 2299//1281 4286//1281 2301//1281
f 2301//1281 4286//1281 4284//1281
f 2099//1281 4282//1281 2102//1281
f 2102//1281 4282//1281 4280//1281
f 2100//1362 2101//1362 4289//1362
f 4289//1362 2101//1362 4287//1362
f 2103//1362 2105//1362 4285//1362
f 4285//1362 2105//1362 4283//1362
f 2104//1281 4278//1281 2089//1281
f 2089//1281 4278//1281 4276//1281
f 2096//1526 4274//1526 2094//1526
f 2094//1527 4274//1527 4272//1527
f 2097//1362 2095//1362 4281//1362
f 4281//1362 2095//1362 4279//1362
f 2093//1362 2090//1362 4277//1362
f 4277//1362 2090//1362 4275//1362
f 2092//1526 4270//1526 2091//1526
f 2091//1526 4270//1526 4268//1526
f 2224//1281 4266//1281 2380//1281
f 2380//1281 4266//1281 4264//1281
f 2226//1528 2381//1528 4273//1528
f 4273//1529 2381//1529 4271//1529
f 2379//1528 2376//1528 4269//1528
f 4269//1528 2376//1528 4267//1528
f 2378//1281 4262//1281 2377//1281
f 2377//1281 4262//1281 4260//1281
f 4253//1281 4256//1281 2322//1281
f 2322//1281 4256//1281 2320//1281
f 2321//1530 4328//1530 2269//1530
f 2269//1531 4328//1531 4258//1531
f 4249//1281 4252//1281 2366//1281
f 2366//1281 4252//1281 2317//1281
f 2319//1362 4255//1362 2367//1362
f 2367//1362 4255//1362 4254//1362
f 4247//1532 4248//1532 2191//1532
f 2191//1533 4248//1533 2194//1533
f 2193//1362 4251//1362 2192//1362
f 2192//1362 4251//1362 4250//1362
f 4602//1348 2289//1348 2392//1348
f 4603//1349 2289//1349 4602//1349
f 4604//1368 2390//1368 2288//1368
f 4605//1351 2390//1351 4604//1351
f 4603//1391 2141//1391 2289//1391
f 4606//1534 2141//1534 4603//1534
f 4607//1535 2275//1535 2143//1535
f 4229//1536 2275//1536 4607//1536
f 4608//1348 2264//1348 2266//1348
f 4609//1349 2264//1349 4608//1349
f 4610//1368 2267//1368 2265//1368
f 4219//1278 2267//1278 4610//1278
f 4232//1537 2266//1537 2274//1537
f 4608//1538 2266//1538 4232//1538
f 4228//1539 2288//1539 2268//1539
f 4604//1540 2288//1540 4228//1540
f 4230//1541 2145//1541 2276//1541
f 4611//1542 2145//1542 4230//1542
f 4612//1543 2278//1543 2147//1543
f 4199//1544 2278//1544 4612//1544
f 4609//1391 2271//1391 2264//1391
f 4231//1534 2271//1534 4609//1534
f 4202//1535 2272//1535 2277//1535
f 4204//1536 2272//1536 4202//1536
f 4613//1545 2174//1545 2176//1545
f 4217//1546 2174//1546 4613//1546
f 4207//1267 2188//1267 2273//1267
f 4209//1268 2188//1268 4207//1268
f 4220//1547 2265//1547 2190//1547
f 4610//1548 2265//1548 4220//1548
f 4369//1549 2177//1549 2175//1549
f 4614//1550 2177//1550 4369//1550
f 4200//1391 2149//1391 2280//1391
f 4615//1390 2149//1390 4200//1390
f 4616//1393 2282//1393 2151//1393
f 4158//1392 2282//1392 4616//1392
f 4205//1269 2279//1269 2372//1269
f 4201//1387 2279//1387 4205//1387
f 4161//1388 2370//1388 2281//1388
f 4164//1389 2370//1389 4161//1389
f 4167//1551 2184//1551 2371//1551
f 4170//1552 2184//1552 4167//1552
f 4210//1539 2373//1539 2186//1539
f 4206//1553 2373//1553 4210//1553
f 4173//1267 2249//1267 2185//1267
f 4617//1268 2249//1268 4173//1268
f 4618//1391 2187//1391 2235//1391
f 4211//1390 2187//1390 4618//1390
f 4606//1375 2139//1375 2141//1375
f 4619//1376 2139//1376 4606//1376
f 4620//1373 2142//1373 2140//1373
f 4189//1374 2142//1374 4620//1374
f 2143//1350 2145//1350 4607//1350
f 4607//1365 2145//1365 4611//1365
f 4191//1363 2146//1363 2144//1363
f 4193//1364 2146//1364 4191//1364
f 4615//1368 2147//1368 2149//1368
f 4612//1554 2147//1554 4615//1554
f 4194//1366 2150//1366 2148//1366
f 4196//1555 2150//1555 4194//1555
f 4162//1402 2151//1402 2385//1402
f 4616//1556 2151//1556 4162//1556
f 4198//1404 2153//1404 2152//1404
f 4185//1405 2153//1405 4198//1405
f 4188//1352 2410//1352 2408//1352
f 4186//1557 2410//1557 4188//1557
f 4175//1558 2407//1558 2409//1558
f 4176//1355 2407//1355 4175//1355
f 2406//1358 2404//1358 4190//1358
f 4190//1359 2404//1359 4192//1359
f 2160//1356 2405//1356 4179//1356
f 4179//1357 2405//1357 4178//1357
f 4203//1559 2162//1559 2164//1559
f 4195//1560 2162//1560 4203//1560
f 4183//1561 2163//1561 4182//1561
f 4182//1404 2163//1404 2161//1404
f 4159//1562 2384//1562 2284//1562
f 4163//1563 2384//1563 4159//1563
f 4218//1383 2286//1383 2382//1383
f 4213//1384 2286//1384 4218//1384
f 4165//1539 2283//1539 2368//1539
f 4160//1564 2283//1564 4165//1564
f 4215//1565 2374//1565 2285//1565
f 4147//1566 2374//1566 4215//1566
f 4148//1388 2180//1388 2375//1388
f 4154//1389 2180//1389 4148//1389
f 4166//1387 2369//1387 4171//1387
f 4171//1269 2369//1269 2182//1269
f 4156//1535 2456//1535 2181//1535
f 4621//1536 2456//1536 4156//1536
f 4622//1391 2183//1391 2457//1391
f 4172//1534 2183//1534 4622//1534
f 2454//1567 2465//1567 4221//1567
f 4221//1568 2465//1568 4225//1568
f 4146//1381 2466//1381 2452//1381
f 4151//1569 2466//1569 4146//1569
f 4613//1392 2176//1392 4224//1392
f 4224//1393 2176//1393 2453//1393
f 4149//1390 2451//1390 4155//1390
f 4155//1391 2451//1391 2178//1391
f 4614//1570 2463//1570 2177//1570
f 4370//1571 2463//1571 4614//1571
f 4152//1572 2179//1572 2202//1572
f 4157//1573 2179//1573 4152//1573
f 4132//1574 2334//1574 2333//1574
f 4128//1575 2334//1575 4132//1575
f 4339//1576 2332//1576 2386//1576
f 4340//1577 2332//1577 4339//1577
f 4138//1578 2389//1578 2387//1578
f 4141//1579 2389//1579 4138//1579
f 4605//1580 2388//1580 2390//1580
f 4596//1268 2388//1268 4605//1268
f 4140//1391 2137//1391 2391//1391
f 4143//1390 2137//1390 4140//1390
f 4619//1267 2392//1267 2139//1267
f 4602//1268 2392//1268 4619//1268
f 4620//1581 2140//1581 4187//1581
f 4187//1582 2140//1582 2411//1582
f 4145//1583 2134//1583 2138//1583
f 4120//1584 2134//1584 4145//1584
f 4234//1585 2239//1585 2241//1585
f 4236//1586 2239//1586 4234//1586
f 4107//1587 2242//1587 2240//1587
f 4108//1588 2242//1588 4107//1588
f 4590//1589 2235//1589 2237//1589
f 4618//1349 2235//1349 4590//1349
f 4084//1590 2238//1590 2236//1590
f 4113//1591 2238//1591 4084//1591
f 4096//1592 2458//1592 2200//1592
f 4118//1593 2458//1593 4096//1593
f 2201//1594 2456//1594 4153//1594
f 4153//1595 2456//1595 4621//1595
f 4617//1348 2457//1348 2249//1348
f 4622//1349 2457//1349 4617//1349
f 4119//1368 2250//1368 2459//1368
f 4081//1351 2250//1351 4119//1351
f 4093//1596 2415//1596 2425//1596
f 4091//1597 2415//1597 4093//1597
f 4142//1311 2424//1311 2413//1311
f 4233//1598 2424//1598 4142//1598
f 4382//1599 2412//1599 2417//1599
f 4139//1600 2412//1600 4382//1600
f 4090//1601 2418//1601 2414//1601
f 4094//1602 2418//1602 4090//1602
f 4082//1603 2462//1603 2251//1603
f 4086//1604 2462//1604 4082//1604
f 4168//1605 2206//1605 2059//1605
f 4114//1550 2206//1550 4168//1550
f 4117//1606 2210//1606 2205//1606
f 4208//1607 2210//1607 4117//1607
f 4087//1608 2209//1608 2211//1608
f 4083//1609 2209//1609 4087//1609
f 4496//747 4092//747 4494//747
f 4494//747 4092//747 4091//747
f 4492//64 4093//64 4496//64
f 4496//64 4093//64 4092//64
f 4494//786 4091//786 4492//786
f 4492//786 4091//786 4093//786
f 4498//27 4095//27 4499//27
f 4499//27 4095//27 4094//27
f 4497//64 4089//64 4498//64
f 4498//64 4089//64 4095//64
f 4495//788 4090//788 4497//788
f 4497//788 4090//788 4089//788
f 4499//787 4094//787 4495//787
f 4495//787 4094//787 4090//787
f 4454//743 4143//743 4455//743
f 4455//743 4143//743 4140//743
f 4511//789 4144//789 4454//789
f 4454//789 4144//789 4143//789
f 4512//27 4382//27 4511//27
f 4511//27 4382//27 4144//27
f 4500//790 4139//790 4512//790
f 4512//790 4139//790 4382//790
f 4455//768 4140//768 4500//768
f 4500//768 4140//768 4139//768
f 4485//784 4135//784 4487//784
f 4487//784 4135//784 4137//784
f 4465//783 4133//783 4485//783
f 4485//783 4133//783 4135//783
f 4464//782 4134//782 4465//782
f 4465//782 4134//782 4133//782
f 4462//781 4136//781 4464//781
f 4464//781 4136//781 4134//781
f 4459//780 4138//780 4462//780
f 4462//780 4138//780 4136//780
f 4457//779 4141//779 4459//779
f 4459//779 4141//779 4138//779
f 4493//747 4142//747 4457//747
f 4457//747 4142//747 4141//747
f 4491//785 4233//785 4493//785
f 4493//785 4233//785 4142//785
f 4487//64 4137//64 4491//64
f 4491//64 4137//64 4233//64
f 4408//770 4608//770 4410//770
f 4410//770 4608//770 4232//770
f 4406//768 4609//768 4408//768
f 4408//768 4609//768 4608//768
f 4506//769 4231//769 4406//769
f 4406//769 4231//769 4609//769
f 4410//771 4232//771 4506//771
f 4506//771 4232//771 4231//771
f 4580//778 4597//778 4458//778
f 4458//778 4597//778 4596//778
f 4578//777 4598//777 4580//777
f 4580//777 4598//777 4597//777
f 4577//776 4599//776 4578//776
f 4578//776 4599//776 4598//776
f 4575//775 4600//775 4577//775
f 4577//775 4600//775 4599//775
f 4573//774 4601//774 4575//774
f 4575//774 4601//774 4600//774
f 4514//773 4227//773 4573//773
f 4573//773 4227//773 4601//773
f 4409//64 4228//64 4514//64
f 4514//64 4228//64 4227//64
f 4411//772 4604//772 4409//772
f 4409//772 4604//772 4228//772
f 4456//747 4605//747 4411//747
f 4411//747 4605//747 4604//747
f 4458//750 4596//750 4456//750
f 4456//750 4596//750 4605//750
f 4403//64 4220//64 4407//64
f 4407//64 4220//64 4219//64
f 4403//743 4610//743 4220//743
f 4405//743 4610//743 4403//743
f 4405//747 4219//747 4610//747
f 4407//747 4219//747 4405//747
f 4404//759 4207//759 4418//759
f 4418//759 4207//759 4206//759
f 4402//750 4209//750 4404//750
f 4404//750 4209//750 4207//750
f 4401//758 4210//758 4402//758
f 4402//758 4210//758 4209//758
f 4418//760 4206//760 4401//760
f 4401//760 4206//760 4210//760
f 4399//767 4212//767 4400//767
f 4400//767 4212//767 4211//767
f 4398//64 4595//64 4399//64
f 4399//64 4595//64 4212//64
f 4396//766 4594//766 4398//766
f 4398//766 4594//766 4595//766
f 4394//765 4593//765 4396//765
f 4396//765 4593//765 4594//765
f 4385//764 4592//764 4394//764
f 4394//764 4592//764 4593//764
f 4387//763 4591//763 4385//763
f 4385//763 4591//763 4592//763
f 4389//762 4589//762 4387//762
f 4387//762 4589//762 4591//762
f 4391//761 4590//761 4389//761
f 4389//761 4590//761 4589//761
f 4414//768 4618//768 4391//768
f 4391//768 4618//768 4590//768
f 4400//743 4211//743 4414//743
f 4414//743 4211//743 4618//743
f 4393//743 4084//743 4533//743
f 4533//743 4084//743 4083//743
f 4392//756 4113//756 4393//756
f 4393//756 4113//756 4084//756
f 4549//755 4111//755 4392//755
f 4392//755 4111//755 4113//755
f 4548//754 4109//754 4549//754
f 4549//754 4109//754 4111//754
f 4546//753 4110//753 4548//753
f 4548//753 4110//753 4109//753
f 4544//752 4112//752 4546//752
f 4546//752 4112//752 4110//752
f 4540//751 4088//751 4544//751
f 4544//751 4088//751 4112//751
f 4538//64 4087//64 4540//64
f 4540//64 4087//64 4088//64
f 4533//757 4083//757 4538//757
f 4538//757 4083//757 4087//757
f 4535//743 4117//743 4536//743
f 4536//743 4117//743 4116//743
f 4537//744 4208//744 4535//744
f 4535//744 4208//744 4117//744
f 4536//64 4116//64 4537//64
f 4537//64 4116//64 4208//64
f 4565//64 4169//64 4562//64
f 4562//64 4169//64 4115//64
f 4169//3 4565//3 4168//3
f 4168//3 4565//3 4563//3
f 4534//746 4114//746 4563//746
f 4563//746 4114//746 4168//746
f 4562//745 4115//745 4534//745
f 4534//745 4115//745 4114//745
f 4561//3 4085//3 4564//3
f 4564//3 4085//3 4086//3
f 4432//748 4119//748 4561//748
f 4561//748 4119//748 4085//748
f 4431//747 4081//747 4432//747
f 4432//747 4081//747 4119//747
f 4532//750 4082//750 4431//750
f 4431//750 4082//750 4081//750
f 4564//749 4086//749 4532//749
f 4532//749 4086//749 4082//749
f 4560//804 4097//804 4434//804
f 4434//804 4097//804 4118//804
f 4097//3 4560//3 4096//3
f 4096//3 4560//3 4436//3
f 4434//805 4118//805 4436//805
f 4436//805 4118//805 4096//805
f 4440//803 4157//803 4438//803
f 4438//803 4157//803 4152//803
f 4523//799 4156//799 4440//799
f 4440//799 4156//799 4157//799
f 4435//798 4621//798 4523//798
f 4523//798 4621//798 4156//798
f 4437//768 4153//768 4435//768
f 4435//768 4153//768 4621//768
f 4153//3 4437//3 4152//3
f 4152//3 4437//3 4438//3
f 4416//759 4173//759 4524//759
f 4524//759 4173//759 4172//759
f 4415//750 4617//750 4416//750
f 4416//750 4617//750 4173//750
f 4433//768 4622//768 4415//768
f 4415//768 4622//768 4617//768
f 4524//769 4172//769 4433//769
f 4433//769 4172//769 4622//769
f 4419//802 4167//802 4520//802
f 4520//802 4167//802 4166//802
f 4417//801 4170//801 4419//801
f 4419//801 4170//801 4167//801
f 4522//795 4171//795 4417//795
f 4417//795 4171//795 4170//795
f 4520//794 4166//794 4522//794
f 4522//794 4166//794 4171//794
f 4505//799 4202//799 4422//799
f 4422//799 4202//799 4201//799
f 4505//798 4204//798 4202//798
f 4507//798 4204//798 4505//798
f 4507//795 4205//795 4204//795
f 4420//795 4205//795 4507//795
f 4422//794 4201//794 4420//794
f 4420//794 4201//794 4205//794
f 4424//806 4200//806 4503//806
f 4503//806 4200//806 4199//806
f 4426//743 4615//743 4424//743
f 4424//743 4615//743 4200//743
f 4501//1610 4612//1610 4426//1610
f 4426//1610 4612//1610 4615//1610
f 4503//790 4199//790 4501//790
f 4501//790 4199//790 4612//790
f 4504//797 4230//797 4483//797
f 4483//797 4230//797 4229//797
f 4502//796 4611//796 4504//796
f 4504//796 4611//796 4230//796
f 4481//799 4607//799 4502//799
f 4502//799 4607//799 4611//799
f 4483//798 4229//798 4481//798
f 4481//798 4229//798 4607//798
f 4482//769 4606//769 4412//769
f 4412//769 4606//769 4603//769
f 4453//759 4619//759 4482//759
f 4482//759 4619//759 4606//759
f 4413//750 4602//750 4453//750
f 4453//750 4602//750 4619//750
f 4412//768 4603//768 4413//768
f 4413//768 4603//768 4602//768
f 4468//794 4188//794 4480//794
f 4480//794 4188//794 4189//794
f 4466//793 4186//793 4468//793
f 4468//793 4186//793 4188//793
f 4449//27 4187//27 4466//27
f 4466//27 4187//27 4186//27
f 4451//750 4620//750 4449//750
f 4449//750 4620//750 4187//750
f 4480//795 4189//795 4451//795
f 4451//795 4189//795 4620//795
f 4510//27 4121//27 4450//27
f 4450//27 4121//27 4120//27
f 4452//791 4145//791 4510//791
f 4510//791 4145//791 4121//791
f 4450//792 4120//792 4452//792
f 4452//792 4120//792 4145//792
f 4570//787 4174//787 4469//787
f 4469//787 4174//787 4176//787
f 4467//27 4175//27 4570//27
f 4570//27 4175//27 4174//27
f 4469//791 4176//791 4467//791
f 4467//791 4176//791 4175//791
f 4509//806 4193//806 4479//806
f 4479//806 4193//806 4191//806
f 4472//743 4192//743 4509//743
f 4509//743 4192//743 4193//743
f 4470//747 4190//747 4472//747
f 4472//747 4190//747 4192//747
f 4479//800 4191//800 4470//800
f 4470//800 4191//800 4190//800
f 4423//747 4161//747 4516//747
f 4516//747 4161//747 4160//747
f 4421//800 4164//800 4423//800
f 4423//800 4164//800 4161//800
f 4518//749 4165//749 4421//749
f 4421//749 4165//749 4164//749
f 4516//1611 4160//1611 4518//1611
f 4518//1611 4160//1611 4165//1611
f 4519//747 4148//747 4444//747
f 4444//747 4148//747 4149//747
f 4521//800 4154//800 4519//800
f 4519//800 4154//800 4148//800
f 4442//806 4155//806 4521//806
f 4521//806 4155//806 4154//806
f 4444//743 4149//743 4442//743
f 4442//743 4149//743 4155//743
f 4441//746 4614//746 4555//746
f 4555//746 4614//746 4369//746
f 4439//804 4370//804 4441//804
f 4441//804 4370//804 4614//804
f 4370//3 4439//3 4369//3
f 4369//3 4439//3 4555//3
f 4217//3 4554//3 4216//3
f 4216//3 4554//3 4553//3
f 4552//137 4223//137 4553//137
f 4553//137 4223//137 4216//137
f 4445//815 4224//815 4552//815
f 4552//815 4224//815 4223//815
f 4443//810 4613//810 4445//810
f 4445//810 4613//810 4224//810
f 4554//816 4217//816 4443//816
f 4443//816 4217//816 4613//816
f 4525//137 4150//137 4531//137
f 4531//137 4150//137 4151//137
f 4515//747 4215//747 4525//747
f 4525//747 4215//747 4150//747
f 4517//813 4147//813 4515//813
f 4515//813 4147//813 4215//813
f 4446//807 4146//807 4517//807
f 4517//807 4146//807 4147//807
f 4531//814 4151//814 4446//814
f 4446//814 4151//814 4146//814
f 4572//137 4162//137 4530//137
f 4530//137 4162//137 4163//137
f 4427//812 4616//812 4572//812
f 4572//812 4616//812 4162//812
f 4427//810 4158//810 4616//810
f 4425//810 4158//810 4427//810
f 4425//807 4159//807 4158//807
f 4528//807 4159//807 4425//807
f 4530//811 4163//811 4528//811
f 4528//811 4163//811 4159//811
f 4428//809 4196//809 4508//809
f 4508//809 4196//809 4194//809
f 4478//743 4197//743 4428//743
f 4428//743 4197//743 4196//743
f 4197//137 4478//137 4203//137
f 4203//137 4478//137 4477//137
f 4474//747 4195//747 4477//747
f 4477//747 4195//747 4203//747
f 4508//810 4194//810 4474//810
f 4474//810 4194//810 4195//810
f 4567//743 4180//743 4473//743
f 4473//743 4180//743 4179//743
f 4568//137 4226//137 4567//137
f 4567//137 4226//137 4180//137
f 4569//27 4177//27 4568//27
f 4568//27 4177//27 4226//27
f 4471//808 4178//808 4569//808
f 4569//808 4178//808 4177//808
f 4473//807 4179//807 4471//807
f 4471//807 4179//807 4178//807
f 4183//137 4476//137 4181//137
f 4181//137 4476//137 4566//137
f 4475//820 4182//820 4566//820
f 4566//820 4182//820 4181//820
f 4476//819 4183//819 4475//819
f 4475//819 4183//819 4182//819
f 4185//137 4571//137 4184//137
f 4184//137 4571//137 4430//137
f 4429//818 4198//818 4430//818
f 4430//818 4198//818 4184//818
f 4571//817 4185//817 4429//817
f 4429//817 4185//817 4198//817
f 4529//137 4218//137 4526//137
f 4526//137 4218//137 4214//137
f 4527//820 4213//820 4529//820
f 4529//820 4213//820 4218//820
f 4526//819 4214//819 4527//819
f 4527//819 4214//819 4213//819
f 4448//137 4225//137 4551//137
f 4551//137 4225//137 4222//137
f 4447//818 4221//818 4448//818
f 4448//818 4221//818 4225//818
f 4551//817 4222//817 4447//817
f 4447//817 4222//817 4221//817
f 4623//1612 1527//1612 1499//1612
f 4624//1613 1527//1613 4623//1613
f 4625//1614 1497//1614 1359//1614
f 4626//1615 1497//1615 4625//1615
f 4627//1616 1530//1616 4628//1616
f 4628//1617 1530//1617 1610//1617
f 4629//1618 1361//1618 4630//1618
f 4630//1619 1361//1619 1363//1619
f 4631//1620 1587//1620 1603//1620
f 4632//1621 1587//1621 4631//1621
f 4633//1622 1602//1622 1589//1622
f 4634//1623 1602//1623 4633//1623
f 4635//1624 1590//1624 4634//1624
f 4634//1625 1590//1625 1602//1625
f 1584//1626 4636//1626 1585//1626
f 1585//1627 4636//1627 4637//1627
f 4638//1628 1348//1628 4639//1628
f 4639//1628 1348//1628 1529//1628
f 4640//3 4641//3 4642//3
f 4642//3 4641//3 4643//3
f 4642//3 4643//3 4644//3
f 4644//3 4643//3 4645//3
f 4641//3 4640//3 4646//3
f 4646//3 4640//3 4647//3
f 4646//3 4647//3 4648//3
f 4648//3 4647//3 4649//3
f 4649//3 4647//3 4650//3
f 4642//1629 1367//1629 1544//1629
f 4644//1630 1367//1630 4642//1630
f 1544//1631 4640//1631 4642//1631
f 1543//1632 4640//1632 1544//1632
f 1543//1633 4647//1633 4640//1633
f 1531//1634 4647//1634 1543//1634
f 1531//1635 4650//1635 4647//1635
f 1533//1636 4650//1636 1531//1636
f 1525//1637 4641//1637 1523//1637
f 4643//1638 4641//1638 1525//1638
f 1365//1639 4643//1639 1525//1639
f 4645//1640 4643//1640 1365//1640
f 4646//1641 1523//1641 4641//1641
f 4646//1642 1521//1642 1523//1642
f 4648//1643 1521//1643 4646//1643
f 4648//1644 1522//1644 1521//1644
f 4649//1645 1522//1645 4648//1645
f 1522//1646 4649//1646 1506//1646
f 1524//1647 4651//1647 4652//1647
f 1505//1648 4653//1648 1520//1648
f 1520//1649 4651//1649 1524//1649
f 1520//1650 4653//1650 4651//1650
f 1524//1651 4654//1651 1526//1651
f 1524//1652 4652//1652 4654//1652
f 4630//1653 1363//1653 1526//1653
f 4630//1654 1526//1654 4654//1654
f 4655//1655 4653//1655 1505//1655
f 4655//1656 1505//1656 1495//1656
f 4656//1657 1355//1657 1357//1657
f 4657//1658 1355//1658 4656//1658
f 4658//1659 1358//1659 1356//1659
f 4659//1660 1358//1660 4658//1660
f 4660//1661 1529//1661 1503//1661
f 4639//1662 1529//1662 4660//1662
f 4627//1663 1501//1663 1530//1663
f 4661//1664 1501//1664 4627//1664
f 4662//1665 4663//1665 1281//1665
f 1281//1665 4663//1665 1282//1665
f 4664//3 4665//3 4666//3
f 4666//3 4665//3 4667//3
f 4666//3 4667//3 4668//3
f 4668//3 4667//3 4669//3
f 4668//3 4669//3 4670//3
f 4665//3 4664//3 4671//3
f 4671//3 4664//3 4672//3
f 4671//3 4672//3 4673//3
f 4670//3 4674//3 4668//3
f 1413//1666 4668//1666 4674//1666
f 1622//1667 4668//1667 1413//1667
f 1622//1668 4666//1668 4668//1668
f 1601//1669 4666//1669 1622//1669
f 1601//1670 4664//1670 4666//1670
f 1600//1671 4664//1671 1601//1671
f 1600//1672 4672//1672 4664//1672
f 1597//1673 4672//1673 1600//1673
f 1614//1674 4667//1674 1615//1674
f 4669//1675 4667//1675 1614//1675
f 1411//1676 4669//1676 1614//1676
f 4670//1677 4669//1677 1411//1677
f 4665//1678 1615//1678 4667//1678
f 4665//1679 1617//1679 1615//1679
f 4671//1680 1617//1680 4665//1680
f 4671//1681 1619//1681 1617//1681
f 4673//1682 1619//1682 4671//1682
f 1619//1683 4673//1683 1595//1683
f 1616//1684 4675//1684 4676//1684
f 1620//1685 4677//1685 1618//1685
f 1618//1686 4675//1686 1616//1686
f 1618//1687 4677//1687 4675//1687
f 1616//1688 4678//1688 1613//1688
f 1616//1689 4676//1689 4678//1689
f 4679//1690 4677//1690 1620//1690
f 4679//1691 1620//1691 1593//1691
f 4680//1692 1409//1692 1613//1692
f 4680//1693 1613//1693 4678//1693
f 4681//1694 1580//1694 1586//1694
f 4682//1695 1580//1695 4681//1695
f 4683//1696 1588//1696 1410//1696
f 4684//1697 1588//1697 4683//1697
f 4685//1698 1283//1698 1284//1698
f 4686//1699 1283//1699 4685//1699
f 4663//1700 1285//1700 1282//1700
f 4687//1701 1285//1701 4663//1701
f 1553//1702 1551//1702 4688//1702
f 4688//1703 1551//1703 4689//1703
f 1550//1704 1552//1704 4690//1704
f 4690//1705 1552//1705 4691//1705
f 1571//1706 1628//1706 4692//1706
f 4692//1706 1628//1706 4693//1706
f 4694//1617 1350//1617 4695//1617
f 4695//1707 1350//1707 1349//1707
f 4696//1708 1325//1708 1327//1708
f 4697//1709 1325//1709 4696//1709
f 1328//1696 1326//1696 4698//1696
f 4698//1710 1326//1710 4699//1710
f 4700//1711 1445//1711 1443//1711
f 4701//1712 1445//1712 4700//1712
f 4702//1713 1442//1713 1444//1713
f 4703//1714 1442//1714 4702//1714
f 1547//1706 1546//1706 4704//1706
f 4704//1715 1546//1715 4705//1715
f 4706//1708 1549//1708 1454//1708
f 4707//1716 1549//1716 4706//1716
f 4708//1717 1452//1717 1548//1717
f 4709//1718 1452//1718 4708//1718
f 1609//1719 1354//1719 4710//1719
f 4710//1707 1354//1707 4711//1707
f 4712//1720 1329//1720 1331//1720
f 4713//1721 1329//1721 4712//1721
f 4714//1722 1332//1722 1330//1722
f 4715//1723 1332//1723 4714//1723
f 4716//1627 4717//1627 1382//1627
f 1382//1627 4717//1627 1383//1627
f 4718//1724 1382//1724 1385//1724
f 4716//1725 1382//1725 4718//1725
f 4719//1726 1384//1726 1381//1726
f 4720//1727 1384//1727 4719//1727
f 4721//1728 1305//1728 1307//1728
f 4722//1729 1305//1729 4721//1729
f 4723//1730 1308//1730 1306//1730
f 4724//1731 1308//1731 4723//1731
f 1306//1706 1310//1706 4723//1706
f 4723//1732 1310//1732 4725//1732
f 1313//1706 1300//1706 4726//1706
f 4726//1732 1300//1732 4727//1732
f 4728//1733 4729//1733 1604//1733
f 1604//1665 4729//1665 1605//1665
f 4730//1734 1387//1734 4731//1734
f 4731//1614 1387//1614 1289//1614
f 4732//1735 1291//1735 1386//1735
f 4733//1736 1291//1736 4732//1736
f 4734//1737 1388//1737 4735//1737
f 4735//1738 1388//1738 1293//1738
f 4736//1739 1295//1739 4737//1739
f 4737//1740 1295//1740 1309//1740
f 4738//1741 1312//1741 1297//1741
f 4739//1742 1312//1742 4738//1742
f 4726//1743 1299//1743 1313//1743
f 4740//1744 1299//1744 4726//1744
f 4741//1708 1441//1708 1439//1708
f 4742//1709 1441//1709 4741//1709
f 4743//1717 1438//1717 1440//1717
f 4744//1714 1438//1714 4743//1714
f 4745//1715 1311//1715 4739//1715
f 4739//1706 1311//1706 1312//1706
f 4746//1720 1453//1720 1433//1720
f 4747//1721 1453//1721 4746//1721
f 4748//1722 1434//1722 1451//1722
f 4749//1723 1434//1723 4748//1723
f 4750//1624 4658//1624 1360//1624
f 1360//1625 4658//1625 1356//1625
f 4751//1694 1333//1694 1335//1694
f 4752//1745 1333//1745 4751//1745
f 4753//1746 1336//1746 1334//1746
f 4754//1747 1336//1747 4753//1747
f 4755//1748 1448//1748 1447//1748
f 4756//1749 1448//1749 4755//1749
f 4692//1750 1446//1750 1571//1750
f 4757//1751 1446//1751 4692//1751
f 1319//1707 1321//1707 4758//1707
f 4758//1628 1321//1628 4759//1628
f 4760//1732 1545//1732 4756//1732
f 4756//1706 1545//1706 1448//1706
f 4761//339 4762//339 1392//339
f 1392//1624 4762//1624 1337//1624
f 4763//1752 1556//1752 1555//1752
f 4764//1753 1556//1753 4763//1753
f 4765//1754 1554//1754 1627//1754
f 4766//1623 1554//1623 4765//1623
f 4767//1732 1626//1732 4764//1732
f 4764//1706 1626//1706 1556//1706
f 1304//1665 4768//1665 1381//1665
f 1381//1627 4768//1627 4719//1627
f 4769//1625 4770//1625 1396//1625
f 1396//1625 4770//1625 1390//1625
f 4771//1720 1437//1720 1436//1720
f 4772//1755 1437//1755 4771//1755
f 4773//1722 1435//1722 1432//1722
f 4774//1756 1435//1756 4773//1756
f 4765//1757 1627//1757 4758//1757
f 4758//1706 1627//1706 1319//1706
f 4775//1625 4679//1625 1591//1625
f 1591//1619 4679//1619 1593//1619
f 4776//3 4777//3 4778//3
f 4778//3 4777//3 4779//3
f 4779//3 4777//3 4780//3
f 4779//3 4780//3 4781//3
f 4781//3 4780//3 4782//3
f 4781//3 4782//3 4783//3
f 4783//3 4782//3 4784//3
f 4783//3 4784//3 4785//3
f 4785//3 4784//3 4786//3
f 4786//3 4784//3 4787//3
f 4786//3 4787//3 4788//3
f 4788//3 4787//3 4789//3
f 4789//3 4787//3 4790//3
f 1341//339 4790//339 1343//339
f 1343//339 4790//339 4787//339
f 1395//1758 1339//1758 4791//1758
f 4791//1759 1339//1759 4792//1759
f 4793//3 4794//3 4792//3
f 4792//3 4794//3 4791//3
f 1428//1625 4794//1625 1340//1625
f 1340//1624 4794//1624 4793//1624
f 4795//1759 1393//1759 4796//1759
f 4796//1758 1393//1758 1394//1758
f 4797//3 4798//3 4796//3
f 4796//3 4798//3 4795//3
f 4798//1624 4797//1624 1426//1624
f 1426//1625 4797//1625 1427//1625
f 4799//333 1389//333 4800//333
f 4800//333 1389//333 1391//333
f 4801//3 4802//3 4803//3
f 4803//3 4802//3 4804//3
f 4805//3 4806//3 4807//3
f 4807//3 4806//3 4808//3
f 1565//1758 1373//1758 4808//1758
f 4808//1759 1373//1759 4807//1759
f 1561//345 1377//345 4804//345
f 4804//344 1377//344 4803//344
f 4806//350 4805//350 1563//350
f 1563//349 4805//349 1375//349
f 4809//3 4810//3 4811//3
f 4811//3 4810//3 4812//3
f 4813//3 4814//3 4815//3
f 4815//3 4814//3 4816//3
f 1243//1759 1566//1759 4816//1759
f 4816//1758 1566//1758 4815//1758
f 1239//345 1562//345 4812//345
f 4812//1760 1562//1760 4811//1760
f 4814//1761 4813//1761 1241//1761
f 1241//349 4813//349 1564//349
f 4817//3 4818//3 4819//3
f 4819//3 4818//3 4820//3
f 4821//3 4822//3 4823//3
f 4823//3 4822//3 4824//3
f 1246//1758 1244//1758 4824//1758
f 4824//1759 1244//1759 4823//1759
f 1251//345 1240//345 4820//345
f 4820//344 1240//344 4819//344
f 4821//350 1242//350 4822//350
f 4822//349 1242//349 1249//349
f 4825//3 4826//3 4827//3
f 4827//3 4826//3 4828//3
f 4829//3 4830//3 4831//3
f 4831//3 4830//3 4832//3
f 1247//1758 4831//1758 1470//1758
f 1470//1759 4831//1759 4832//1759
f 1250//345 4827//345 1455//345
f 1455//344 4827//344 4828//344
f 4830//350 4829//350 1456//350
f 1456//349 4829//349 1248//349
f 4833//3 4834//3 4835//3
f 4835//3 4834//3 4836//3
f 4837//3 4838//3 4839//3
f 4839//3 4838//3 4840//3
f 1472//1759 1471//1759 4840//1759
f 4840//1758 1471//1758 4839//1758
f 1459//345 1457//345 4836//345
f 4836//1760 1457//1760 4835//1760
f 4838//1761 4837//1761 1460//1761
f 1460//349 4837//349 1458//349
f 4841//3 4842//3 4843//3
f 4843//3 4842//3 4844//3
f 4845//3 4846//3 4847//3
f 4847//3 4846//3 4848//3
f 4849//3 4850//3 4851//3
f 4851//3 4850//3 4852//3
f 4851//3 4852//3 4853//3
f 4853//3 4852//3 4854//3
f 4854//3 4852//3 4855//3
f 4856//3 4857//3 4858//3
f 4858//3 4857//3 4859//3
f 4858//3 4859//3 4860//3
f 4860//3 4859//3 4861//3
f 4862//3 4863//3 4864//3
f 4864//3 4863//3 4865//3
f 4866//3 4867//3 4868//3
f 4868//3 4867//3 4869//3
f 4870//3 4871//3 4800//3
f 4800//3 4871//3 4799//3
f 4799//3 4871//3 4872//3
f 4872//3 4871//3 4873//3
f 4872//3 4873//3 4874//3
f 4874//3 4873//3 4875//3
f 4875//3 4873//3 4876//3
f 4875//3 4876//3 4877//3
f 4877//3 4876//3 4878//3
f 4877//3 4878//3 4879//3
f 4879//3 4878//3 4880//3
f 4879//3 4880//3 4881//3
f 4881//3 4880//3 4882//3
f 4883//3 4884//3 4885//3
f 4885//3 4884//3 4886//3
f 4886//3 4884//3 4887//3
f 4886//3 4887//3 4888//3
f 4888//3 4889//3 4886//3
f 4890//3 4891//3 4892//3
f 4892//3 4891//3 4893//3
f 4892//3 4893//3 4894//3
f 4894//3 4895//3 4892//3
f 1596//1762 4895//1762 1594//1762
f 1594//333 4895//333 4894//333
f 4672//1625 1597//1625 4673//1625
f 4673//1625 1597//1625 1595//1625
f 1491//1758 1489//1758 4885//1758
f 4885//1762 1489//1762 4883//1762
f 4891//1625 4890//1625 1492//1625
f 1492//1625 4890//1625 1490//1625
f 1476//1758 1473//1758 4865//1758
f 4865//1759 1473//1759 4864//1759
f 1261//1759 1477//1759 4869//1759
f 4869//1763 1477//1763 4868//1763
f 4886//1624 4889//1624 1475//1624
f 1475//1619 4889//1619 1474//1619
f 4852//1624 1371//1624 4855//1624
f 4855//1618 1371//1618 1567//1618
f 1366//1762 1364//1762 4861//1762
f 4861//333 1364//333 4860//333
f 4644//1625 4645//1625 1367//1625
f 1367//1625 4645//1625 1365//1625
f 1213//1758 4850//1758 1215//1758
f 1215//1762 4850//1762 4849//1762
f 4857//1625 4856//1625 1216//1625
f 1216//1625 4856//1625 1214//1625
f 1463//345 1461//345 4844//345
f 4844//344 1461//344 4843//344
f 1257//344 1465//344 4848//344
f 4848//345 1465//345 4847//345
f 4863//350 4862//350 1464//350
f 1464//349 4862//349 1462//349
f 4867//358 4866//358 1259//358
f 1259//350 4866//350 1466//350
f 2720//3 2780//3 2722//3
f 2722//3 2780//3 2783//3
f 2783//1665 2780//1665 1352//1665
f 1352//1627 2780//1627 1208//1627
f 2716//3 2774//3 2718//3
f 2718//3 2774//3 2777//3
f 2777//1665 2774//1665 1206//1665
f 1206//1627 2774//1627 1220//1627
f 2714//3 2768//3 2713//3
f 2713//3 2768//3 2771//3
f 1222//1627 2771//1627 1224//1627
f 1224//1627 2771//1627 2768//1627
f 2710//3 2810//3 2709//3
f 2709//3 2810//3 2765//3
f 1226//1627 2765//1627 1228//1627
f 1228//1627 2765//1627 2810//1627
f 2807//3 2703//3 2759//3
f 2759//3 2703//3 2705//3
f 1262//1707 1260//1707 2753//1707
f 2753//1707 1260//1707 2762//1707
f 2762//3 2699//3 2753//3
f 2753//3 2699//3 2701//3
f 2747//1628 1266//1628 2756//1628
f 2756//1707 1266//1707 1264//1707
f 2756//3 2696//3 2747//3
f 2747//3 2696//3 2695//3
f 2741//1628 1270//1628 2750//1628
f 2750//1707 1270//1707 1268//1707
f 2750//3 2692//3 2741//3
f 2741//3 2692//3 2691//3
f 2729//1707 1280//1707 2744//1707
f 2744//1628 1280//1628 1271//1628
f 1257//1627 4848//1627 1255//1627
f 1255//1627 4848//1627 4846//1627
f 4896//3 4897//3 4898//3
f 4898//3 4897//3 4899//3
f 1221//1707 1223//1707 4900//1707
f 4900//1707 1223//1707 4901//1707
f 4902//3 4903//3 4904//3
f 4904//3 4903//3 4905//3
f 4906//1628 1353//1628 4907//1628
f 4907//1707 1353//1707 1210//1707
f 1572//1764 4851//1764 1574//1764
f 1574//1765 4853//1765 1576//1765
f 1574//1766 4851//1766 4853//1766
f 1576//1767 4854//1767 1578//1767
f 1576//1768 4853//1768 4854//1768
f 4855//1769 1567//1769 1578//1769
f 4855//1770 1578//1770 4854//1770
f 4849//1771 4851//1771 1572//1771
f 4849//1772 1572//1772 1215//1772
f 4908//3 4906//3 4909//3
f 4909//3 4906//3 4907//3
f 4909//3 4907//3 4910//3
f 4911//1707 1322//1707 4912//1707
f 4912//1707 1322//1707 1528//1707
f 1366//1773 4859//1773 1625//1773
f 4861//1774 4859//1774 1366//1774
f 1261//1627 4869//1627 1259//1627
f 1259//1627 4869//1627 4867//1627
f 4901//3 4913//3 4900//3
f 4900//3 4913//3 4914//3
f 4904//1628 1209//1628 4902//1628
f 4902//1707 1209//1707 1219//1707
f 1481//1775 4888//1775 1483//1775
f 1483//1776 4887//1776 1485//1776
f 1483//1777 4888//1777 4887//1777
f 1485//1778 4884//1778 1487//1778
f 1485//1779 4887//1779 4884//1779
f 4883//1780 1489//1780 1487//1780
f 4883//1781 1487//1781 4884//1781
f 4889//1782 4888//1782 1481//1782
f 4889//1783 1481//1783 1474//1783
f 4915//1665 4916//1665 1265//1665
f 1265//1627 4916//1627 1263//1627
f 4917//3 4916//3 4918//3
f 4918//3 4916//3 4915//3
f 4892//1628 1612//1628 4890//1628
f 4890//1707 1612//1707 1490//1707
f 4919//1665 4920//1665 1269//1665
f 1269//1627 4920//1627 1267//1627
f 1416//1784 4882//1784 4880//1784
f 1412//1785 4882//1785 1416//1785
f 4880//1786 1418//1786 1416//1786
f 4878//1787 1418//1787 4880//1787
f 4878//1788 1420//1788 1418//1788
f 4876//1789 1420//1789 4878//1789
f 4876//1790 1422//1790 1420//1790
f 4873//1791 1422//1791 4876//1791
f 4873//1792 1424//1792 1422//1792
f 4871//1793 1424//1793 4873//1793
f 2726//3 2786//3 2725//3
f 2725//3 2786//3 2737//3
f 2737//1627 2786//1627 1320//1627
f 1320//1665 2786//1665 1347//1665
f 4921//3 4922//3 4919//3
f 4919//3 4922//3 4920//3
f 4920//3 4922//3 4923//3
f 4686//1733 4924//1733 1283//1733
f 1283//1733 4924//1733 1583//1733
f 1225//1707 1227//1707 4898//1707
f 4898//1707 1227//1707 4896//1707
f 2744//3 2687//3 2729//3
f 2729//3 2687//3 2689//3
f 1258//1707 1254//1707 2759//1707
f 2759//1707 1254//1707 2807//1707
f 2728//3 2738//3 623//3
f 623//3 2738//3 621//3
f 4925//3 4926//3 2861//3
f 2861//3 4926//3 2862//3
f 4927//27 4928//27 4929//27
f 4929//27 4928//27 4930//27
f 4929//27 4930//27 4931//27
f 4931//27 4930//27 4932//27
f 4931//27 4932//27 4933//27
f 4933//27 4932//27 4934//27
f 4933//27 4934//27 4935//27
f 4927//27 4936//27 4928//27
f 4928//27 4936//27 4937//27
f 4937//27 4936//27 4938//27
f 4937//27 4938//27 4939//27
f 4939//27 4938//27 4940//27
f 4939//27 4940//27 4941//27
f 4942//27 4943//27 4941//27
f 4941//27 4943//27 4944//27
f 4941//27 4944//27 4945//27
f 4945//27 4944//27 4946//27
f 4945//27 4946//27 4947//27
f 4947//27 4946//27 4948//27
f 4947//27 4948//27 4949//27
f 4949//27 4948//27 4950//27
f 4949//27 4950//27 4951//27
f 4951//27 4950//27 4952//27
f 4951//27 4952//27 4953//27
f 4953//27 4952//27 4954//27
f 4953//27 4954//27 4955//27
f 4956//27 4957//27 4942//27
f 4942//27 4957//27 4958//27
f 4942//27 4958//27 4943//27
f 4943//27 4958//27 4959//27
f 4943//27 4959//27 4960//27
f 4960//27 4959//27 4961//27
f 4960//27 4961//27 4962//27
f 4962//27 4961//27 4963//27
f 4962//27 4963//27 4964//27
f 4964//27 4963//27 4965//27
f 4964//27 4965//27 4966//27
f 4966//27 4965//27 4967//27
f 4966//27 4967//27 4968//27
f 4968//27 4967//27 4969//27
f 4968//27 4969//27 4970//27
f 4970//27 4969//27 4971//27
f 4970//27 4971//27 4972//27
f 4933//27 4935//27 4956//27
f 4956//27 4935//27 4973//27
f 4956//27 4973//27 4957//27
f 4957//27 4973//27 4974//27
f 4957//27 4974//27 4975//27
f 4975//27 4974//27 4976//27
f 4975//27 4976//27 4977//27
f 4977//27 4976//27 4978//27
f 4977//27 4978//27 4979//27
f 4979//27 4978//27 3431//27
f 4979//27 3431//27 4980//27
f 4980//27 3431//27 4981//27
f 4980//27 4981//27 4982//27
f 4982//27 4981//27 4983//27
f 4982//27 4983//27 4984//27
f 4984//27 4983//27 4985//27
f 4984//27 4985//27 4986//27
f 4986//27 4985//27 4987//27
f 4986//27 4987//27 4988//27
f 4988//27 4987//27 4989//27
f 4988//27 4989//27 4990//27
f 4965//27 4991//27 4967//27
f 4967//27 4991//27 4992//27
f 4992//27 4991//27 4993//27
f 4992//27 4993//27 4994//27
f 4994//27 4993//27 4995//27
f 4995//27 4993//27 4996//27
f 4995//27 4996//27 3431//27
f 3431//27 4996//27 4997//27
f 3431//27 4997//27 4990//27
f 4990//27 4997//27 4988//27
f 4993//27 4991//27 4998//27
f 4998//27 4991//27 4999//27
f 4998//27 4999//27 5000//27
f 5000//27 4999//27 5001//27
f 5000//27 5001//27 5002//27
f 5002//27 5001//27 5003//27
f 5002//27 5003//27 5004//27
f 5004//27 5003//27 5005//27
f 5004//27 5005//27 4977//27
f 4977//27 5005//27 4975//27
f 4999//27 4963//27 5001//27
f 5001//27 4963//27 4961//27
f 4971//27 4969//27 5006//27
f 5006//27 4969//27 5007//27
f 5006//27 5007//27 3479//27
f 3479//27 5007//27 5008//27
f 3479//27 5008//27 3431//27
f 3431//27 5008//27 5009//27
f 3431//27 5009//27 4995//27
f 5008//27 4992//27 5009//27
f 5009//27 4992//27 4994//27
f 4948//27 4946//27 5010//27
f 5010//27 4946//27 4960//27
f 5010//27 4960//27 4962//27
f 4970//27 4972//27 5011//27
f 5011//27 4972//27 3479//27
f 5011//27 3479//27 5012//27
f 5012//27 3479//27 5013//27
f 5012//27 5013//27 5014//27
f 5014//27 5013//27 5015//27
f 5014//27 5015//27 5016//27
f 5016//27 5015//27 5017//27
f 5016//27 5017//27 5018//27
f 5018//27 5017//27 3479//27
f 5018//27 3479//27 5019//27
f 5019//27 3479//27 5020//27
f 5020//27 3479//27 5021//27
f 5020//27 5021//27 5022//27
f 5022//27 5021//27 5023//27
f 5022//27 5023//27 5024//27
f 5024//27 5023//27 5025//27
f 5024//27 5025//27 5026//27
f 5026//27 5025//27 5027//27
f 5026//27 5027//27 5028//27
f 5028//27 5027//27 5029//27
f 5028//27 5029//27 5030//27
f 5030//27 5029//27 4954//27
f 5030//27 4954//27 4952//27
f 4970//27 5031//27 4968//27
f 4968//27 5031//27 5032//27
f 5032//27 5031//27 5033//27
f 5032//27 5033//27 5034//27
f 5034//27 5033//27 5026//27
f 5034//27 5026//27 5028//27
f 5033//27 5031//27 5035//27
f 5035//27 5031//27 5014//27
f 5035//27 5014//27 5016//27
f 4985//27 4983//27 5036//27
f 4981//27 3431//27 5036//27
f 5036//27 3431//27 5037//27
f 5036//27 5037//27 4985//27
f 4989//27 4987//27 5038//27
f 5038//27 4987//27 5039//27
f 5038//27 5039//27 3431//27
f 3431//27 5039//27 5040//27
f 3431//27 5040//27 5037//27
f 4976//27 4974//27 5041//27
f 5041//27 4974//27 5042//27
f 5041//27 5042//27 2815//27
f 2815//27 5042//27 5043//27
f 2815//27 5043//27 5044//27
f 5044//27 5043//27 5045//27
f 5044//27 5045//27 5046//27
f 5046//27 5045//27 5047//27
f 5046//27 5047//27 5048//27
f 5048//27 5047//27 5049//27
f 5049//27 5047//27 5050//27
f 5049//27 5050//27 5051//27
f 5051//27 5050//27 5052//27
f 5051//27 5052//27 5053//27
f 5053//27 5052//27 5054//27
f 5054//27 5052//27 5055//27
f 5055//27 5052//27 5056//27
f 5055//27 5056//27 5057//27
f 5057//27 5056//27 5058//27
f 5057//27 5058//27 5059//27
f 5059//27 5058//27 5060//27
f 5059//27 5060//27 5061//27
f 3431//27 4978//27 2815//27
f 2815//27 4978//27 5041//27
f 5046//27 5062//27 5063//27
f 5063//27 5062//27 2815//27
f 5063//27 2815//27 5064//27
f 5064//27 2815//27 5044//27
f 4988//27 4998//27 4986//27
f 4986//27 4998//27 5000//27
f 5065//27 5066//27 5067//27
f 5067//27 5066//27 5068//27
f 5067//27 5068//27 5069//27
f 5069//27 5068//27 5070//27
f 5069//27 5070//27 5071//27
f 5066//27 5065//27 2814//27
f 2814//27 5065//27 5072//27
f 2814//27 5072//27 5073//27
f 5073//27 5072//27 5074//27
f 5073//27 5074//27 5075//27
f 5075//27 5074//27 5076//27
f 5075//27 5076//27 5077//27
f 5077//27 5076//27 5029//27
f 5077//27 5029//27 5027//27
f 5076//27 5074//27 4955//27
f 4955//27 5074//27 5078//27
f 4955//27 5078//27 5079//27
f 5079//27 5078//27 5080//27
f 5079//27 5080//27 5081//27
f 5081//27 5080//27 5082//27
f 5081//27 5082//27 5083//27
f 5083//27 5082//27 5084//27
f 5084//27 5082//27 5085//27
f 5084//27 5085//27 5086//27
f 5086//27 5085//27 5087//27
f 5086//27 5087//27 5088//27
f 5078//27 5067//27 5080//27
f 5080//27 5067//27 5069//27
f 5086//27 5088//27 5089//27
f 5089//27 5088//27 5090//27
f 5089//27 5090//27 5091//27
f 5091//27 5090//27 5092//27
f 5091//27 5092//27 5093//27
f 5093//27 5092//27 5094//27
f 5094//27 5092//27 5095//27
f 5095//27 5092//27 5096//27
f 5095//27 5096//27 5071//27
f 5071//27 5096//27 5069//27
f 5075//27 5077//27 5097//27
f 5097//27 5077//27 5098//27
f 5097//27 5098//27 3479//27
f 3479//27 5098//27 5099//27
f 3479//27 5099//27 5100//27
f 5100//27 5099//27 5025//27
f 5100//27 5025//27 5023//27
f 5016//27 5022//27 5035//27
f 5035//27 5022//27 5024//27
f 5079//27 4953//27 4955//27
f 4949//27 4951//27 5101//27
f 5101//27 4951//27 5102//27
f 5101//27 5102//27 5103//27
f 5101//27 5103//27 5104//27
f 5104//27 5103//27 5105//27
f 5104//27 5105//27 5106//27
f 5106//27 5105//27 5107//27
f 5106//27 5107//27 5108//27
f 5106//27 5108//27 5109//27
f 5109//27 5108//27 5110//27
f 5109//27 5110//27 5083//27
f 5083//27 5110//27 5081//27
f 2815//27 5111//27 2814//27
f 2814//27 5111//27 5112//27
f 2814//27 5112//27 5113//27
f 3479//27 2814//27 5097//27
f 5097//27 2814//27 5073//27
f 3479//27 5017//27 5013//27
f 3479//27 5100//27 5021//27
f 5114//27 2814//27 5071//27
f 5071//27 2814//27 5115//27
f 5071//27 5115//27 5095//27
f 5070//27 5068//27 5114//27
f 5114//27 5068//27 5116//27
f 5114//27 5116//27 2814//27
f 2814//27 5116//27 5117//27
f 2814//27 5117//27 5066//27
f 3431//27 4990//27 5038//27
f 5048//27 5062//27 5046//27
f 2815//27 5062//27 5049//27
f 4973//27 4935//27 5045//27
f 5045//27 4935//27 5047//27
f 5059//27 5061//27 5118//27
f 5118//27 5061//27 4934//27
f 5118//27 4934//27 4932//27
f 5003//27 4959//27 5005//27
f 5005//27 4959//27 4958//27
f 4984//27 5002//27 4982//27
f 4982//27 5002//27 5004//27
f 3479//27 4972//27 5006//27
f 4941//27 4945//27 4939//27
f 4939//27 4945//27 4949//27
f 4939//27 4949//27 5101//27
f 5030//27 5119//27 5120//27
f 5120//27 5119//27 5121//27
f 5120//27 5121//27 5122//27
f 5122//27 5121//27 4964//27
f 5122//27 4964//27 4966//27
f 5032//27 5034//27 5122//27
f 5122//27 5034//27 5120//27
f 5121//27 5119//27 5010//27
f 5010//27 5119//27 4948//27
f 4952//27 5119//27 5030//27
f 5051//27 5123//27 5049//27
f 5049//27 5123//27 2815//27
f 5123//27 5124//27 2815//27
f 2815//27 5124//27 5125//27
f 2815//27 5125//27 5126//27
f 5126//27 5127//27 2815//27
f 2815//27 5127//27 5128//27
f 2815//27 5128//27 5111//27
f 5113//27 5129//27 2814//27
f 2814//27 5129//27 5130//27
f 2814//27 5130//27 5115//27
f 2734//3 2685//3 628//3
f 628//3 2685//3 629//3
f 1573//1031 5051//1031 1217//1031
f 1217//1031 5051//1031 5053//1031
f 1575//1032 5123//1032 1573//1032
f 1573//1032 5123//1032 5051//1032
f 1577//1033 5124//1033 1575//1033
f 1575//1033 5124//1033 5123//1033
f 1569//1030 5125//1030 1577//1030
f 1577//1030 5125//1030 5124//1030
f 1570//1027 1245//1027 5127//1027
f 5127//1027 1245//1027 5128//1027
f 1568//1028 1570//1028 5126//1028
f 5126//1028 1570//1028 5127//1028
f 1568//1029 5126//1029 1569//1029
f 1569//1029 5126//1029 5125//1029
f 5054//39 1218//39 5053//39
f 5053//39 1218//39 1217//39
f 4937//1023 4939//1023 1541//1023
f 1541//1023 4939//1023 1342//1023
f 4928//1024 4937//1024 1539//1024
f 1539//1024 4937//1024 1541//1024
f 4930//1025 4928//1025 1537//1025
f 1537//1025 4928//1025 1539//1025
f 1534//1026 4932//1026 1537//1026
f 1537//1026 4932//1026 4930//1026
f 1532//1022 5118//1022 1534//1022
f 1534//1022 5118//1022 4932//1022
f 5055//1018 1368//1018 5054//1018
f 5054//1018 1368//1018 1218//1018
f 5057//1019 1369//1019 5055//1019
f 5055//1019 1369//1019 1368//1019
f 5059//1020 1542//1020 5057//1020
f 5057//1020 1542//1020 1369//1020
f 1542//1021 5059//1021 1532//1021
f 1532//1021 5059//1021 5118//1021
f 1423//137 1342//137 5101//137
f 5101//137 1342//137 4939//137
f 1598//1014 5091//1014 1611//1014
f 1611//1014 5091//1014 5093//1014
f 1599//1015 5089//1015 1598//1015
f 1598//1015 5089//1015 5091//1015
f 1621//1016 5086//1016 1599//1016
f 1599//1016 5086//1016 5089//1016
f 1415//1017 5084//1017 1621//1017
f 1621//1017 5084//1017 5086//1017
f 1414//1013 5083//1013 1415//1013
f 1415//1013 5083//1013 5084//1013
f 1421//1009 1423//1009 5104//1009
f 5104//1009 1423//1009 5101//1009
f 1419//1010 1421//1010 5106//1010
f 5106//1010 1421//1010 5104//1010
f 1417//1011 1419//1011 5109//1011
f 5109//1011 1419//1011 5106//1011
f 1417//1012 5109//1012 1414//1012
f 1414//1012 5109//1012 5083//1012
f 5094//193 1488//193 5093//193
f 5093//193 1488//193 1611//193
f 5112//1006 5111//1006 1478//1006
f 1478//1006 5111//1006 1469//1006
f 5113//1007 5112//1007 1479//1007
f 1479//1007 5112//1007 1478//1007
f 1480//1008 5129//1008 1479//1008
f 1479//1008 5129//1008 5113//1008
f 1482//1005 5130//1005 1480//1005
f 1480//1005 5130//1005 5129//1005
f 5095//1002 1486//1002 5094//1002
f 5094//1002 1486//1002 1488//1002
f 5115//1003 1484//1003 5095//1003
f 5095//1003 1484//1003 1486//1003
f 1484//1004 5115//1004 1482//1004
f 1482//1004 5115//1004 5130//1004
f 5111//64 5128//64 1469//64
f 1469//64 5128//64 1245//64
f 628//1719 630//1719 2734//1719
f 2734//1707 630//1707 1302//1707
f 2862//1626 4926//1626 1315//1626
f 1315//1627 4926//1627 1303//1627
f 2861//1719 1316//1719 4925//1719
f 4925//1707 1316//1707 1317//1707
f 621//1626 2738//1626 622//1626
f 622//1627 2738//1627 1318//1627
f 1304//1706 1305//1706 4768//1706
f 4768//1706 1305//1706 4722//1706
f 4926//1794 4925//1794 1303//1794
f 1303//1795 4925//1795 1317//1795
f 4871//339 4870//339 1424//339
f 1424//339 4870//339 1425//339
f 1535//1796 4777//1796 4776//1796
f 1536//1797 4777//1797 1535//1797
f 1536//1798 4780//1798 4777//1798
f 1538//1799 4780//1799 1536//1799
f 1538//1800 4782//1800 4780//1800
f 1540//1801 4782//1801 1538//1801
f 1540//1802 4784//1802 4782//1802
f 1344//1803 4784//1803 1540//1803
f 1344//1804 4787//1804 4784//1804
f 1343//1805 4787//1805 1344//1805
f 4859//1665 4857//1665 1625//1665
f 1625//1627 4857//1627 1216//1627
f 4892//1806 1596//1806 1612//1806
f 4895//1807 1596//1807 4892//1807
f 1592//1763 4921//1763 1269//1763
f 1269//333 4921//333 4919//333
f 4631//1624 1603//1624 4637//1624
f 4637//1625 1603//1625 1585//1625
f 1265//1759 1493//1759 4915//1759
f 4915//1763 1493//1763 4918//1763
f 4920//339 4923//339 1267//339
f 1267//1624 4923//1624 1494//1624
f 1374//1759 1221//1759 4914//1759
f 4914//1763 1221//1763 4900//1763
f 4916//339 4917//339 1263//339
f 1263//1624 4917//1624 1582//1624
f 4903//339 4902//339 1372//339
f 1372//1624 4902//1624 1219//1624
f 1362//1762 1353//1762 4908//1762
f 4908//1763 1353//1763 4906//1763
f 4657//1624 4711//1624 1355//1624
f 1355//1624 4711//1624 1354//1624
f 1211//1759 1209//1759 4905//1759
f 4905//1763 1209//1763 4904//1763
f 4910//339 4907//339 1212//339
f 1212//1624 4907//1624 1210//1624
f 1378//344 1225//344 4899//344
f 4899//345 1225//345 4898//345
f 4913//358 4901//358 1376//358
f 1376//350 4901//350 1223//350
f 1373//1707 1375//1707 4807//1707
f 4807//1707 1375//1707 4805//1707
f 1374//1627 4914//1627 1376//1627
f 1376//1627 4914//1627 4913//1627
f 1476//1627 4865//1627 1464//1627
f 1464//1627 4865//1627 4863//1627
f 1477//1707 1466//1707 4868//1707
f 4868//1707 1466//1707 4866//1707
f 1377//1707 1379//1707 4803//1707
f 4803//1707 1379//1707 4801//1707
f 1378//1627 4899//1627 1380//1627
f 1380//1627 4899//1627 4897//1627
f 1463//1627 4844//1627 1606//1627
f 1606//1627 4844//1627 4842//1627
f 1465//1707 1256//1707 4847//1707
f 4847//1707 1256//1707 4845//1707
f 4858//1628 1624//1628 4856//1628
f 4856//1707 1624//1707 1214//1707
f 4909//1665 4910//1665 1623//1665
f 1623//1627 4910//1627 1212//1627
f 4860//1808 1624//1808 4858//1808
f 1364//1809 1624//1809 4860//1809
f 1362//1810 4909//1810 1623//1810
f 4908//1811 4909//1811 1362//1811
f 4850//1628 1213//1628 4852//1628
f 4852//1707 1213//1707 1371//1707
f 4905//1665 4903//1665 1211//1665
f 1211//1627 4903//1627 1372//1627
f 1517//1812 4788//1812 1519//1812
f 1517//1813 4786//1813 4788//1813
f 1515//1814 4786//1814 1517//1814
f 1515//1815 4785//1815 4786//1815
f 1513//1816 4785//1816 1515//1816
f 1513//1817 4783//1817 4785//1817
f 1511//1818 4783//1818 1513//1818
f 4779//1819 1507//1819 4778//1819
f 4779//1820 1509//1820 1507//1820
f 4781//1821 1509//1821 4779//1821
f 4781//1822 1511//1822 1509//1822
f 4783//1823 1511//1823 4781//1823
f 1496//1824 5131//1824 5132//1824
f 1508//1825 5131//1825 1496//1825
f 1508//1826 5133//1826 5131//1826
f 1510//1827 5133//1827 1508//1827
f 1510//1828 5134//1828 5133//1828
f 1512//1829 5134//1829 1510//1829
f 1512//1830 5135//1830 5134//1830
f 1514//1831 5135//1831 1512//1831
f 1514//1832 5136//1832 5135//1832
f 1516//1833 5136//1833 1514//1833
f 1516//1834 5137//1834 5136//1834
f 1518//1835 5137//1835 1516//1835
f 1389//1836 4872//1836 1397//1836
f 4799//1837 4872//1837 1389//1837
f 4874//1838 1397//1838 4872//1838
f 4874//1839 1399//1839 1397//1839
f 4875//1840 1399//1840 4874//1840
f 4875//1841 1401//1841 1399//1841
f 4877//1842 1401//1842 4875//1842
f 4877//1843 1403//1843 1401//1843
f 4879//1844 1403//1844 4877//1844
f 1405//1845 4881//1845 1407//1845
f 1405//1846 4879//1846 4881//1846
f 1403//1847 4879//1847 1405//1847
f 1406//1848 5138//1848 5139//1848
f 1408//1849 5138//1849 1406//1849
f 5139//1850 1404//1850 1406//1850
f 5140//1851 1404//1851 5139//1851
f 5140//1852 1402//1852 1404//1852
f 5141//1853 1402//1853 5140//1853
f 5141//1854 1400//1854 1402//1854
f 5142//1855 1400//1855 5141//1855
f 5142//1856 1398//1856 1400//1856
f 5143//1857 1398//1857 5142//1857
f 5143//1858 1396//1858 1398//1858
f 4769//1859 1396//1859 5143//1859
f 1338//333 1519//333 4789//333
f 4789//333 1519//333 4788//333
f 1336//1625 4754//1625 1518//1625
f 1518//1625 4754//1625 5137//1625
f 4885//1665 4886//1665 1491//1665
f 1491//1627 4886//1627 1475//1627
f 4918//1628 1493//1628 4917//1628
f 4917//1707 1493//1707 1582//1707
f 4922//1628 1608//1628 4923//1628
f 4923//1707 1608//1707 1494//1707
f 4893//1665 4891//1665 1607//1665
f 1607//1627 4891//1627 1492//1627
f 4922//1860 1592//1860 1608//1860
f 4921//1861 1592//1861 4922//1861
f 4893//1862 1594//1862 4894//1862
f 1607//1863 1594//1863 4893//1863
f 1472//1864 4840//1864 1460//1864
f 1460//1865 4840//1865 4838//1865
f 1473//1707 1462//1707 4864//1707
f 4864//1707 1462//1707 4862//1707
f 1461//1707 1557//1707 4843//1707
f 4843//1707 1557//1707 4841//1707
f 1459//1864 4836//1864 1558//1864
f 1558//1864 4836//1864 4834//1864
f 1470//1627 4832//1627 1456//1627
f 1456//1627 4832//1627 4830//1627
f 1471//1866 1458//1866 4839//1866
f 4839//1867 1458//1867 4837//1867
f 1457//1866 1467//1866 4835//1866
f 4835//1866 1467//1866 4833//1866
f 1455//1627 4828//1627 1468//1627
f 1468//1627 4828//1627 4826//1627
f 1246//1627 4824//1627 1249//1627
f 1249//1627 4824//1627 4822//1627
f 1247//1707 1248//1707 4831//1707
f 4831//1707 1248//1707 4829//1707
f 1250//1707 1252//1707 4827//1707
f 4827//1707 1252//1707 4825//1707
f 1251//1627 4820//1627 1236//1627
f 1236//1627 4820//1627 4818//1627
f 1243//1864 4816//1864 1241//1864
f 1241//1865 4816//1865 4814//1865
f 1244//1707 1242//1707 4823//1707
f 4823//1707 1242//1707 4821//1707
f 1240//1707 1237//1707 4819//1707
f 4819//1707 1237//1707 4817//1707
f 1239//1864 4812//1864 1238//1864
f 1238//1864 4812//1864 4810//1864
f 1565//1627 4808//1627 1563//1627
f 1563//1627 4808//1627 4806//1627
f 1566//1866 1564//1866 4815//1866
f 4815//1867 1564//1867 4813//1867
f 1562//1866 1559//1866 4811//1866
f 4811//1866 1559//1866 4809//1866
f 1561//1627 4804//1627 1560//1627
f 1560//1627 4804//1627 4802//1627
f 4795//1627 4798//1627 1393//1627
f 1393//1627 4798//1627 1426//1627
f 1425//1868 4870//1868 1391//1868
f 1391//1869 4870//1869 4800//1869
f 4791//1627 4794//1627 1395//1627
f 1395//1627 4794//1627 1428//1627
f 1427//1707 4797//1707 1394//1707
f 1394//1707 4797//1707 4796//1707
f 4789//1870 4790//1870 1338//1870
f 1338//1871 4790//1871 1341//1871
f 1340//1707 4793//1707 1339//1707
f 1339//1707 4793//1707 4792//1707
f 5144//1694 1450//1694 1579//1694
f 5145//1695 1450//1695 5144//1695
f 5146//1746 1581//1746 1449//1746
f 5147//1697 1581//1697 5146//1697
f 5145//1738 1288//1738 1450//1738
f 5148//1872 1288//1872 5145//1872
f 5149//1873 1436//1873 1290//1873
f 4771//1874 1436//1874 5149//1874
f 5150//1694 1429//1694 1431//1694
f 5151//1695 1429//1695 5150//1695
f 5152//1746 1392//1746 1430//1746
f 4761//1875 1392//1875 5152//1875
f 4774//1876 1431//1876 1435//1876
f 5150//1877 1431//1877 4774//1877
f 4770//1878 1449//1878 1390//1878
f 5146//1879 1449//1879 4770//1879
f 4772//1880 1292//1880 1437//1880
f 5153//1881 1292//1881 4772//1881
f 5154//1882 1439//1882 1294//1882
f 4741//1883 1439//1883 5154//1883
f 5151//1738 1432//1738 1429//1738
f 4773//1872 1432//1872 5151//1872
f 4744//1873 1433//1873 1438//1873
f 4746//1874 1433//1874 4744//1874
f 5155//1884 1321//1884 1323//1884
f 4759//1885 1321//1885 5155//1885
f 4749//1612 1335//1612 1434//1612
f 4751//1613 1335//1613 4749//1613
f 4762//1886 1430//1886 1337//1886
f 5152//1887 1430//1887 4762//1887
f 4911//1888 1324//1888 1322//1888
f 5156//1889 1324//1889 4911//1889
f 4742//1738 1296//1738 1441//1738
f 5157//1737 1296//1737 4742//1737
f 5158//1740 1443//1740 1298//1740
f 4700//1739 1443//1739 5158//1739
f 4747//1614 1440//1614 1453//1614
f 4743//1734 1440//1734 4747//1734
f 4703//1735 1454//1735 1442//1735
f 4706//1736 1454//1736 4703//1736
f 4709//1890 1331//1890 1452//1890
f 4712//1891 1331//1891 4709//1891
f 4752//1878 1451//1878 1333//1878
f 4748//1892 1451//1892 4752//1892
f 4715//1612 1500//1612 1332//1612
f 5159//1613 1500//1613 4715//1613
f 5160//1738 1334//1738 1498//1738
f 4753//1887 1334//1887 5160//1887
f 5148//1722 1286//1722 1288//1722
f 5161//1723 1286//1723 5148//1723
f 5162//1720 1289//1720 1287//1720
f 4731//1721 1289//1721 5162//1721
f 1290//1696 1292//1696 5149//1696
f 5149//1710 1292//1710 5153//1710
f 4733//1708 1293//1708 1291//1708
f 4735//1709 1293//1709 4733//1709
f 5157//1713 1294//1713 1296//1713
f 5154//1718 1294//1718 5157//1718
f 4736//1711 1297//1711 1295//1711
f 4738//1893 1297//1893 4736//1893
f 4704//1750 1298//1750 1547//1750
f 5158//1894 1298//1894 4704//1894
f 4740//1752 1300//1752 1299//1752
f 4727//1753 1300//1753 4740//1753
f 4730//1698 1604//1698 1387//1698
f 4728//1895 1604//1895 4730//1895
f 4717//1896 1385//1896 1383//1896
f 4718//1701 1385//1701 4717//1701
f 1386//1704 1388//1704 4732//1704
f 4732//1705 1388//1705 4734//1705
f 1307//1702 1384//1702 4721//1702
f 4721//1703 1384//1703 4720//1703
f 4745//1897 1309//1897 1311//1897
f 4737//1898 1309//1898 4745//1898
f 4725//1899 1310//1899 4724//1899
f 4724//1752 1310//1752 1308//1752
f 4701//1900 1546//1900 1445//1900
f 4705//1901 1546//1901 4701//1901
f 4760//1730 1447//1730 1545//1730
f 4755//1731 1447//1731 4760//1731
f 4707//1878 1444//1878 1549//1878
f 4702//1902 1444//1902 4707//1902
f 4757//1903 1551//1903 1446//1903
f 4689//1904 1551//1904 4757//1904
f 4690//1735 1327//1735 1550//1735
f 4696//1736 1327//1736 4690//1736
f 4708//1734 1548//1734 4713//1734
f 4713//1614 1548//1614 1329//1614
f 4698//1873 1504//1873 1328//1873
f 5163//1874 1504//1874 4698//1874
f 5164//1738 1330//1738 1502//1738
f 4714//1872 1330//1872 5164//1872
f 1555//1905 1626//1905 4763//1905
f 4763//1906 1626//1906 4767//1906
f 4688//1728 1628//1728 1553//1728
f 4693//1742 1628//1742 4688//1742
f 5155//1739 1323//1739 4766//1739
f 4766//1740 1323//1740 1554//1740
f 4691//1737 1552//1737 4697//1737
f 4697//1738 1552//1738 1325//1738
f 5156//1907 1528//1907 1324//1907
f 4912//1908 1528//1908 5156//1908
f 4694//1909 1326//1909 1350//1909
f 4699//1910 1326//1910 4694//1910
f 4674//1911 1411//1911 1413//1911
f 4670//1912 1411//1912 4674//1912
f 4881//1913 1412//1913 1407//1913
f 4882//1914 1412//1914 4881//1914
f 4680//1915 1410//1915 1409//1915
f 4683//1916 1410//1916 4680//1916
f 5147//1917 1408//1917 1581//1917
f 5138//1613 1408//1613 5147//1613
f 4682//1738 1284//1738 1580//1738
f 4685//1887 1284//1887 4682//1887
f 5161//1612 1579//1612 1286//1612
f 5144//1613 1579//1613 5161//1613
f 5162//1918 1287//1918 4729//1918
f 4729//1919 1287//1919 1605//1919
f 4687//1920 1281//1920 1285//1920
f 4662//1921 1281//1921 4687//1921
f 4776//1922 1507//1922 1535//1922
f 4778//1923 1507//1923 4776//1923
f 4649//1924 1533//1924 1506//1924
f 4650//1925 1533//1925 4649//1925
f 5132//1926 1498//1926 1496//1926
f 5160//1695 1498//1695 5132//1695
f 4626//1927 1495//1927 1497//1927
f 4655//1928 1495//1928 4626//1928
f 4638//1929 1503//1929 1348//1929
f 4660//1930 1503//1930 4638//1930
f 1349//1931 1504//1931 4695//1931
f 4695//1932 1504//1932 5163//1932
f 5159//1694 1502//1694 1500//1694
f 5164//1695 1502//1695 5159//1695
f 4661//1746 1499//1746 1501//1746
f 4623//1697 1499//1697 4661//1697
f 4635//1933 1589//1933 1590//1933
f 4633//1934 1589//1934 4635//1934
f 4684//1657 1591//1657 1588//1657
f 4775//1935 1591//1935 4684//1935
f 4924//1936 1586//1936 1583//1936
f 4681//1937 1586//1937 4924//1937
f 4632//1938 1584//1938 1587//1938
f 4636//1939 1584//1939 4632//1939
f 4624//1940 1610//1940 1527//1940
f 4628//1941 1610//1941 4624//1941
f 4710//1942 1357//1942 1609//1942
f 4656//1889 1357//1889 4710//1889
f 4659//1943 1360//1943 1358//1943
f 4750//1944 1360//1944 4659//1944
f 4629//1945 1359//1945 1361//1945
f 4625//1946 1359//1946 4629//1946
f 5114//1193 4634//1193 5070//1193
f 5070//1193 4634//1193 4633//1193
f 4635//64 4634//64 5071//64
f 5071//64 4634//64 5114//64
f 5070//1232 4633//1232 5071//1232
f 5071//1232 4633//1232 4635//1232
f 5117//193 4637//193 5066//193
f 5066//193 4637//193 4636//193
f 5117//64 5116//64 4637//64
f 4637//64 5116//64 4631//64
f 5068//1234 4632//1234 5116//1234
f 5116//1234 4632//1234 4631//1234
f 5066//1233 4636//1233 5068//1233
f 5068//1233 4636//1233 4632//1233
f 5074//1189 4685//1189 5078//1189
f 5078//1189 4685//1189 4682//1189
f 5072//1235 4686//1235 5074//1235
f 5074//1235 4686//1235 4685//1235
f 5065//193 4924//193 5072//193
f 5072//193 4924//193 4686//193
f 5067//1236 4681//1236 5065//1236
f 5065//1236 4681//1236 4924//1236
f 5078//1214 4682//1214 5067//1214
f 5067//1214 4682//1214 4681//1214
f 5090//1230 4677//1230 5092//1230
f 5092//1230 4677//1230 4679//1230
f 5088//1229 4675//1229 5090//1229
f 5090//1229 4675//1229 4677//1229
f 5087//1228 4676//1228 5088//1228
f 5088//1228 4676//1228 4675//1228
f 5085//1227 4678//1227 5087//1227
f 5087//1227 4678//1227 4676//1227
f 5082//1226 4680//1226 5085//1226
f 5085//1226 4680//1226 4678//1226
f 5080//1225 4683//1225 5082//1225
f 5082//1225 4683//1225 4680//1225
f 5069//1193 4684//1193 5080//1193
f 5080//1193 4684//1193 4683//1193
f 5096//1231 4775//1231 5069//1231
f 5069//1231 4775//1231 4684//1231
f 4679//64 4775//64 5092//64
f 5092//64 4775//64 5096//64
f 4950//1216 5150//1216 4952//1216
f 4952//1216 5150//1216 4774//1216
f 4948//1214 5151//1214 4950//1214
f 4950//1214 5151//1214 5150//1214
f 5119//1215 4773//1215 4948//1215
f 4948//1215 4773//1215 5151//1215
f 4952//1217 4774//1217 5119//1217
f 5119//1217 4774//1217 4773//1217
f 5110//1224 5139//1224 5081//1224
f 5081//1224 5139//1224 5138//1224
f 5108//1223 5140//1223 5110//1223
f 5110//1223 5140//1223 5139//1223
f 5141//1222 5140//1222 5107//1222
f 5107//1222 5140//1222 5108//1222
f 5142//1221 5141//1221 5105//1221
f 5105//1221 5141//1221 5107//1221
f 5143//1220 5142//1220 5103//1220
f 5103//1220 5142//1220 5105//1220
f 4769//1219 5143//1219 5102//1219
f 5102//1219 5143//1219 5103//1219
f 4770//64 4769//64 4951//64
f 4951//64 4769//64 5102//64
f 4953//1218 5146//1218 4951//1218
f 4951//1218 5146//1218 4770//1218
f 5079//1193 5147//1193 4953//1193
f 4953//1193 5147//1193 5146//1193
f 5081//1196 5138//1196 5079//1196
f 5079//1196 5138//1196 5147//1196
f 4762//64 4761//64 4945//64
f 4945//64 4761//64 4949//64
f 4945//1189 5152//1189 4762//1189
f 4947//1189 5152//1189 4945//1189
f 4947//1193 4761//1193 5152//1193
f 4949//1193 4761//1193 4947//1193
f 4946//1205 4749//1205 4960//1205
f 4960//1205 4749//1205 4748//1205
f 4944//1196 4751//1196 4946//1196
f 4946//1196 4751//1196 4749//1196
f 4943//1204 4752//1204 4944//1204
f 4944//1204 4752//1204 4751//1204
f 4960//1206 4748//1206 4943//1206
f 4943//1206 4748//1206 4752//1206
f 4941//1213 4754//1213 4942//1213
f 4942//1213 4754//1213 4753//1213
f 5137//64 4754//64 4940//64
f 4940//64 4754//64 4941//64
f 5136//1212 5137//1212 4938//1212
f 4938//1212 5137//1212 4940//1212
f 5135//1211 5136//1211 4936//1211
f 4936//1211 5136//1211 4938//1211
f 5134//1210 5135//1210 4927//1210
f 4927//1210 5135//1210 4936//1210
f 5133//1209 5134//1209 4929//1209
f 4929//1209 5134//1209 4927//1209
f 4931//1208 5131//1208 4929//1208
f 4929//1208 5131//1208 5133//1208
f 4933//1207 5132//1207 4931//1207
f 4931//1207 5132//1207 5131//1207
f 4956//1214 5160//1214 4933//1214
f 4933//1214 5160//1214 5132//1214
f 4942//1189 4753//1189 4956//1189
f 4956//1189 4753//1189 5160//1189
f 4935//1189 4626//1189 5047//1189
f 5047//1189 4626//1189 4625//1189
f 4934//1202 4655//1202 4935//1202
f 4935//1202 4655//1202 4626//1202
f 5061//1201 4653//1201 4934//1201
f 4934//1201 4653//1201 4655//1201
f 5060//1200 4651//1200 5061//1200
f 5061//1200 4651//1200 4653//1200
f 5058//1199 4652//1199 5060//1199
f 5060//1199 4652//1199 4651//1199
f 5056//1198 4654//1198 5058//1198
f 5058//1198 4654//1198 4652//1198
f 5052//1197 4630//1197 5056//1197
f 5056//1197 4630//1197 4654//1197
f 5052//64 5050//64 4630//64
f 4630//64 5050//64 4629//64
f 5047//1203 4625//1203 5050//1203
f 5050//1203 4625//1203 4629//1203
f 5048//1189 4659//1189 5062//1189
f 5062//1189 4659//1189 4658//1189
f 5049//1190 4750//1190 5048//1190
f 5048//1190 4750//1190 4659//1190
f 5049//64 5062//64 4750//64
f 4750//64 5062//64 4658//64
f 4711//64 4657//64 5064//64
f 5064//64 4657//64 5063//64
f 4711//39 5064//39 4710//39
f 4710//39 5064//39 5044//39
f 5046//1192 4656//1192 5044//1192
f 5044//1192 4656//1192 4710//1192
f 5063//1191 4657//1191 5046//1191
f 5046//1191 4657//1191 4656//1191
f 5042//39 4627//39 5043//39
f 5043//39 4627//39 4628//39
f 4974//1194 4661//1194 5042//1194
f 5042//1194 4661//1194 4627//1194
f 4973//1193 4623//1193 4974//1193
f 4974//1193 4623//1193 4661//1193
f 5045//1196 4624//1196 4973//1196
f 4973//1196 4624//1196 4623//1196
f 5043//1195 4628//1195 5045//1195
f 5045//1195 4628//1195 4624//1195
f 5041//1250 4639//1250 4976//1250
f 4976//1250 4639//1250 4660//1250
f 4639//39 5041//39 4638//39
f 4638//39 5041//39 4978//39
f 4976//1251 4660//1251 4978//1251
f 4978//1251 4660//1251 4638//1251
f 4982//1249 4699//1249 4980//1249
f 4980//1249 4699//1249 4694//1249
f 5004//1245 4698//1245 4982//1245
f 4982//1245 4698//1245 4699//1245
f 4977//1244 5163//1244 5004//1244
f 5004//1244 5163//1244 4698//1244
f 4979//1214 4695//1214 4977//1214
f 4977//1214 4695//1214 5163//1214
f 4695//39 4979//39 4694//39
f 4694//39 4979//39 4980//39
f 4958//1205 4715//1205 5005//1205
f 5005//1205 4715//1205 4714//1205
f 4957//1196 5159//1196 4958//1196
f 4958//1196 5159//1196 4715//1196
f 4975//1214 5164//1214 4957//1214
f 4957//1214 5164//1214 5159//1214
f 5005//1215 4714//1215 4975//1215
f 4975//1215 4714//1215 5164//1215
f 4961//1248 4709//1248 5001//1248
f 5001//1248 4709//1248 4708//1248
f 4959//1247 4712//1247 4961//1247
f 4961//1247 4712//1247 4709//1247
f 5003//1241 4713//1241 4959//1241
f 4959//1241 4713//1241 4712//1241
f 5001//1240 4708//1240 5003//1240
f 5003//1240 4708//1240 4713//1240
f 5121//1245 4744//1245 4964//1245
f 4964//1245 4744//1245 4743//1245
f 5121//1244 4746//1244 4744//1244
f 5010//1244 4746//1244 5121//1244
f 5010//1241 4747//1241 4746//1241
f 4962//1241 4747//1241 5010//1241
f 4964//1240 4743//1240 4962//1240
f 4962//1240 4743//1240 4747//1240
f 4966//1252 4742//1252 5122//1252
f 5122//1252 4742//1252 4741//1252
f 4968//1240 5157//1240 4966//1240
f 4966//1240 5157//1240 4742//1240
f 5032//1248 5154//1248 4968//1248
f 4968//1248 5154//1248 5157//1248
f 5122//1236 4741//1236 5032//1236
f 5032//1236 4741//1236 5154//1236
f 5120//1243 4772//1243 5030//1243
f 5030//1243 4772//1243 4771//1243
f 5034//1242 5153//1242 5120//1242
f 5120//1242 5153//1242 4772//1242
f 5028//1245 5149//1245 5034//1245
f 5034//1245 5149//1245 5153//1245
f 5030//1244 4771//1244 5028//1244
f 5028//1244 4771//1244 5149//1244
f 5029//1215 5148//1215 4954//1215
f 4954//1215 5148//1215 5145//1215
f 5076//1205 5161//1205 5029//1205
f 5029//1205 5161//1205 5148//1205
f 4955//1196 5144//1196 5076//1196
f 5076//1196 5144//1196 5161//1196
f 4954//1214 5145//1214 4955//1214
f 4955//1214 5145//1214 5144//1214
f 5025//1240 4730//1240 5027//1240
f 5027//1240 4730//1240 4731//1240
f 5099//1239 4728//1239 5025//1239
f 5025//1239 4728//1239 4730//1239
f 5098//193 4729//193 5099//193
f 5099//193 4729//193 4728//193
f 5077//1196 5162//1196 5098//1196
f 5098//1196 5162//1196 4729//1196
f 5027//1241 4731//1241 5077//1241
f 5077//1241 4731//1241 5162//1241
f 5073//193 4663//193 5097//193
f 5097//193 4663//193 4662//193
f 5075//1237 4687//1237 5073//1237
f 5073//1237 4687//1237 4663//1237
f 5097//1238 4662//1238 5075//1238
f 5075//1238 4662//1238 4687//1238
f 5021//1233 4716//1233 5023//1233
f 5023//1233 4716//1233 4718//1233
f 5100//193 4717//193 5021//193
f 5021//193 4717//193 4716//193
f 5023//1237 4718//1237 5100//1237
f 5100//1237 4718//1237 4717//1237
f 5033//1252 4735//1252 5026//1252
f 5026//1252 4735//1252 4733//1252
f 5035//1240 4734//1240 5033//1240
f 5033//1240 4734//1240 4735//1240
f 5024//1245 4732//1245 5035//1245
f 5035//1245 4732//1245 4734//1245
f 5026//1246 4733//1246 5024//1246
f 5024//1246 4733//1246 4732//1246
f 4965//1245 4703//1245 4991//1245
f 4991//1245 4703//1245 4702//1245
f 4963//1246 4706//1246 4965//1246
f 4965//1246 4706//1246 4703//1246
f 4999//1195 4707//1195 4963//1195
f 4963//1195 4707//1195 4706//1195
f 4991//1242 4702//1242 4999//1242
f 4999//1242 4702//1242 4707//1242
f 5000//1245 4690//1245 4986//1245
f 4986//1245 4690//1245 4691//1245
f 5002//1246 4696//1246 5000//1246
f 5000//1246 4696//1246 4690//1246
f 4984//1252 4697//1252 5002//1252
f 5002//1252 4697//1252 4696//1252
f 4986//1240 4691//1240 4984//1240
f 4984//1240 4691//1240 4697//1240
f 4983//1192 5156//1192 5036//1192
f 5036//1192 5156//1192 4911//1192
f 4981//1250 4912//1250 4983//1250
f 4983//1250 4912//1250 5156//1250
f 4912//39 4981//39 4911//39
f 4911//39 4981//39 5036//39
f 4759//39 5037//39 4758//39
f 4758//39 5037//39 5040//39
f 4765//137 4758//137 5039//137
f 5039//137 4758//137 5040//137
f 4987//1193 4766//1193 5039//1193
f 5039//1193 4766//1193 4765//1193
f 4985//1257 5155//1257 4987//1257
f 4987//1257 5155//1257 4766//1257
f 5037//1262 4759//1262 4985//1262
f 4985//1262 4759//1262 5155//1262
f 4692//137 4693//137 4996//137
f 4996//137 4693//137 4997//137
f 4993//1193 4757//1193 4996//1193
f 4996//1193 4757//1193 4692//1193
f 4998//1261 4689//1261 4993//1261
f 4993//1261 4689//1261 4757//1261
f 4988//1254 4688//1254 4998//1254
f 4998//1254 4688//1254 4689//1254
f 4997//1189 4693//1189 4988//1189
f 4988//1189 4693//1189 4688//1189
f 4704//137 4705//137 5007//137
f 5007//137 4705//137 5008//137
f 4969//1260 5158//1260 5007//1260
f 5007//1260 5158//1260 4704//1260
f 4969//1257 4700//1257 5158//1257
f 4967//1257 4700//1257 4969//1257
f 4967//1254 4701//1254 4700//1254
f 4992//1254 4701//1254 4967//1254
f 5008//1259 4705//1259 4992//1259
f 4992//1259 4705//1259 4701//1259
f 4970//1256 4738//1256 5031//1256
f 5031//1256 4738//1256 4736//1256
f 5011//1189 4739//1189 4970//1189
f 4970//1189 4739//1189 4738//1189
f 4745//137 4739//137 5012//137
f 5012//137 4739//137 5011//137
f 5014//1258 4737//1258 5012//1258
f 5012//1258 4737//1258 4745//1258
f 5031//1257 4736//1257 5014//1257
f 5014//1257 4736//1257 4737//1257
f 5018//1253 4722//1253 5016//1253
f 5016//1253 4722//1253 4721//1253
f 4768//137 4722//137 5019//137
f 5019//137 4722//137 5018//137
f 5020//193 4719//193 5019//193
f 5019//193 4719//193 4768//193
f 5022//1255 4720//1255 5020//1255
f 5020//1255 4720//1255 4719//1255
f 5016//1254 4721//1254 5022//1254
f 5022//1254 4721//1254 4720//1254
f 4723//137 4725//137 5017//137
f 5017//137 4725//137 5013//137
f 5015//1266 4724//1266 5017//1266
f 5017//1266 4724//1266 4723//1266
f 5013//1265 4725//1265 5015//1265
f 5015//1265 4725//1265 4724//1265
f 4726//137 4727//137 4972//137
f 4972//137 4727//137 5006//137
f 4971//1264 4740//1264 4972//1264
f 4972//1264 4740//1264 4726//1264
f 5006//1263 4727//1263 4971//1263
f 4971//1263 4727//1263 4740//1263
f 4760//137 4756//137 5009//137
f 5009//137 4756//137 4995//137
f 4994//1266 4755//1266 5009//1266
f 5009//1266 4755//1266 4760//1266
f 4995//1265 4756//1265 4994//1265
f 4994//1265 4756//1265 4755//1265
f 4767//137 4764//137 4990//137
f 4990//137 4764//137 5038//137
f 4989//1264 4763//1264 4990//1264
f 4990//1264 4763//1264 4767//1264
f 5038//1263 4764//1263 4989//1263
f 4989//1263 4764//1263 4763//1263
f 3046//64 3045//64 1136//64
f 1136//64 3045//64 899//64
f 852//64 3062//64 853//64
f 853//64 3062//64 3061//64
f 3078//64 3077//64 1111//64
f 1111//64 3077//64 1027//64
f 3090//64 3089//64 871//64
f 871//64 3089//64 872//64
f 3141//64 3140//64 900//64
f 900//64 3140//64 841//64
f 3086//64 3085//64 1116//64
f 1116//64 3085//64 1110//64
f 3070//64 3069//64 1028//64
f 1028//64 3069//64 868//64
f 3054//64 3053//64 854//64
f 854//64 3053//64 1135//64
f 1803//64 2019//64 3717//64
f 3717//64 2019//64 3718//64
f 1660//64 3734//64 1661//64
f 1661//64 3734//64 3733//64
f 1820//64 1909//64 3749//64
f 3749//64 1909//64 3750//64
f 1680//64 1679//64 3761//64
f 3761//64 1679//64 3762//64
f 1651//64 1804//64 3812//64
f 3812//64 1804//64 3813//64
f 1908//64 1907//64 3757//64
f 3757//64 1907//64 3758//64
f 1676//64 1821//64 3741//64
f 3741//64 1821//64 3742//64
f 2018//64 1662//64 3725//64
f 3725//64 1662//64 3726//64
f 4259//64 2233//64 4260//64
f 4260//64 2233//64 2377//64
f 4275//64 2090//64 4276//64
f 4276//64 2090//64 2089//64
f 4291//64 2300//64 4292//64
f 4292//64 2300//64 2442//64
f 4303//64 2109//64 4304//64
f 4304//64 2109//64 2108//64
f 4354//64 2080//64 4355//64
f 4355//64 2080//64 2234//64
f 4299//64 2441//64 4300//64
f 4300//64 2441//64 2440//64
f 2105//64 2301//64 4283//64
f 4283//64 2301//64 4284//64
f 4267//64 2376//64 4268//64
f 4268//64 2376//64 2091//64
f 4802//64 4801//64 1560//64
f 1560//64 4801//64 1379//64
f 4817//64 1237//64 4818//64
f 4818//64 1237//64 1236//64
f 4834//64 4833//64 1558//64
f 1558//64 4833//64 1467//64
f 4846//64 4845//64 1255//64
f 1255//64 4845//64 1256//64
f 4897//64 4896//64 1380//64
f 1380//64 4896//64 1227//64
f 4842//64 4841//64 1606//64
f 1606//64 4841//64 1557//64
f 4826//64 4825//64 1468//64
f 1468//64 4825//64 1252//64
f 4810//64 4809//64 1238//64
f 1238//64 4809//64 1559//64
f 1146//1947 804//1947 1149//1947
f 1149//1948 804//1948 803//1948
f 1145//1949 1146//1949 1150//1949
f 1150//1950 1146//1950 1149//1950
f 703//1951 1145//1951 707//1951
f 707//1952 1145//1952 1150//1952
f 1201//1953 488//1953 1199//1953
f 1201//1954 487//1954 488//1954
f 774//1955 487//1955 1201//1955
f 2733//1956 2731//1956 2686//1956
f 2686//1957 2731//1957 2690//1957
f 2732//1958 2730//1958 2733//1958
f 2733//1959 2730//1959 2731//1959
f 1314//1960 1301//1960 2732//1960
f 2732//1961 1301//1961 2730//1961
f 2743//1962 2693//1962 2746//1962
f 2746//1963 2693//1963 2688//1963
f 2745//1964 2742//1964 2746//1964
f 2746//1965 2742//1965 2743//1965
f 1272//1966 1273//1966 2745//1966
f 2745//1967 1273//1967 2742//1967
f 2752//1963 2749//1963 2694//1963
f 2694//1968 2749//1968 2697//1968
f 2751//1964 2748//1964 2752//1964
f 2752//1969 2748//1969 2749//1969
f 1279//1966 1278//1966 2751//1966
f 2751//1967 1278//1967 2748//1967
f 2758//1963 2755//1963 2698//1963
f 2698//1968 2755//1968 2702//1968
f 2757//1964 2754//1964 2758//1964
f 2758//1969 2754//1969 2755//1969
f 1277//1966 1276//1966 2757//1966
f 2757//1967 1276//1967 2754//1967
f 1195//1970 828//1970 1197//1970
f 1197//1971 828//1971 809//1971
f 1194//1972 1195//1972 1198//1972
f 1198//1973 1195//1973 1197//1973
f 701//1974 1194//1974 704//1974
f 704//1975 1194//1975 1198//1975
f 2824//5 492//5 2823//5
f 2823//1976 492//1976 495//1976
f 495//1977 492//1977 493//1977
f 493//1977 492//1977 491//1977
f 2809//1978 2821//1978 2808//1978
f 2809//1979 1235//1979 2821//1979
f 1253//1980 1235//1980 2809//1980
f 498//1981 634//1981 633//1981
f 498//1982 631//1982 634//1982
f 631//1983 498//1983 534//1983
f 534//1983 498//1983 497//1983
f 2764//1963 2761//1963 2700//1963
f 2700//1963 2761//1963 2706//1963
f 2763//1964 2760//1964 2764//1964
f 2764//1984 2760//1984 2761//1984
f 1275//1966 1274//1966 2763//1966
f 2763//1966 1274//1966 2760//1966
f 2827//1985 2793//1985 2792//1985
f 2827//1986 844//1986 2793//1986
f 843//54 844//54 2827//54
f 1177//1970 850//1970 1179//1970
f 1179//1971 850//1971 849//1971
f 1176//1987 1177//1987 1180//1987
f 1180//1973 1177//1973 1179//1973
f 687//1988 1176//1988 692//1988
f 692//1974 1176//1974 1180//1974
f 1183//1970 848//1970 1185//1970
f 1185//1971 848//1971 847//1971
f 1182//1972 1183//1972 1186//1972
f 1186//1973 1183//1973 1185//1973
f 691//1974 1182//1974 695//1974
f 695//1975 1182//1975 1186//1975
f 1189//1970 846//1970 1191//1970
f 1191//1971 846//1971 845//1971
f 1188//1972 1189//1972 1192//1972
f 1192//1973 1189//1973 1191//1973
f 697//1974 1188//1974 699//1974
f 699//1975 1188//1975 1192//1975
f 492//1989 709//1989 490//1989
f 2823//1990 2704//1990 2822//1990
f 632//1991 496//1991 633//1991
f 632//1992 495//1992 496//1992
f 495//1993 2690//1993 2823//1993
f 2823//1994 2690//1994 2688//1994
f 2823//1994 2688//1994 2693//1994
f 632//1995 2686//1995 495//1995
f 495//1996 2686//1996 2690//1996
f 2693//1994 2694//1994 2823//1994
f 2823//1994 2694//1994 2697//1994
f 2823//1994 2697//1994 2698//1994
f 2698//1994 2702//1994 2823//1994
f 2823//1994 2702//1994 2700//1994
f 2823//1994 2700//1994 2706//1994
f 2706//1994 2704//1994 2823//1994
f 688//1997 2826//1997 2792//1997
f 688//1998 2824//1998 2826//1998
f 2824//1999 703//1999 492//1999
f 492//2000 703//2000 707//2000
f 492//2001 707//2001 709//2001
f 688//1999 687//1999 2824//1999
f 2824//1999 687//1999 692//1999
f 2824//2001 692//2001 691//2001
f 691//2002 695//2002 2824//2002
f 2824//2002 695//2002 697//2002
f 2824//2002 697//2002 699//2002
f 699//2002 701//2002 2824//2002
f 2824//2002 701//2002 704//2002
f 2824//1999 704//1999 703//1999
f 490//2003 1199//2003 488//2003
f 2704//2004 2808//2004 2822//2004
f 2821//2005 2822//2005 2808//2005
f 498//2006 633//2006 496//2006
f 2826//2007 2827//2007 2792//2007
f 709//2008 1199//2008 490//2008
f 2785//2009 1370//2009 2787//2009
f 2787//2010 1370//2010 1351//2010
f 2784//2011 2785//2011 2788//2011
f 2788//2012 2785//2012 2787//2012
f 2721//2013 2784//2013 2724//2013
f 2724//2014 2784//2014 2788//2014
f 627//2015 502//2015 626//2015
f 627//2016 501//2016 502//2016
f 624//2017 501//2017 627//2017
f 2736//2018 1346//2018 2739//2018
f 2739//2019 1346//2019 1345//2019
f 2735//2020 2736//2020 2740//2020
f 2740//2021 2736//2021 2739//2021
f 2723//2022 2735//2022 2727//2022
f 2727//2023 2735//2023 2740//2023
f 2629//2024 2627//2024 2582//2024
f 2582//2024 2627//2024 2586//2024
f 2628//2025 2626//2025 2629//2025
f 2629//2026 2626//2026 2627//2026
f 2167//2027 2154//2027 2628//2027
f 2628//2027 2154//2027 2626//2027
f 2639//2028 2589//2028 2642//2028
f 2642//2029 2589//2029 2584//2029
f 2641//2030 2638//2030 2642//2030
f 2642//2031 2638//2031 2639//2031
f 2125//2032 2126//2032 2641//2032
f 2641//2033 2126//2033 2638//2033
f 2648//2029 2645//2029 2590//2029
f 2590//2034 2645//2034 2593//2034
f 2647//2030 2644//2030 2648//2030
f 2648//2035 2644//2035 2645//2035
f 2132//2032 2131//2032 2647//2032
f 2647//2033 2131//2033 2644//2033
f 2654//2029 2651//2029 2594//2029
f 2594//2034 2651//2034 2598//2034
f 2653//2030 2650//2030 2654//2030
f 2654//2035 2650//2035 2651//2035
f 2130//2032 2129//2032 2653//2032
f 2653//2033 2129//2033 2650//2033
f 2803//2036 2858//2036 2802//2036
f 2803//2037 2088//2037 2858//2037
f 2106//2038 2088//2038 2803//2038
f 2779//2009 1205//2009 2781//2009
f 2781//2010 1205//2010 1207//2010
f 2778//2011 2779//2011 2782//2011
f 2782//2012 2779//2012 2781//2012
f 2717//2013 2778//2013 2719//2013
f 2719//2014 2778//2014 2782//2014
f 512//2039 646//2039 645//2039
f 512//2040 644//2040 646//2040
f 644//2041 512//2041 542//2041
f 542//2041 512//2041 511//2041
f 2660//2029 2657//2029 2596//2029
f 2596//2029 2657//2029 2602//2029
f 2659//2030 2656//2030 2660//2030
f 2660//2042 2656//2042 2657//2042
f 2128//2032 2127//2032 2659//2032
f 2659//2032 2127//2032 2656//2032
f 2818//2043 2812//2043 2811//2043
f 2818//2044 1230//2044 2812//2044
f 1229//59 1230//59 2818//59
f 2767//2009 1234//2009 2769//2009
f 2769//2010 1234//2010 1233//2010
f 2766//2045 2767//2045 2770//2045
f 2770//2012 2767//2012 2769//2012
f 2707//2013 2766//2013 2712//2013
f 2712//2014 2766//2014 2770//2014
f 2773//2009 1232//2009 2775//2009
f 2775//2010 1232//2010 1231//2010
f 2772//2011 2773//2011 2776//2011
f 2776//2012 2773//2012 2775//2012
f 2711//2013 2772//2013 2715//2013
f 2715//2014 2772//2014 2776//2014
f 506//2046 625//2046 504//2046
f 507//35 509//35 506//35
f 506//8 509//8 2856//8
f 506//8 2856//8 2859//8
f 506//35 505//35 507//35
f 643//2047 2582//2047 509//2047
f 509//2047 2582//2047 2586//2047
f 509//2048 2586//2048 2856//2048
f 2856//2048 2586//2048 2584//2048
f 2856//2048 2584//2048 2589//2048
f 2589//2048 2590//2048 2856//2048
f 2856//2048 2590//2048 2593//2048
f 2856//2048 2593//2048 2594//2048
f 2594//2048 2598//2048 2856//2048
f 2856//2048 2598//2048 2596//2048
f 2856//2048 2596//2048 2602//2048
f 2602//2048 2600//2048 2856//2048
f 509//2049 510//2049 643//2049
f 2708//2050 2819//2050 2811//2050
f 2708//2051 2859//2051 2819//2051
f 2859//2052 2723//2052 506//2052
f 506//2053 2723//2053 2727//2053
f 506//2053 2727//2053 625//2053
f 2708//2052 2707//2052 2859//2052
f 2859//2052 2707//2052 2712//2052
f 2859//2052 2712//2052 2711//2052
f 2711//2052 2715//2052 2859//2052
f 2859//2052 2715//2052 2717//2052
f 2859//2052 2717//2052 2719//2052
f 2719//2052 2721//2052 2859//2052
f 2859//2052 2721//2052 2724//2052
f 2859//2052 2724//2052 2723//2052
f 504//2054 626//2054 502//2054
f 2858//2055 2857//2055 2802//2055
f 512//2056 645//2056 510//2056
f 2819//2057 2818//2057 2811//2057
f 625//2058 626//2058 504//2058
f 2600//2059 2802//2059 2857//2059
f 2600//2060 2857//2060 2856//2060
f 643//2061 510//2061 645//2061
f 641//2062 460//2062 640//2062
f 641//2063 459//2063 460//2063
f 638//2064 459//2064 641//2064
f 2846//2 464//2 2847//2
f 2847//2 464//2 467//2
f 467//198 464//198 465//198
f 465//198 464//198 463//198
f 2797//2065 2860//2065 2796//2065
f 2797//2066 1659//2066 2860//2066
f 1677//2067 1659//2067 2797//2067
f 470//2068 662//2068 661//2068
f 470//2069 659//2069 662//2069
f 659//2070 470//2070 515//2070
f 515//2071 470//2071 469//2071
f 2525//2072 2523//2072 2478//2072
f 2478//2073 2523//2073 2482//2073
f 2524//2074 2522//2074 2525//2074
f 2525//2075 2522//2075 2523//2075
f 1738//2076 1725//2076 2524//2076
f 2524//2076 1725//2076 2522//2076
f 2535//2077 2485//2077 2538//2077
f 2538//2078 2485//2078 2480//2078
f 2537//2079 2534//2079 2538//2079
f 2538//2080 2534//2080 2535//2080
f 1696//2081 1697//2081 2537//2081
f 2537//2082 1697//2082 2534//2082
f 2544//2078 2541//2078 2486//2078
f 2486//2078 2541//2078 2489//2078
f 2543//2079 2540//2079 2544//2079
f 2544//2083 2540//2083 2541//2083
f 1703//2081 1702//2081 2543//2081
f 2543//2082 1702//2082 2540//2082
f 2550//2078 2547//2078 2490//2078
f 2490//2078 2547//2078 2494//2078
f 2549//2079 2546//2079 2550//2079
f 2550//2083 2546//2083 2547//2083
f 1701//2081 1700//2081 2549//2081
f 2549//2082 1700//2082 2546//2082
f 2556//2084 2553//2084 2492//2084
f 2492//2078 2553//2078 2498//2078
f 2555//2085 2552//2085 2556//2085
f 2556//2086 2552//2086 2553//2086
f 1699//2081 1698//2081 2555//2081
f 2555//2081 1698//2081 2552//2081
f 2850//2087 2805//2087 2804//2087
f 2850//2088 2083//2088 2805//2088
f 2082//44 2083//44 2850//44
f 2663//2089 2087//2089 2665//2089
f 2665//2090 2087//2090 2086//2090
f 2662//2091 2663//2091 2666//2091
f 2666//2092 2663//2092 2665//2092
f 2603//2093 2662//2093 2608//2093
f 2608//2094 2662//2094 2666//2094
f 2669//2089 2085//2089 2671//2089
f 2671//2090 2085//2090 2084//2090
f 2668//2095 2669//2095 2672//2095
f 2672//2092 2669//2092 2671//2092
f 2607//2096 2668//2096 2611//2096
f 2611//2094 2668//2094 2672//2094
f 2675//2089 2071//2089 2677//2089
f 2677//2090 2071//2090 2060//2090
f 2674//2095 2675//2095 2678//2095
f 2678//2092 2675//2092 2677//2092
f 2613//2096 2674//2096 2615//2096
f 2615//2094 2674//2094 2678//2094
f 2681//2089 2204//2089 2683//2089
f 2683//2090 2204//2090 2203//2090
f 2680//2095 2681//2095 2684//2095
f 2684//2092 2681//2092 2683//2092
f 2617//2096 2680//2096 2620//2096
f 2620//2094 2680//2094 2684//2094
f 2632//2097 2199//2097 2635//2097
f 2635//2098 2199//2098 2198//2098
f 2631//2099 2632//2099 2636//2099
f 2636//2100 2632//2100 2635//2100
f 2619//2101 2631//2101 2623//2101
f 2623//2102 2631//2102 2636//2102
f 464//2103 639//2103 462//2103
f 2847//2104 2496//2104 2848//2104
f 660//2105 468//2105 661//2105
f 660//2106 467//2106 468//2106
f 467//2107 2482//2107 2847//2107
f 2847//2107 2482//2107 2480//2107
f 2847//2108 2480//2108 2485//2108
f 660//2109 2478//2109 467//2109
f 467//2110 2478//2110 2482//2110
f 2485//2108 2486//2108 2847//2108
f 2847//2108 2486//2108 2489//2108
f 2847//2108 2489//2108 2490//2108
f 2490//2108 2494//2108 2847//2108
f 2847//2109 2494//2109 2492//2109
f 2847//2107 2492//2107 2498//2107
f 2498//2107 2496//2107 2847//2107
f 2604//2111 2851//2111 2804//2111
f 2604//2112 2846//2112 2851//2112
f 2846//2113 2619//2113 464//2113
f 464//2114 2619//2114 2623//2114
f 464//2114 2623//2114 639//2114
f 2604//2113 2603//2113 2846//2113
f 2846//2113 2603//2113 2608//2113
f 2846//2113 2608//2113 2607//2113
f 2607//2113 2611//2113 2846//2113
f 2846//2113 2611//2113 2613//2113
f 2846//2113 2613//2113 2615//2113
f 2615//2113 2617//2113 2846//2113
f 2846//2113 2617//2113 2620//2113
f 2846//2113 2620//2113 2619//2113
f 462//2115 640//2115 460//2115
f 639//2116 640//2116 462//2116
f 2496//2117 2796//2117 2848//2117
f 2860//2118 2848//2118 2796//2118
f 470//2119 661//2119 468//2119
f 2851//2120 2850//2120 2804//2120
f 1143//2121 1141//2121 666//2121
f 666//2122 1141//2122 670//2122
f 1142//2123 1140//2123 1143//2123
f 1143//2124 1140//2124 1141//2124
f 768//2125 755//2125 1142//2125
f 1142//2126 755//2126 1140//2126
f 2559//2127 1658//2127 2561//2127
f 2561//2128 1658//2128 1657//2128
f 2558//2129 2559//2129 2562//2129
f 2562//2130 2559//2130 2561//2130
f 2571//2127 1629//2127 2573//2127
f 2573//2128 1629//2128 1631//2128
f 2570//2131 2571//2131 2574//2131
f 2574//2130 2571//2130 2573//2130
f 2528//2132 1770//2132 2531//2132
f 2531//2133 1770//2133 1769//2133
f 2527//2134 2528//2134 2532//2134
f 2532//2135 2528//2135 2531//2135
f 1153//2136 673//2136 1156//2136
f 1156//2137 673//2137 668//2137
f 1155//2138 1152//2138 1156//2138
f 1156//2139 1152//2139 1153//2139
f 730//2140 729//2140 1155//2140
f 1155//2141 729//2141 1152//2141
f 2565//2127 1656//2127 2567//2127
f 2567//2128 1656//2128 1655//2128
f 2564//2131 2565//2131 2568//2131
f 2568//2130 2565//2130 2567//2130
f 655//2142 474//2142 654//2142
f 655//2143 473//2143 474//2143
f 652//2144 473//2144 655//2144
f 2577//2127 1794//2127 2579//2127
f 2579//2128 1794//2128 1775//2128
f 2576//2131 2577//2131 2580//2131
f 2580//2130 2577//2130 2579//2130
f 1162//2137 1159//2137 674//2137
f 674//2137 1159//2137 677//2137
f 1161//2138 1158//2138 1162//2138
f 1162//2145 1158//2145 1159//2145
f 890//2140 889//2140 1161//2140
f 1161//2141 889//2141 1158//2141
f 1168//2137 1165//2137 678//2137
f 678//2137 1165//2137 682//2137
f 1167//2138 1164//2138 1168//2138
f 1168//2145 1164//2145 1165//2145
f 888//2140 887//2140 1167//2140
f 1167//2141 887//2141 1164//2141
f 1174//2146 1171//2146 680//2146
f 680//2137 1171//2137 686//2137
f 1173//2147 1170//2147 1174//2147
f 1174//2148 1170//2148 1171//2148
f 886//2140 885//2140 1173//2140
f 1173//2140 885//2140 1170//2140
f 2791//2149 2833//2149 2790//2149
f 2791//2150 851//2150 2833//2150
f 869//2151 851//2151 2791//2151
f 2839//2152 2800//2152 2799//2152
f 2839//2153 1654//2153 2800//2153
f 1653//2154 1654//2154 2839//2154
f 484//2155 1203//2155 1204//2155
f 484//2156 771//2156 1203//2156
f 771//2157 484//2157 581//2157
f 581//2158 484//2158 483//2158
f 479//2159 481//2159 478//2159
f 478//2160 481//2160 2835//2160
f 478//2161 2835//2161 2837//2161
f 478//2159 477//2159 479//2159
f 665//2162 666//2162 481//2162
f 481//2163 666//2163 670//2163
f 481//2164 670//2164 2835//2164
f 2835//2164 670//2164 668//2164
f 2835//2165 668//2165 673//2165
f 673//2165 674//2165 2835//2165
f 2835//2165 674//2165 677//2165
f 2835//2165 677//2165 678//2165
f 678//2165 682//2165 2835//2165
f 2835//2162 682//2162 680//2162
f 2835//2164 680//2164 686//2164
f 686//2164 684//2164 2835//2164
f 481//2166 482//2166 665//2166
f 2500//2167 2838//2167 2799//2167
f 2500//2168 2837//2168 2838//2168
f 2499//2169 2558//2169 2504//2169
f 2504//2170 2558//2170 2562//2170
f 2503//2170 2564//2170 2507//2170
f 2507//2171 2564//2171 2568//2171
f 2509//2170 2570//2170 2511//2170
f 2511//2171 2570//2171 2574//2171
f 2513//2170 2576//2170 2516//2170
f 2516//2171 2576//2171 2580//2171
f 2515//2172 2527//2172 2519//2172
f 2519//2173 2527//2173 2532//2173
f 653//2174 478//2174 2519//2174
f 2519//2175 478//2175 2515//2175
f 2515//2176 478//2176 2837//2176
f 2515//2177 2837//2177 2516//2177
f 2516//2178 2837//2178 2513//2178
f 2513//2179 2837//2179 2511//2179
f 2511//2180 2837//2180 2509//2180
f 2509//2181 2837//2181 2507//2181
f 2507//2182 2837//2182 2503//2182
f 2503//2183 2837//2183 2504//2183
f 2504//2181 2837//2181 2499//2181
f 2499//2184 2837//2184 2500//2184
f 476//2185 654//2185 474//2185
f 2833//2186 2834//2186 2790//2186
f 2838//2187 2839//2187 2799//2187
f 484//2188 1204//2188 482//2188
f 653//2189 654//2189 476//2189
f 653//2190 476//2190 478//2190
f 684//2191 2790//2191 2834//2191
f 684//2192 2834//2192 2835//2192
f 665//2193 482//2193 1204//2193
f 2840//2194 3434//2194 2841//2194
f 2841//2194 3434//2194 3433//2194
f 2836//2195 3435//2195 2840//2195
f 2840//2195 3435//2195 3434//2195
f 2832//35 3538//35 2836//35
f 2836//35 3538//35 3435//35
f 3414//2196 2831//2196 3263//2196
f 3263//2196 2831//2196 2830//2196
f 2831//2197 3414//2197 2832//2197
f 2832//2197 3414//2197 3538//2197
f 2828//2198 3415//2198 2829//2198
f 2829//2198 3415//2198 3226//2198
f 2825//2199 3475//2199 2828//2199
f 2828//2199 3475//2199 3415//2199
f 2820//2200 3476//2200 2825//2200
f 2825//2200 3476//2200 3475//2200
f 3535//2201 2813//2201 3479//2201
f 3479//2201 2813//2201 2814//2201
f 2813//2202 3535//2202 2820//2202
f 2820//2202 3535//2202 3476//2202
f 2816//2203 3430//2203 2815//2203
f 2815//2203 3430//2203 3431//2203
f 2817//2204 3429//2204 2816//2204
f 2816//2204 3429//2204 3430//2204
f 2855//24 3428//24 2817//24
f 2817//24 3428//24 3429//24
f 3536//2205 2854//2205 3526//2205
f 3526//2205 2854//2205 2853//2205
f 2854//2206 3536//2206 2855//2206
f 2855//2206 3536//2206 3428//2206
f 2849//2207 3532//2207 2852//2207
f 2852//2207 3532//2207 3516//2207
f 2845//2208 3509//2208 2849//2208
f 2849//2208 3509//2208 3532//2208
f 2844//2209 3510//2209 2845//2209
f 2845//2209 3510//2209 3509//2209
f 3537//2210 2843//2210 3463//2210
f 3463//2210 2843//2210 2842//2210
f 2843//2211 3537//2211 2844//2211
f 2844//2211 3537//2211 3510//2211
f 3436//12 5//12 617//12
f 617//12 5//12 6//12
f 2//32 3437//32 4//32
f 4//32 3437//32 620//32
f 3437//3 3436//3 620//3
f 620//3 3436//3 617//3
f 3440//2212 11//2212 608//2212
f 608//2212 11//2212 12//2212
f 8//12 3439//12 10//12
f 10//12 3439//12 618//12
f 3439//17 3440//17 618//17
f 618//17 3440//17 608//17
f 3418//2213 17//2213 578//2213
f 578//2213 17//2213 18//2213
f 14//14 3418//14 16//14
f 16//14 3418//14 578//14
f 3444//24 23//24 612//24
f 612//24 23//24 24//24
f 20//2214 3444//2214 22//2214
f 22//2214 3444//2214 612//2214
f 3438//10 25//10 619//10
f 619//10 25//10 27//10
f 26//2 3438//2 28//2
f 28//2 3438//2 619//2
f 3447//1 33//1 616//1
f 616//1 33//1 34//1
f 30//193 3448//193 32//193
f 32//193 3448//193 615//193
f 3448//2 3447//2 615//2
f 615//2 3447//2 616//2
f 3460//2215 35//2215 607//2215
f 607//2215 35//2215 37//2215
f 36//2216 3460//2216 38//2216
f 38//2216 3460//2216 607//2216
f 3413//193 39//193 579//193
f 579//193 39//193 41//193
f 40//5 3413//5 42//5
f 42//5 3413//5 579//5
f 3417//2217 43//2217 580//2217
f 580//2217 43//2217 45//2217
f 44//3 3417//3 46//3
f 46//3 3417//3 580//3
f 3442//2218 47//2218 613//2218
f 613//2218 47//2218 49//2218
f 48//193 3442//193 50//193
f 50//193 3442//193 613//193
f 3443//20 55//20 609//20
f 609//20 55//20 56//20
f 52//193 3445//193 54//193
f 54//193 3445//193 614//193
f 3445//25 3443//25 614//25
f 614//25 3443//25 609//25
f 3457//9 57//9 610//9
f 610//9 57//9 59//9
f 58//193 3457//193 60//193
f 60//193 3457//193 610//193
f 3449//24 65//24 602//24
f 602//24 65//24 66//24
f 62//193 3456//193 64//193
f 64//193 3456//193 611//193
f 3456//2219 3449//2219 611//2219
f 611//2219 3449//2219 602//2219
f 3450//9 67//9 601//9
f 601//9 67//9 69//9
f 68//193 3450//193 70//193
f 70//193 3450//193 601//193
f 3446//24 75//24 603//24
f 603//24 75//24 76//24
f 72//2214 3446//2214 74//2214
f 74//2214 3446//2214 603//2214
f 3458//20 81//20 604//20
f 604//20 81//20 82//20
f 78//2220 3458//2220 80//2220
f 80//2220 3458//2220 604//2220
f 3419//2 87//2 577//2
f 577//2 87//2 88//2
f 84//19 3419//19 86//19
f 86//19 3419//19 577//19
f 3441//1 93//1 564//1
f 564//1 93//1 94//1
f 90//17 3441//17 92//17
f 92//17 3441//17 564//17
f 3461//35 99//35 606//35
f 606//35 99//35 100//35
f 96//32 3462//32 98//32
f 98//32 3462//32 605//32
f 3462//3 3461//3 605//3
f 605//3 3461//3 606//3
f 3466//2215 101//2215 562//2215
f 562//2215 101//2215 103//2215
f 102//2216 3466//2216 104//2216
f 104//2216 3466//2216 562//2216
f 3534//2221 109//2221 561//2221
f 561//2221 109//2221 110//2221
f 106//32 3533//32 108//32
f 108//32 3533//32 560//32
f 3533//3 3534//3 560//3
f 560//3 3534//3 561//3
f 3464//17 115//17 563//17
f 563//17 115//17 116//17
f 112//8 3464//8 114//8
f 114//8 3464//8 563//8
f 3469//24 121//24 575//24
f 575//24 121//24 122//24
f 118//2 3469//2 120//2
f 120//2 3469//2 575//2
f 3420//2213 127//2213 565//2213
f 565//2213 127//2213 128//2213
f 124//8 3420//8 126//8
f 126//8 3420//8 565//8
f 3459//16 133//16 593//16
f 593//16 133//16 134//16
f 130//2 3459//2 132//2
f 132//2 3459//2 593//2
f 3470//24 139//24 592//24
f 592//24 139//24 140//24
f 136//2222 3470//2222 138//2222
f 138//2222 3470//2222 592//2222
f 3472//24 145//24 596//24
f 596//24 145//24 146//24
f 142//2214 3472//2214 144//2214
f 144//2214 3472//2214 596//2214
f 3452//24 151//24 595//24
f 595//24 151//24 152//24
f 148//193 3451//193 150//193
f 150//193 3451//193 600//193
f 3451//2219 3452//2219 600//2219
f 600//2219 3452//2219 595//2219
f 3478//24 153//24 598//24
f 598//24 153//24 155//24
f 154//193 3478//193 156//193
f 156//193 3478//193 598//193
f 3477//193 161//193 599//193
f 599//193 161//193 162//193
f 158//5 3453//5 160//5
f 160//5 3453//5 597//5
f 3453//12 3477//12 597//12
f 597//12 3477//12 599//12
f 3473//2219 167//2219 531//2219
f 531//2219 167//2219 168//2219
f 164//5 3455//5 166//5
f 166//5 3455//5 530//5
f 3455//13 3473//13 530//13
f 530//13 3473//13 531//13
f 3481//24 173//24 586//24
f 586//24 173//24 174//24
f 170//2222 3481//2222 172//2222
f 172//2222 3481//2222 586//2222
f 3454//16 179//16 529//16
f 529//16 179//16 180//16
f 176//2223 3454//2223 178//2223
f 178//2223 3454//2223 529//2223
f 3416//24 181//24 532//24
f 532//24 181//24 183//24
f 182//193 3416//193 184//193
f 184//193 3416//193 532//193
f 3474//27 185//27 533//27
f 533//27 185//27 187//27
f 186//2224 3474//2224 188//2224
f 188//2224 3474//2224 533//2224
f 3484//24 193//24 528//24
f 528//24 193//24 194//24
f 190//2222 3484//2222 192//2222
f 192//2222 3484//2222 528//2222
f 3485//2225 199//2225 590//2225
f 590//2225 199//2225 200//2225
f 196//2226 3485//2226 198//2226
f 198//2226 3485//2226 590//2226
f 3480//27 201//27 594//27
f 594//27 201//27 203//27
f 202//8 3480//8 204//8
f 204//8 3480//8 594//8
f 3488//27 209//27 588//27
f 588//27 209//27 210//27
f 206//8 3482//8 208//8
f 208//8 3482//8 587//8
f 3482//2219 3488//2219 587//2219
f 587//2219 3488//2219 588//2219
f 3471//16 215//16 527//16
f 527//16 215//16 216//16
f 212//2 3471//2 214//2
f 214//2 3471//2 527//2
f 3483//24 221//24 526//24
f 526//24 221//24 222//24
f 218//2 3483//2 220//2
f 220//2 3483//2 526//2
f 3486//24 227//24 591//24
f 591//24 227//24 228//24
f 224//2 3486//2 226//2
f 226//2 3486//2 591//2
f 3487//24 233//24 569//24
f 569//24 233//24 234//24
f 230//2 3487//2 232//2
f 232//2 3487//2 569//2
f 3492//16 239//16 574//16
f 574//16 239//16 240//16
f 236//2226 3492//2226 238//2226
f 238//2226 3492//2226 574//2226
f 3490//24 245//24 585//24
f 585//24 245//24 246//24
f 242//2 3490//2 244//2
f 244//2 3490//2 585//2
f 3489//27 247//27 589//27
f 589//27 247//27 249//27
f 248//2227 3489//2227 250//2227
f 250//2227 3489//2227 589//2227
f 3494//27 255//27 583//27
f 583//27 255//27 256//27
f 252//8 3491//8 254//8
f 254//8 3491//8 584//8
f 3491//198 3494//198 584//198
f 584//198 3494//198 583//198
f 3501//27 257//27 582//27
f 582//27 257//27 259//27
f 258//2227 3501//2227 260//2227
f 260//2227 3501//2227 582//2227
f 3495//24 265//24 573//24
f 573//24 265//24 266//24
f 262//2 3495//2 264//2
f 264//2 3495//2 573//2
f 3493//24 271//24 568//24
f 568//24 271//24 272//24
f 268//2 3493//2 270//2
f 270//2 3493//2 568//2
f 3422//2 277//2 525//2
f 525//2 277//2 278//2
f 274//8 3422//8 276//8
f 276//8 3422//8 525//8
f 3421//2 283//2 576//2
f 576//2 283//2 284//2
f 280//8 3421//8 282//8
f 282//8 3421//8 576//8
f 3503//20 289//20 524//20
f 524//20 289//20 290//20
f 286//2213 3503//2213 288//2213
f 288//2213 3503//2213 524//2213
f 3465//2226 295//2226 519//2226
f 519//2226 295//2226 296//2226
f 292//2228 3465//2228 294//2228
f 294//2228 3465//2228 519//2228
f 3511//24 301//24 558//24
f 558//24 301//24 302//24
f 298//2226 3511//2226 300//2226
f 300//2226 3511//2226 558//2226
f 3423//2226 307//2226 559//2226
f 559//2226 307//2226 308//2226
f 304//6 3423//6 306//6
f 306//6 3423//6 559//6
f 3502//16 313//16 567//16
f 567//16 313//16 314//16
f 310//2229 3502//2229 312//2229
f 312//2229 3502//2229 567//2229
f 3497//27 319//27 571//27
f 571//27 319//27 320//27
f 316//6 3496//6 318//6
f 318//6 3496//6 572//6
f 3496//2230 3497//2230 572//2230
f 572//2230 3497//2230 571//2230
f 3498//27 321//27 570//27
f 570//27 321//27 323//27
f 322//2227 3498//2227 324//2227
f 324//2227 3498//2227 570//2227
f 3499//20 329//20 554//20
f 554//20 329//20 330//20
f 326//2226 3499//2226 328//2226
f 328//2226 3499//2226 554//2226
f 3424//2226 335//2226 566//2226
f 566//2226 335//2226 336//2226
f 332//35 3424//35 334//35
f 334//35 3424//35 566//35
f 3512//20 341//20 556//20
f 556//20 341//20 342//20
f 338//2226 3512//2226 340//2226
f 340//2226 3512//2226 556//2226
f 3504//198 347//198 523//198
f 523//198 347//198 348//198
f 344//6 3504//6 346//6
f 346//6 3504//6 523//6
f 3467//18 353//18 518//18
f 518//18 353//18 354//18
f 350//6 3467//6 352//6
f 352//6 3467//6 518//6
f 3468//24 355//24 517//24
f 517//24 355//24 357//24
f 356//2216 3468//2216 358//2216
f 358//2216 3468//2216 517//2216
f 3531//35 363//35 516//35
f 516//35 363//35 364//35
f 360//4 3530//4 362//4
f 362//4 3530//4 514//4
f 3530//3 3531//3 514//3
f 514//3 3531//3 516//3
f 3505//2 369//2 522//2
f 522//2 369//2 370//2
f 366//19 3505//19 368//19
f 368//19 3505//19 522//19
f 3519//2 375//2 557//2
f 557//2 375//2 376//2
f 372//8 3519//8 374//8
f 374//8 3519//8 557//8
f 3520//24 381//24 555//24
f 555//24 381//24 382//24
f 378//2 3520//2 380//2
f 380//2 3520//2 555//2
f 3425//2226 387//2226 548//2226
f 548//2226 387//2226 388//2226
f 384//31 3425//31 386//31
f 386//31 3425//31 548//31
f 3523//27 393//27 552//27
f 552//27 393//27 394//27
f 390//8 3500//8 392//8
f 392//8 3500//8 553//8
f 3500//198 3523//198 553//198
f 553//198 3523//198 552//198
f 3426//2 399//2 550//2
f 550//2 399//2 400//2
f 396//32 3528//32 398//32
f 398//32 3528//32 545//32
f 3528//8 3426//8 545//8
f 545//8 3426//8 550//8
f 3522//26 405//26 546//26
f 546//26 405//26 406//26
f 402//31 3521//31 404//31
f 404//31 3521//31 547//31
f 3521//2 3522//2 547//2
f 547//2 3522//2 546//2
f 3432//27 407//27 551//27
f 551//27 407//27 409//27
f 408//2227 3432//2227 410//2227
f 410//2227 3432//2227 551//2227
f 3427//2 411//2 549//2
f 549//2 411//2 413//2
f 412//42 3427//42 414//42
f 414//42 3427//42 549//42
f 3529//39 415//39 544//39
f 544//39 415//39 417//39
f 416//2 3529//2 418//2
f 418//2 3529//2 544//2
f 3525//39 419//39 543//39
f 543//39 419//39 421//39
f 420//2231 3525//2231 422//2231
f 422//2231 3525//2231 543//2231
f 3518//2 427//2 540//2
f 540//2 427//2 428//2
f 424//32 3517//32 426//32
f 426//32 3517//32 539//32
f 3517//8 3518//8 539//8
f 539//8 3518//8 540//8
f 3527//39 429//39 541//39
f 541//39 429//39 431//39
f 430//2231 3527//2231 432//2231
f 432//2231 3527//2231 541//2231
f 3513//2213 437//2213 537//2213
f 537//2213 437//2213 438//2213
f 434//2232 3514//2232 436//2232
f 436//2232 3514//2232 536//2232
f 3514//8 3513//8 536//8
f 536//8 3513//8 537//8
f 3515//39 439//39 538//39
f 538//39 439//39 441//39
f 440//2233 3515//2233 442//2233
f 442//2233 3515//2233 538//2233
f 3506//17 447//17 521//17
f 521//17 447//17 448//17
f 444//2232 3507//2232 446//2232
f 446//2232 3507//2232 520//2232
f 3507//8 3506//8 520//8
f 520//8 3506//8 521//8
f 3524//39 449//39 535//39
f 535//39 449//39 451//39
f 450//2231 3524//2231 452//2231
f 452//2231 3524//2231 535//2231
f 3508//24 453//24 513//24
f 513//24 453//24 455//24
f 454//2216 3508//2216 456//2216
f 456//2216 3508//2216 513//2216
# Vertices: 5164, normals: 2233, texture coordinates: 0, faces: 11268

